Outlet_ID,Health_Score,Health_Category,Priority,Agents_Available,Agent_Coverage_%,Data_Confidence,Risk_Count,Operational_Issue_Count,Risk_Areas,Opportunities,Strategic_Recommendation,Intelligence_Summary,performance_score,health_category,alert_level,benchmark_gap_pct,revenue_growth_pct,Inventory_Health,Critical_Stock_Count,Low_Stock_Count,Overstock_Count,Wastage_Count,Avg_Stock_Availability,Avg_Freshness_Rate,Total_Wastage_Units,Total_Replenishment_Units,Avg_Inventory_Turnover,Marketing_Health,Revenue_Per_Marketing_Rupee,Marketing_Spend_Percentage,Total_Marketing_Spend,Total_Marketing_Revenue
OUT0448,0.0,Critical,Critical,5,100.0,High,5,6,"Performance, Inventory, Inventory Wastage, Marketing, Staff, Audit",Marketing Growth,Immediate management intervention required | Review outlet performance and revenue drivers | Review inventory levels and replenishment | Reduce inventory wastage and improve stock rotation | Review marketing effectiveness and conversion performance | Review staffing levels and operational efficiency | Review audit findings and compliance issues,"Health: Critical | Risk Areas: Performance, Inventory, Inventory Wastage, Marketing, Staff, Audit | Recommendation: Immediate management intervention required | Review outlet performance and revenue drivers | Review inventory levels and replenishment | Reduce inventory wastage and improve stock rotation | Review marketing effectiveness and conversion performance | Review staffing levels and operational efficiency | Review audit findings and compliance issues",15.95,Critical,Unknown,,,76.0,2,18,0,40,76.1625,96.74,1148,17376,13.6095,52.5,20.94832296442536,4.773651817848186,961607.21,20144058.4
OUT0121,0.0,Critical,Critical,5,100.0,High,5,6,"Performance, Inventory, Inventory Wastage, Marketing, Staff, Audit",Marketing Growth,Immediate management intervention required | Review outlet performance and revenue drivers | Review inventory levels and replenishment | Reduce inventory wastage and improve stock rotation | Review marketing effectiveness and conversion performance | Review staffing levels and operational efficiency | Review audit findings and compliance issues,"Health: Critical | Risk Areas: Performance, Inventory, Inventory Wastage, Marketing, Staff, Audit | Recommendation: Immediate management intervention required | Review outlet performance and revenue drivers | Review inventory levels and replenishment | Reduce inventory wastage and improve stock rotation | Review marketing effectiveness and conversion performance | Review staffing levels and operational efficiency | Review audit findings and compliance issues",18.74,Critical,Unknown,,,75.125,2,19,0,40,59.010000000000005,97.04249999999999,415,10018,17.903,37.5,19.099748241539267,5.2356711059946885,1156036.62,22080008.4
OUT0567,0.0,Critical,Critical,5,100.0,High,5,6,"Performance, Inventory, Inventory Wastage, Marketing, Staff, Audit",Marketing Growth,Immediate management intervention required | Review outlet performance and revenue drivers | Review inventory levels and replenishment | Reduce inventory wastage and improve stock rotation | Review marketing effectiveness and conversion performance | Review staffing levels and operational efficiency | Review audit findings and compliance issues,"Health: Critical | Risk Areas: Performance, Inventory, Inventory Wastage, Marketing, Staff, Audit | Recommendation: Immediate management intervention required | Review outlet performance and revenue drivers | Review inventory levels and replenishment | Reduce inventory wastage and improve stock rotation | Review marketing effectiveness and conversion performance | Review staffing levels and operational efficiency | Review audit findings and compliance issues",12.68,Critical,Unknown,,,73.5,3,19,0,40,45.93,99.29249999999999,228,27491,21.5535,52.5,19.21473868673255,5.204338275443127,716664.53,13770521.67
OUT0365,0.0,Critical,Critical,5,100.0,High,5,6,"Performance, Inventory, Inventory Wastage, Marketing, Staff, Audit",Marketing Growth,Immediate management intervention required | Review outlet performance and revenue drivers | Review inventory levels and replenishment | Reduce inventory wastage and improve stock rotation | Review marketing effectiveness and conversion performance | Review staffing levels and operational efficiency | Review audit findings and compliance issues,"Health: Critical | Risk Areas: Performance, Inventory, Inventory Wastage, Marketing, Staff, Audit | Recommendation: Immediate management intervention required | Review outlet performance and revenue drivers | Review inventory levels and replenishment | Reduce inventory wastage and improve stock rotation | Review marketing effectiveness and conversion performance | Review staffing levels and operational efficiency | Review audit findings and compliance issues",33.21,Critical,Unknown,,,69.75,8,14,0,40,41.2625,97.965,560,24382,23.962,52.5,21.083887322488412,4.742958377193488,2131195.45,44933884.73
OUT0161,0.0,Critical,Critical,5,100.0,High,5,6,"Performance, Inventory, Inventory Wastage, Marketing, Staff, Audit",Marketing Growth,Immediate management intervention required | Review outlet performance and revenue drivers | Review inventory levels and replenishment | Reduce inventory wastage and improve stock rotation | Review marketing effectiveness and conversion performance | Review staffing levels and operational efficiency | Review audit findings and compliance issues,"Health: Critical | Risk Areas: Performance, Inventory, Inventory Wastage, Marketing, Staff, Audit | Recommendation: Immediate management intervention required | Review outlet performance and revenue drivers | Review inventory levels and replenishment | Reduce inventory wastage and improve stock rotation | Review marketing effectiveness and conversion performance | Review staffing levels and operational efficiency | Review audit findings and compliance issues",38.32,Critical,Unknown,,,79.625,3,12,0,40,77.745,96.74,1184,17107,13.4745,37.5,18.408239981856106,5.432349866068891,3243272.19,59702932.8
OUT0040,0.0,Critical,Critical,5,100.0,High,5,6,"Performance, Inventory, Inventory Wastage, Marketing, Staff, Audit",Marketing Growth,Immediate management intervention required | Review outlet performance and revenue drivers | Review inventory levels and replenishment | Reduce inventory wastage and improve stock rotation | Review marketing effectiveness and conversion performance | Review staffing levels and operational efficiency | Review audit findings and compliance issues,"Health: Critical | Risk Areas: Performance, Inventory, Inventory Wastage, Marketing, Staff, Audit | Recommendation: Immediate management intervention required | Review outlet performance and revenue drivers | Review inventory levels and replenishment | Reduce inventory wastage and improve stock rotation | Review marketing effectiveness and conversion performance | Review staffing levels and operational efficiency | Review audit findings and compliance issues",44.09,Critical,Unknown,,,77.875,3,14,0,40,65.55499999999999,97.78999999999999,1267,36765,16.01525,52.5,18.112175806906027,5.521147821559396,5273106.62,95507434.15
OUT0569,0.0,Critical,Critical,5,100.0,High,5,6,"Performance, Inventory, Inventory Wastage, Marketing, Staff, Audit",Marketing Growth,Immediate management intervention required | Review outlet performance and revenue drivers | Review inventory levels and replenishment | Reduce inventory wastage and improve stock rotation | Review marketing effectiveness and conversion performance | Review staffing levels and operational efficiency | Review audit findings and compliance issues,"Health: Critical | Risk Areas: Performance, Inventory, Inventory Wastage, Marketing, Staff, Audit | Recommendation: Immediate management intervention required | Review outlet performance and revenue drivers | Review inventory levels and replenishment | Reduce inventory wastage and improve stock rotation | Review marketing effectiveness and conversion performance | Review staffing levels and operational efficiency | Review audit findings and compliance issues",24.86,Critical,Unknown,,,77.75,2,16,0,40,67.495,99.225,139,10907,16.31975,52.5,20.05177001522983,4.98709091137827,1460075.29,29277093.92
OUT0674,0.0,Critical,Critical,5,100.0,High,5,7,"Performance, Inventory, Inventory Wastage, Inventory Overstock, Marketing, Staff, Audit",Marketing Growth,Immediate management intervention required | Review outlet performance and revenue drivers | Review inventory levels and replenishment | Reduce inventory wastage and improve stock rotation | Reduce excess inventory and avoid unnecessary replenishment | Review marketing effectiveness and conversion performance | Review staffing levels and operational efficiency | Review audit findings and compliance issues,"Health: Critical | Risk Areas: Performance, Inventory, Inventory Wastage, Inventory Overstock, Marketing, Staff, Audit | Recommendation: Immediate management intervention required | Review outlet performance and revenue drivers | Review inventory levels and replenishment | Reduce inventory wastage and improve stock rotation | Reduce excess inventory and avoid unnecessary replenishment | Review marketing effectiveness and conversion performance | Review staffing levels and operational efficiency | Review audit findings and compliance issues",10.07,Critical,Unknown,,,75.75,5,12,1,40,46.1075,99.375,75,9934,22.66475,37.5,19.056403899011656,5.247579791546422,516490.89,9842459.01
OUT0355,0.0,Critical,Critical,5,100.0,High,5,6,"Performance, Inventory, Inventory Wastage, Marketing, Staff, Audit",Marketing Growth,Immediate management intervention required | Review outlet performance and revenue drivers | Review inventory levels and replenishment | Reduce inventory wastage and improve stock rotation | Review marketing effectiveness and conversion performance | Review staffing levels and operational efficiency | Review audit findings and compliance issues,"Health: Critical | Risk Areas: Performance, Inventory, Inventory Wastage, Marketing, Staff, Audit | Recommendation: Immediate management intervention required | Review outlet performance and revenue drivers | Review inventory levels and replenishment | Reduce inventory wastage and improve stock rotation | Review marketing effectiveness and conversion performance | Review staffing levels and operational efficiency | Review audit findings and compliance issues",40.26,Critical,Unknown,,,78.625,2,15,0,40,77.5275,97.94500000000001,687,16148,14.150749999999999,52.5,21.17926737731317,4.721598637879141,2293049.11,48565100.21
OUT0334,0.0,Critical,Critical,5,100.0,High,5,6,"Performance, Inventory, Inventory Wastage, Marketing, Staff, Audit",Marketing Growth,Immediate management intervention required | Review outlet performance and revenue drivers | Review inventory levels and replenishment | Reduce inventory wastage and improve stock rotation | Review marketing effectiveness and conversion performance | Review staffing levels and operational efficiency | Review audit findings and compliance issues,"Health: Critical | Risk Areas: Performance, Inventory, Inventory Wastage, Marketing, Staff, Audit | Recommendation: Immediate management intervention required | Review outlet performance and revenue drivers | Review inventory levels and replenishment | Reduce inventory wastage and improve stock rotation | Review marketing effectiveness and conversion performance | Review staffing levels and operational efficiency | Review audit findings and compliance issues",45.42,Critical,Unknown,,,74.5,4,16,0,40,68.25,99.375,340,32497,15.499500000000001,37.5,17.634412493185266,5.670730456069604,4711409.5200000005,83082938.9
OUT0588,0.0,Critical,Critical,5,100.0,High,5,6,"Performance, Inventory, Inventory Wastage, Marketing, Staff, Audit",Marketing Growth,Immediate management intervention required | Review outlet performance and revenue drivers | Review inventory levels and replenishment | Reduce inventory wastage and improve stock rotation | Review marketing effectiveness and conversion performance | Review staffing levels and operational efficiency | Review audit findings and compliance issues,"Health: Critical | Risk Areas: Performance, Inventory, Inventory Wastage, Marketing, Staff, Audit | Recommendation: Immediate management intervention required | Review outlet performance and revenue drivers | Review inventory levels and replenishment | Reduce inventory wastage and improve stock rotation | Review marketing effectiveness and conversion performance | Review staffing levels and operational efficiency | Review audit findings and compliance issues",18.55,Critical,Unknown,,,76.0,2,18,0,40,47.510000000000005,96.8125,544,14054,21.67825,37.5,17.804045529510102,5.616700981484831,1383421.87,24630505.96
OUT0497,0.0,Critical,Critical,5,100.0,High,5,7,"Performance, Inventory, Inventory Wastage, Inventory Overstock, Marketing, Staff, Audit",Marketing Growth,Immediate management intervention required | Review outlet performance and revenue drivers | Review inventory levels and replenishment | Reduce inventory wastage and improve stock rotation | Reduce excess inventory and avoid unnecessary replenishment | Review marketing effectiveness and conversion performance | Review staffing levels and operational efficiency | Review audit findings and compliance issues,"Health: Critical | Risk Areas: Performance, Inventory, Inventory Wastage, Inventory Overstock, Marketing, Staff, Audit | Recommendation: Immediate management intervention required | Review outlet performance and revenue drivers | Review inventory levels and replenishment | Reduce inventory wastage and improve stock rotation | Reduce excess inventory and avoid unnecessary replenishment | Review marketing effectiveness and conversion performance | Review staffing levels and operational efficiency | Review audit findings and compliance issues",25.71,Critical,Unknown,,,74.875,5,13,1,40,46.275,99.25750000000001,480,54850,21.89725,52.5,18.997077614720315,5.26396754427706,1763449.89,33500394.43
OUT0727,0.0,Critical,Critical,5,100.0,High,5,6,"Performance, Inventory, Inventory Wastage, Marketing, Staff, Audit",Marketing Growth,Immediate management intervention required | Review outlet performance and revenue drivers | Review inventory levels and replenishment | Reduce inventory wastage and improve stock rotation | Review marketing effectiveness and conversion performance | Review staffing levels and operational efficiency | Review audit findings and compliance issues,"Health: Critical | Risk Areas: Performance, Inventory, Inventory Wastage, Marketing, Staff, Audit | Recommendation: Immediate management intervention required | Review outlet performance and revenue drivers | Review inventory levels and replenishment | Reduce inventory wastage and improve stock rotation | Review marketing effectiveness and conversion performance | Review staffing levels and operational efficiency | Review audit findings and compliance issues",29.81,Critical,Unknown,,,77.0,3,15,0,40,68.91499999999999,99.3,160,13957,15.614250000000002,37.5,18.962102009457656,5.273676934662801,1548222.72,29357557.15
OUT0054,0.0,Critical,Critical,5,100.0,High,5,6,"Performance, Inventory, Inventory Wastage, Marketing, Staff, Audit",Marketing Growth,Immediate management intervention required | Review outlet performance and revenue drivers | Review inventory levels and replenishment | Reduce inventory wastage and improve stock rotation | Review marketing effectiveness and conversion performance | Review staffing levels and operational efficiency | Review audit findings and compliance issues,"Health: Critical | Risk Areas: Performance, Inventory, Inventory Wastage, Marketing, Staff, Audit | Recommendation: Immediate management intervention required | Review outlet performance and revenue drivers | Review inventory levels and replenishment | Reduce inventory wastage and improve stock rotation | Review marketing effectiveness and conversion performance | Review staffing levels and operational efficiency | Review audit findings and compliance issues",23.91,Critical,Unknown,,,77.0,3,15,0,40,61.61,99.33500000000001,220,22109,17.794999999999998,37.5,18.221995181877027,5.487873254376479,1921802.34,35019072.98
OUT0486,0.0,Critical,Critical,5,100.0,High,5,6,"Performance, Inventory, Inventory Wastage, Marketing, Staff, Audit",Marketing Growth,Immediate management intervention required | Review outlet performance and revenue drivers | Review inventory levels and replenishment | Reduce inventory wastage and improve stock rotation | Review marketing effectiveness and conversion performance | Review staffing levels and operational efficiency | Review audit findings and compliance issues,"Health: Critical | Risk Areas: Performance, Inventory, Inventory Wastage, Marketing, Staff, Audit | Recommendation: Immediate management intervention required | Review outlet performance and revenue drivers | Review inventory levels and replenishment | Reduce inventory wastage and improve stock rotation | Review marketing effectiveness and conversion performance | Review staffing levels and operational efficiency | Review audit findings and compliance issues",45.39,Critical,Unknown,,,75.375,4,15,0,40,47.11,96.63250000000001,1761,43668,21.399250000000002,52.5,20.75605806729065,4.817870506808295,3527955.2,73226442.99
OUT0162,0.0,Critical,Critical,5,100.0,High,5,6,"Performance, Inventory, Inventory Wastage, Marketing, Staff, Audit",Marketing Growth,Immediate management intervention required | Review outlet performance and revenue drivers | Review inventory levels and replenishment | Reduce inventory wastage and improve stock rotation | Review marketing effectiveness and conversion performance | Review staffing levels and operational efficiency | Review audit findings and compliance issues,"Health: Critical | Risk Areas: Performance, Inventory, Inventory Wastage, Marketing, Staff, Audit | Recommendation: Immediate management intervention required | Review outlet performance and revenue drivers | Review inventory levels and replenishment | Reduce inventory wastage and improve stock rotation | Review marketing effectiveness and conversion performance | Review staffing levels and operational efficiency | Review audit findings and compliance issues",14.93,Critical,Unknown,,,79.625,3,12,0,40,67.89750000000001,99.29249999999999,172,15068,16.329,37.5,18.3976397152944,5.435479852171884,1018055.15,18729811.86
OUT0270,0.0,Critical,Critical,5,100.0,High,5,6,"Performance, Inventory, Inventory Wastage, Marketing, Staff, Audit",Marketing Growth,Immediate management intervention required | Review outlet performance and revenue drivers | Review inventory levels and replenishment | Reduce inventory wastage and improve stock rotation | Review marketing effectiveness and conversion performance | Review staffing levels and operational efficiency | Review audit findings and compliance issues,"Health: Critical | Risk Areas: Performance, Inventory, Inventory Wastage, Marketing, Staff, Audit | Recommendation: Immediate management intervention required | Review outlet performance and revenue drivers | Review inventory levels and replenishment | Reduce inventory wastage and improve stock rotation | Review marketing effectiveness and conversion performance | Review staffing levels and operational efficiency | Review audit findings and compliance issues",10.13,Critical,Unknown,,,75.125,2,19,0,40,65.60249999999999,97.99,466,14884,15.849,52.5,19.732704718913723,5.067729002408391,661932.0,13061708.7
OUT0738,0.0,Critical,Critical,5,100.0,High,5,6,"Performance, Inventory, Inventory Wastage, Marketing, Staff, Audit",Marketing Growth,Immediate management intervention required | Review outlet performance and revenue drivers | Review inventory levels and replenishment | Reduce inventory wastage and improve stock rotation | Review marketing effectiveness and conversion performance | Review staffing levels and operational efficiency | Review audit findings and compliance issues,"Health: Critical | Risk Areas: Performance, Inventory, Inventory Wastage, Marketing, Staff, Audit | Recommendation: Immediate management intervention required | Review outlet performance and revenue drivers | Review inventory levels and replenishment | Reduce inventory wastage and improve stock rotation | Review marketing effectiveness and conversion performance | Review staffing levels and operational efficiency | Review audit findings and compliance issues",22.14,Critical,Unknown,,,74.0,7,11,0,40,54.692499999999995,96.8375,490,11678,19.6185,37.5,17.715205105278013,5.644868315422795,1131892.13,20051701.24
OUT0227,0.0,Critical,Critical,5,100.0,High,5,6,"Performance, Inventory, Inventory Wastage, Marketing, Staff, Audit",Marketing Growth,Immediate management intervention required | Review outlet performance and revenue drivers | Review inventory levels and replenishment | Reduce inventory wastage and improve stock rotation | Review marketing effectiveness and conversion performance | Review staffing levels and operational efficiency | Review audit findings and compliance issues,"Health: Critical | Risk Areas: Performance, Inventory, Inventory Wastage, Marketing, Staff, Audit | Recommendation: Immediate management intervention required | Review outlet performance and revenue drivers | Review inventory levels and replenishment | Reduce inventory wastage and improve stock rotation | Review marketing effectiveness and conversion performance | Review staffing levels and operational efficiency | Review audit findings and compliance issues",25.53,Critical,Unknown,,,77.0,3,15,0,40,70.88,99.2775,361,29412,14.626,52.5,21.679201739137994,4.612715966357172,1754924.57,38045363.79
OUT0306,0.0,Critical,Critical,5,100.0,High,5,6,"Performance, Inventory, Inventory Wastage, Marketing, Staff, Audit",Marketing Growth,Immediate management intervention required | Review outlet performance and revenue drivers | Review inventory levels and replenishment | Reduce inventory wastage and improve stock rotation | Review marketing effectiveness and conversion performance | Review staffing levels and operational efficiency | Review audit findings and compliance issues,"Health: Critical | Risk Areas: Performance, Inventory, Inventory Wastage, Marketing, Staff, Audit | Recommendation: Immediate management intervention required | Review outlet performance and revenue drivers | Review inventory levels and replenishment | Reduce inventory wastage and improve stock rotation | Review marketing effectiveness and conversion performance | Review staffing levels and operational efficiency | Review audit findings and compliance issues",30.89,Critical,Unknown,,,75.375,4,15,0,40,43.79,96.65,1623,41225,22.270249999999997,52.5,21.67711689099489,4.613159605258299,1698069.13,36809243.02
OUT0587,0.0,Critical,Critical,5,100.0,High,5,6,"Performance, Inventory, Inventory Wastage, Marketing, Staff, Audit",Marketing Growth,Immediate management intervention required | Review outlet performance and revenue drivers | Review inventory levels and replenishment | Reduce inventory wastage and improve stock rotation | Review marketing effectiveness and conversion performance | Review staffing levels and operational efficiency | Review audit findings and compliance issues,"Health: Critical | Risk Areas: Performance, Inventory, Inventory Wastage, Marketing, Staff, Audit | Recommendation: Immediate management intervention required | Review outlet performance and revenue drivers | Review inventory levels and replenishment | Reduce inventory wastage and improve stock rotation | Review marketing effectiveness and conversion performance | Review staffing levels and operational efficiency | Review audit findings and compliance issues",17.82,Critical,Unknown,,,80.25,1,15,0,38,69.92999999999999,99.275,62,5055,15.61525,52.5,20.70510811936944,4.829726047479602,254830.38,5276290.57
OUT0444,0.0,Critical,Critical,5,100.0,High,5,6,"Performance, Inventory, Inventory Wastage, Marketing, Staff, Audit",Marketing Growth,Immediate management intervention required | Review outlet performance and revenue drivers | Review inventory levels and replenishment | Reduce inventory wastage and improve stock rotation | Review marketing effectiveness and conversion performance | Review staffing levels and operational efficiency | Review audit findings and compliance issues,"Health: Critical | Risk Areas: Performance, Inventory, Inventory Wastage, Marketing, Staff, Audit | Recommendation: Immediate management intervention required | Review outlet performance and revenue drivers | Review inventory levels and replenishment | Reduce inventory wastage and improve stock rotation | Review marketing effectiveness and conversion performance | Review staffing levels and operational efficiency | Review audit findings and compliance issues",36.0,Critical,Unknown,,,72.875,5,16,0,40,56.89,99.28,188,18891,18.3395,37.5,19.227468461120047,5.200892681332983,1993846.17,38336614.35
OUT0022,0.0,Critical,Critical,5,100.0,High,5,6,"Performance, Inventory, Inventory Wastage, Marketing, Staff, Audit",Marketing Growth,Immediate management intervention required | Review outlet performance and revenue drivers | Review inventory levels and replenishment | Reduce inventory wastage and improve stock rotation | Review marketing effectiveness and conversion performance | Review staffing levels and operational efficiency | Review audit findings and compliance issues,"Health: Critical | Risk Areas: Performance, Inventory, Inventory Wastage, Marketing, Staff, Audit | Recommendation: Immediate management intervention required | Review outlet performance and revenue drivers | Review inventory levels and replenishment | Reduce inventory wastage and improve stock rotation | Review marketing effectiveness and conversion performance | Review staffing levels and operational efficiency | Review audit findings and compliance issues",42.68,Critical,Unknown,,,72.0,5,17,0,40,52.50750000000001,99.345,202,23964,19.53375,37.5,16.73792372434909,5.974456667796104,2898593.16,48516431.22
OUT0600,0.0,Critical,Critical,5,100.0,High,5,6,"Performance, Inventory, Inventory Wastage, Marketing, Staff, Audit",Marketing Growth,Immediate management intervention required | Review outlet performance and revenue drivers | Review inventory levels and replenishment | Reduce inventory wastage and improve stock rotation | Review marketing effectiveness and conversion performance | Review staffing levels and operational efficiency | Review audit findings and compliance issues,"Health: Critical | Risk Areas: Performance, Inventory, Inventory Wastage, Marketing, Staff, Audit | Recommendation: Immediate management intervention required | Review outlet performance and revenue drivers | Review inventory levels and replenishment | Reduce inventory wastage and improve stock rotation | Review marketing effectiveness and conversion performance | Review staffing levels and operational efficiency | Review audit findings and compliance issues",18.6,Critical,Unknown,,,78.625,2,15,0,40,66.9525,97.9975,364,11402,16.208000000000002,37.5,19.10908452270293,5.233113071491887,1014202.54,19380482.06
OUT0283,0.0,Critical,Critical,5,100.0,High,5,7,"Performance, Inventory, Inventory Wastage, Inventory Overstock, Marketing, Staff, Audit",Marketing Growth,Immediate management intervention required | Review outlet performance and revenue drivers | Review inventory levels and replenishment | Reduce inventory wastage and improve stock rotation | Reduce excess inventory and avoid unnecessary replenishment | Review marketing effectiveness and conversion performance | Review staffing levels and operational efficiency | Review audit findings and compliance issues,"Health: Critical | Risk Areas: Performance, Inventory, Inventory Wastage, Inventory Overstock, Marketing, Staff, Audit | Recommendation: Immediate management intervention required | Review outlet performance and revenue drivers | Review inventory levels and replenishment | Reduce inventory wastage and improve stock rotation | Reduce excess inventory and avoid unnecessary replenishment | Review marketing effectiveness and conversion performance | Review staffing levels and operational efficiency | Review audit findings and compliance issues",28.99,Critical,Unknown,,,77.875,1,17,1,40,68.62,96.5325,1079,18888,15.2155,37.5,18.7216814026275,5.341400585204141,1868813.78,34987336.19
OUT0098,0.0,Critical,Critical,5,100.0,High,5,6,"Performance, Inventory, Inventory Wastage, Marketing, Staff, Audit",Marketing Growth,Immediate management intervention required | Review outlet performance and revenue drivers | Review inventory levels and replenishment | Reduce inventory wastage and improve stock rotation | Review marketing effectiveness and conversion performance | Review staffing levels and operational efficiency | Review audit findings and compliance issues,"Health: Critical | Risk Areas: Performance, Inventory, Inventory Wastage, Marketing, Staff, Audit | Recommendation: Immediate management intervention required | Review outlet performance and revenue drivers | Review inventory levels and replenishment | Reduce inventory wastage and improve stock rotation | Review marketing effectiveness and conversion performance | Review staffing levels and operational efficiency | Review audit findings and compliance issues",32.47,Critical,Unknown,,,78.625,2,15,0,40,72.175,96.7,1085,18875,15.572,52.5,20.52639779532685,4.871775408287494,2675335.35,54914997.63
OUT0305,0.0,Critical,Critical,5,100.0,High,5,6,"Performance, Inventory, Inventory Wastage, Marketing, Staff, Audit",Marketing Growth,Immediate management intervention required | Review outlet performance and revenue drivers | Review inventory levels and replenishment | Reduce inventory wastage and improve stock rotation | Review marketing effectiveness and conversion performance | Review staffing levels and operational efficiency | Review audit findings and compliance issues,"Health: Critical | Risk Areas: Performance, Inventory, Inventory Wastage, Marketing, Staff, Audit | Recommendation: Immediate management intervention required | Review outlet performance and revenue drivers | Review inventory levels and replenishment | Reduce inventory wastage and improve stock rotation | Review marketing effectiveness and conversion performance | Review staffing levels and operational efficiency | Review audit findings and compliance issues",16.52,Critical,Unknown,,,77.625,1,18,0,40,62.17999999999999,98.05499999999999,284,9947,16.75675,37.5,18.709821942534603,5.3447863003261205,687236.56,12858073.67
OUT0076,0.0,Critical,Critical,5,100.0,High,5,6,"Performance, Inventory, Inventory Wastage, Marketing, Staff, Audit",Marketing Growth,Immediate management intervention required | Review outlet performance and revenue drivers | Review inventory levels and replenishment | Reduce inventory wastage and improve stock rotation | Review marketing effectiveness and conversion performance | Review staffing levels and operational efficiency | Review audit findings and compliance issues,"Health: Critical | Risk Areas: Performance, Inventory, Inventory Wastage, Marketing, Staff, Audit | Recommendation: Immediate management intervention required | Review outlet performance and revenue drivers | Review inventory levels and replenishment | Reduce inventory wastage and improve stock rotation | Review marketing effectiveness and conversion performance | Review staffing levels and operational efficiency | Review audit findings and compliance issues",42.64,Critical,Unknown,,,80.5,3,11,0,40,59.975,96.66499999999999,1374,28720,18.21325,52.5,20.069949808221907,4.982573496971764,3672982.05,73716565.39
OUT0238,0.0,Critical,Critical,5,100.0,High,5,6,"Performance, Inventory, Inventory Wastage, Marketing, Staff, Audit",Marketing Growth,Immediate management intervention required | Review outlet performance and revenue drivers | Review inventory levels and replenishment | Reduce inventory wastage and improve stock rotation | Review marketing effectiveness and conversion performance | Review staffing levels and operational efficiency | Review audit findings and compliance issues,"Health: Critical | Risk Areas: Performance, Inventory, Inventory Wastage, Marketing, Staff, Audit | Recommendation: Immediate management intervention required | Review outlet performance and revenue drivers | Review inventory levels and replenishment | Reduce inventory wastage and improve stock rotation | Review marketing effectiveness and conversion performance | Review staffing levels and operational efficiency | Review audit findings and compliance issues",47.35,Critical,Unknown,,,70.25,5,19,0,40,51.125,96.865,1181,29386,19.00925,37.5,19.070078722591493,5.243816842849965,2822203.84,53819649.4
OUT0583,0.0,Critical,Critical,5,100.0,High,5,6,"Performance, Inventory, Inventory Wastage, Marketing, Staff, Audit",Marketing Growth,Immediate management intervention required | Review outlet performance and revenue drivers | Review inventory levels and replenishment | Reduce inventory wastage and improve stock rotation | Review marketing effectiveness and conversion performance | Review staffing levels and operational efficiency | Review audit findings and compliance issues,"Health: Critical | Risk Areas: Performance, Inventory, Inventory Wastage, Marketing, Staff, Audit | Recommendation: Immediate management intervention required | Review outlet performance and revenue drivers | Review inventory levels and replenishment | Reduce inventory wastage and improve stock rotation | Review marketing effectiveness and conversion performance | Review staffing levels and operational efficiency | Review audit findings and compliance issues",15.71,Critical,Unknown,,,73.5,3,19,0,40,43.947500000000005,96.66,419,10710,22.58025,37.5,17.914646012973055,5.582024893351735,814725.62,14595521.08
OUT0715,0.0,Critical,Critical,5,100.0,High,5,6,"Performance, Inventory, Inventory Wastage, Marketing, Staff, Audit",Marketing Growth,Immediate management intervention required | Review outlet performance and revenue drivers | Review inventory levels and replenishment | Reduce inventory wastage and improve stock rotation | Review marketing effectiveness and conversion performance | Review staffing levels and operational efficiency | Review audit findings and compliance issues,"Health: Critical | Risk Areas: Performance, Inventory, Inventory Wastage, Marketing, Staff, Audit | Recommendation: Immediate management intervention required | Review outlet performance and revenue drivers | Review inventory levels and replenishment | Reduce inventory wastage and improve stock rotation | Review marketing effectiveness and conversion performance | Review staffing levels and operational efficiency | Review audit findings and compliance issues",25.27,Critical,Unknown,,,70.875,3,22,0,40,65.74249999999999,98.04249999999999,338,10838,14.5745,52.5,18.166703743132103,5.504575921639328,1180038.77,21437414.74
OUT0364,0.0,Critical,Critical,5,100.0,High,5,6,"Performance, Inventory, Inventory Wastage, Marketing, Staff, Audit",Marketing Growth,Immediate management intervention required | Review outlet performance and revenue drivers | Review inventory levels and replenishment | Reduce inventory wastage and improve stock rotation | Review marketing effectiveness and conversion performance | Review staffing levels and operational efficiency | Review audit findings and compliance issues,"Health: Critical | Risk Areas: Performance, Inventory, Inventory Wastage, Marketing, Staff, Audit | Recommendation: Immediate management intervention required | Review outlet performance and revenue drivers | Review inventory levels and replenishment | Reduce inventory wastage and improve stock rotation | Review marketing effectiveness and conversion performance | Review staffing levels and operational efficiency | Review audit findings and compliance issues",36.78,Critical,Unknown,,,74.5,4,16,0,40,70.32000000000001,99.265,289,22390,14.4335,52.5,20.624452471329494,4.8486135638758014,2846727.64,58712198.91
OUT0251,0.0,Critical,Critical,5,100.0,High,5,6,"Performance, Inventory, Inventory Wastage, Marketing, Staff, Audit",Marketing Growth,Immediate management intervention required | Review outlet performance and revenue drivers | Review inventory levels and replenishment | Reduce inventory wastage and improve stock rotation | Review marketing effectiveness and conversion performance | Review staffing levels and operational efficiency | Review audit findings and compliance issues,"Health: Critical | Risk Areas: Performance, Inventory, Inventory Wastage, Marketing, Staff, Audit | Recommendation: Immediate management intervention required | Review outlet performance and revenue drivers | Review inventory levels and replenishment | Reduce inventory wastage and improve stock rotation | Review marketing effectiveness and conversion performance | Review staffing levels and operational efficiency | Review audit findings and compliance issues",19.88,Critical,Unknown,,,76.125,3,16,0,40,49.265,96.615,1002,24015,21.035,37.5,19.22813295537344,5.200712946602248,1982838.25,38126277.5
OUT0045,0.0,Critical,Critical,5,100.0,High,5,6,"Performance, Inventory, Inventory Wastage, Marketing, Staff, Audit",Marketing Growth,Immediate management intervention required | Review outlet performance and revenue drivers | Review inventory levels and replenishment | Reduce inventory wastage and improve stock rotation | Review marketing effectiveness and conversion performance | Review staffing levels and operational efficiency | Review audit findings and compliance issues,"Health: Critical | Risk Areas: Performance, Inventory, Inventory Wastage, Marketing, Staff, Audit | Recommendation: Immediate management intervention required | Review outlet performance and revenue drivers | Review inventory levels and replenishment | Reduce inventory wastage and improve stock rotation | Review marketing effectiveness and conversion performance | Review staffing levels and operational efficiency | Review audit findings and compliance issues",6.88,Critical,Unknown,,,80.5,3,11,0,40,42.005,97.7475,261,10143,24.401249999999997,52.5,20.083349847423275,4.979249017704592,267347.46,5369232.57
OUT0172,0.0,Critical,Critical,5,100.0,High,5,6,"Performance, Inventory, Inventory Wastage, Marketing, Staff, Audit",Marketing Growth,Immediate management intervention required | Review outlet performance and revenue drivers | Review inventory levels and replenishment | Reduce inventory wastage and improve stock rotation | Review marketing effectiveness and conversion performance | Review staffing levels and operational efficiency | Review audit findings and compliance issues,"Health: Critical | Risk Areas: Performance, Inventory, Inventory Wastage, Marketing, Staff, Audit | Recommendation: Immediate management intervention required | Review outlet performance and revenue drivers | Review inventory levels and replenishment | Reduce inventory wastage and improve stock rotation | Review marketing effectiveness and conversion performance | Review staffing levels and operational efficiency | Review audit findings and compliance issues",24.37,Critical,Unknown,,,75.5,5,13,0,40,43.6175,99.245,236,27293,22.50975,37.5,19.24902825842868,5.1950674422337375,2244488.21,43204216.98
OUT0688,0.0,Critical,Critical,5,100.0,High,5,6,"Performance, Inventory, Inventory Wastage, Marketing, Staff, Audit",Marketing Growth,Immediate management intervention required | Review outlet performance and revenue drivers | Review inventory levels and replenishment | Reduce inventory wastage and improve stock rotation | Review marketing effectiveness and conversion performance | Review staffing levels and operational efficiency | Review audit findings and compliance issues,"Health: Critical | Risk Areas: Performance, Inventory, Inventory Wastage, Marketing, Staff, Audit | Recommendation: Immediate management intervention required | Review outlet performance and revenue drivers | Review inventory levels and replenishment | Reduce inventory wastage and improve stock rotation | Review marketing effectiveness and conversion performance | Review staffing levels and operational efficiency | Review audit findings and compliance issues",33.14,Critical,Unknown,,,81.25,2,12,0,40,71.7125,96.61749999999999,679,11655,15.5785,52.5,19.908358717659016,5.023015780366589,1570060.09,31257319.48
OUT0145,0.0,Critical,Critical,5,100.0,High,5,6,"Performance, Inventory, Inventory Wastage, Marketing, Staff, Audit",Marketing Growth,Immediate management intervention required | Review outlet performance and revenue drivers | Review inventory levels and replenishment | Reduce inventory wastage and improve stock rotation | Review marketing effectiveness and conversion performance | Review staffing levels and operational efficiency | Review audit findings and compliance issues,"Health: Critical | Risk Areas: Performance, Inventory, Inventory Wastage, Marketing, Staff, Audit | Recommendation: Immediate management intervention required | Review outlet performance and revenue drivers | Review inventory levels and replenishment | Reduce inventory wastage and improve stock rotation | Review marketing effectiveness and conversion performance | Review staffing levels and operational efficiency | Review audit findings and compliance issues",23.94,Critical,Unknown,,,80.25,1,15,0,40,77.2775,98.0925,585,15034,13.735249999999999,37.5,18.383921324153384,5.43953589861249,1855475.68,34110918.92
OUT0443,0.0,Critical,Critical,5,100.0,High,5,6,"Performance, Inventory, Inventory Wastage, Marketing, Staff, Audit",Marketing Growth,Immediate management intervention required | Review outlet performance and revenue drivers | Review inventory levels and replenishment | Reduce inventory wastage and improve stock rotation | Review marketing effectiveness and conversion performance | Review staffing levels and operational efficiency | Review audit findings and compliance issues,"Health: Critical | Risk Areas: Performance, Inventory, Inventory Wastage, Marketing, Staff, Audit | Recommendation: Immediate management intervention required | Review outlet performance and revenue drivers | Review inventory levels and replenishment | Reduce inventory wastage and improve stock rotation | Review marketing effectiveness and conversion performance | Review staffing levels and operational efficiency | Review audit findings and compliance issues",30.33,Critical,Unknown,,,78.5,1,17,0,40,49.6175,96.9075,1004,25857,21.86075,52.5,20.576144315126328,4.859997017346252,1823533.31,37521284.55
OUT0223,0.0,Critical,Critical,5,100.0,High,5,6,"Performance, Inventory, Inventory Wastage, Marketing, Staff, Audit",Marketing Growth,Immediate management intervention required | Review outlet performance and revenue drivers | Review inventory levels and replenishment | Reduce inventory wastage and improve stock rotation | Review marketing effectiveness and conversion performance | Review staffing levels and operational efficiency | Review audit findings and compliance issues,"Health: Critical | Risk Areas: Performance, Inventory, Inventory Wastage, Marketing, Staff, Audit | Recommendation: Immediate management intervention required | Review outlet performance and revenue drivers | Review inventory levels and replenishment | Reduce inventory wastage and improve stock rotation | Review marketing effectiveness and conversion performance | Review staffing levels and operational efficiency | Review audit findings and compliance issues",34.93,Critical,Unknown,,,78.0,4,12,0,40,69.315,96.5525,1956,33766,15.332249999999998,37.5,18.059062999913863,5.537385854430929,2585382.9,46689592.67
OUT0020,0.0,Critical,Critical,5,100.0,High,5,6,"Performance, Inventory, Inventory Wastage, Marketing, Staff, Audit",Marketing Growth,Immediate management intervention required | Review outlet performance and revenue drivers | Review inventory levels and replenishment | Reduce inventory wastage and improve stock rotation | Review marketing effectiveness and conversion performance | Review staffing levels and operational efficiency | Review audit findings and compliance issues,"Health: Critical | Risk Areas: Performance, Inventory, Inventory Wastage, Marketing, Staff, Audit | Recommendation: Immediate management intervention required | Review outlet performance and revenue drivers | Review inventory levels and replenishment | Reduce inventory wastage and improve stock rotation | Review marketing effectiveness and conversion performance | Review staffing levels and operational efficiency | Review audit findings and compliance issues",30.87,Critical,Unknown,,,73.625,4,17,0,40,55.779999999999994,98.13250000000001,361,14287,18.651,37.5,18.774884614966005,5.326264424564671,1674955.09,31447088.55
OUT0176,0.0,Critical,Critical,5,100.0,High,5,6,"Performance, Inventory, Inventory Wastage, Marketing, Staff, Audit",Marketing Growth,Immediate management intervention required | Review outlet performance and revenue drivers | Review inventory levels and replenishment | Reduce inventory wastage and improve stock rotation | Review marketing effectiveness and conversion performance | Review staffing levels and operational efficiency | Review audit findings and compliance issues,"Health: Critical | Risk Areas: Performance, Inventory, Inventory Wastage, Marketing, Staff, Audit | Recommendation: Immediate management intervention required | Review outlet performance and revenue drivers | Review inventory levels and replenishment | Reduce inventory wastage and improve stock rotation | Review marketing effectiveness and conversion performance | Review staffing levels and operational efficiency | Review audit findings and compliance issues",38.77,Critical,Unknown,,,78.625,2,15,0,40,64.7475,96.745,1160,23535,17.583000000000002,52.5,20.19392982639492,4.951983138482179,2676099.08,54040957.03
OUT0182,0.0,Critical,Critical,5,100.0,High,5,6,"Performance, Inventory, Inventory Wastage, Marketing, Staff, Audit",Marketing Growth,Immediate management intervention required | Review outlet performance and revenue drivers | Review inventory levels and replenishment | Reduce inventory wastage and improve stock rotation | Review marketing effectiveness and conversion performance | Review staffing levels and operational efficiency | Review audit findings and compliance issues,"Health: Critical | Risk Areas: Performance, Inventory, Inventory Wastage, Marketing, Staff, Audit | Recommendation: Immediate management intervention required | Review outlet performance and revenue drivers | Review inventory levels and replenishment | Reduce inventory wastage and improve stock rotation | Review marketing effectiveness and conversion performance | Review staffing levels and operational efficiency | Review audit findings and compliance issues",42.18,Critical,Unknown,,,74.5,4,16,0,40,42.68,99.255,389,45553,22.582749999999997,37.5,18.91979691935887,5.285468994526008,3934186.91,74434017.38
OUT0284,0.0,Critical,Critical,5,100.0,High,5,6,"Performance, Inventory, Inventory Wastage, Marketing, Staff, Audit",Marketing Growth,Immediate management intervention required | Review outlet performance and revenue drivers | Review inventory levels and replenishment | Reduce inventory wastage and improve stock rotation | Review marketing effectiveness and conversion performance | Review staffing levels and operational efficiency | Review audit findings and compliance issues,"Health: Critical | Risk Areas: Performance, Inventory, Inventory Wastage, Marketing, Staff, Audit | Recommendation: Immediate management intervention required | Review outlet performance and revenue drivers | Review inventory levels and replenishment | Reduce inventory wastage and improve stock rotation | Review marketing effectiveness and conversion performance | Review staffing levels and operational efficiency | Review audit findings and compliance issues",15.49,Critical,Unknown,,,71.0,4,20,0,40,55.21,99.28999999999999,69,7203,18.5385,52.5,21.221938849083173,4.712104803954808,230924.42,4900663.92
OUT0601,0.0,Critical,Critical,5,100.0,High,5,6,"Performance, Inventory, Inventory Wastage, Marketing, Staff, Audit",Marketing Growth,Immediate management intervention required | Review outlet performance and revenue drivers | Review inventory levels and replenishment | Reduce inventory wastage and improve stock rotation | Review marketing effectiveness and conversion performance | Review staffing levels and operational efficiency | Review audit findings and compliance issues,"Health: Critical | Risk Areas: Performance, Inventory, Inventory Wastage, Marketing, Staff, Audit | Recommendation: Immediate management intervention required | Review outlet performance and revenue drivers | Review inventory levels and replenishment | Reduce inventory wastage and improve stock rotation | Review marketing effectiveness and conversion performance | Review staffing levels and operational efficiency | Review audit findings and compliance issues",36.98,Critical,Unknown,,,76.875,2,17,0,40,64.53999999999999,96.635,744,14526,16.20975,52.5,20.79094186715628,4.809786908113639,1507247.27,31337090.37
OUT0368,0.0,Critical,Critical,5,100.0,High,5,6,"Performance, Inventory, Inventory Wastage, Marketing, Staff, Audit",Marketing Growth,Immediate management intervention required | Review outlet performance and revenue drivers | Review inventory levels and replenishment | Reduce inventory wastage and improve stock rotation | Review marketing effectiveness and conversion performance | Review staffing levels and operational efficiency | Review audit findings and compliance issues,"Health: Critical | Risk Areas: Performance, Inventory, Inventory Wastage, Marketing, Staff, Audit | Recommendation: Immediate management intervention required | Review outlet performance and revenue drivers | Review inventory levels and replenishment | Reduce inventory wastage and improve stock rotation | Review marketing effectiveness and conversion performance | Review staffing levels and operational efficiency | Review audit findings and compliance issues",23.34,Critical,Unknown,,,79.5,2,14,0,40,53.735,96.9675,574,14305,19.05,52.5,20.91885513627857,4.780376332669125,1126511.72,23565335.48
OUT0248,0.0,Critical,Critical,5,100.0,High,5,6,"Performance, Inventory, Inventory Wastage, Marketing, Staff, Audit",Marketing Growth,Immediate management intervention required | Review outlet performance and revenue drivers | Review inventory levels and replenishment | Reduce inventory wastage and improve stock rotation | Review marketing effectiveness and conversion performance | Review staffing levels and operational efficiency | Review audit findings and compliance issues,"Health: Critical | Risk Areas: Performance, Inventory, Inventory Wastage, Marketing, Staff, Audit | Recommendation: Immediate management intervention required | Review outlet performance and revenue drivers | Review inventory levels and replenishment | Reduce inventory wastage and improve stock rotation | Review marketing effectiveness and conversion performance | Review staffing levels and operational efficiency | Review audit findings and compliance issues",12.48,Critical,Unknown,,,73.5,3,19,0,40,53.942499999999995,96.625,290,6552,19.123250000000002,37.5,18.261376597109823,5.476038428331122,427155.19,7800441.79
OUT0184,0.0,Critical,Critical,5,100.0,High,5,6,"Performance, Inventory, Inventory Wastage, Marketing, Staff, Audit",Marketing Growth,Immediate management intervention required | Review outlet performance and revenue drivers | Review inventory levels and replenishment | Reduce inventory wastage and improve stock rotation | Review marketing effectiveness and conversion performance | Review staffing levels and operational efficiency | Review audit findings and compliance issues,"Health: Critical | Risk Areas: Performance, Inventory, Inventory Wastage, Marketing, Staff, Audit | Recommendation: Immediate management intervention required | Review outlet performance and revenue drivers | Review inventory levels and replenishment | Reduce inventory wastage and improve stock rotation | Review marketing effectiveness and conversion performance | Review staffing levels and operational efficiency | Review audit findings and compliance issues",12.08,Critical,Unknown,,,79.375,1,16,0,36,72.185,99.2525,62,4767,15.185999999999998,52.5,21.80980862815109,4.5850929600053725,285511.69,6226955.32
OUT0335,0.0,Critical,Critical,5,100.0,High,5,6,"Performance, Inventory, Inventory Wastage, Marketing, Staff, Audit",Marketing Growth,Immediate management intervention required | Review outlet performance and revenue drivers | Review inventory levels and replenishment | Reduce inventory wastage and improve stock rotation | Review marketing effectiveness and conversion performance | Review staffing levels and operational efficiency | Review audit findings and compliance issues,"Health: Critical | Risk Areas: Performance, Inventory, Inventory Wastage, Marketing, Staff, Audit | Recommendation: Immediate management intervention required | Review outlet performance and revenue drivers | Review inventory levels and replenishment | Reduce inventory wastage and improve stock rotation | Review marketing effectiveness and conversion performance | Review staffing levels and operational efficiency | Review audit findings and compliance issues",9.49,Critical,Unknown,,,77.75,2,16,0,40,58.495000000000005,98.0325,448,16168,17.81675,52.5,20.29564230280425,4.927166063928068,715086.4,14513137.79
OUT0357,0.0,Critical,Critical,5,100.0,High,5,6,"Performance, Inventory, Inventory Wastage, Marketing, Staff, Audit",Marketing Growth,Immediate management intervention required | Review outlet performance and revenue drivers | Review inventory levels and replenishment | Reduce inventory wastage and improve stock rotation | Review marketing effectiveness and conversion performance | Review staffing levels and operational efficiency | Review audit findings and compliance issues,"Health: Critical | Risk Areas: Performance, Inventory, Inventory Wastage, Marketing, Staff, Audit | Recommendation: Immediate management intervention required | Review outlet performance and revenue drivers | Review inventory levels and replenishment | Reduce inventory wastage and improve stock rotation | Review marketing effectiveness and conversion performance | Review staffing levels and operational efficiency | Review audit findings and compliance issues",21.8,Critical,Unknown,,,74.375,3,18,0,40,43.825,99.3125,128,15825,22.88025,37.5,19.129115327721447,5.227633285010438,1419550.98,27154754.41
OUT0173,0.0,Critical,Critical,5,100.0,High,5,6,"Performance, Inventory, Inventory Wastage, Marketing, Staff, Audit",Marketing Growth,Immediate management intervention required | Review outlet performance and revenue drivers | Review inventory levels and replenishment | Reduce inventory wastage and improve stock rotation | Review marketing effectiveness and conversion performance | Review staffing levels and operational efficiency | Review audit findings and compliance issues,"Health: Critical | Risk Areas: Performance, Inventory, Inventory Wastage, Marketing, Staff, Audit | Recommendation: Immediate management intervention required | Review outlet performance and revenue drivers | Review inventory levels and replenishment | Reduce inventory wastage and improve stock rotation | Review marketing effectiveness and conversion performance | Review staffing levels and operational efficiency | Review audit findings and compliance issues",33.4,Critical,Unknown,,,81.125,1,14,0,40,77.4975,96.64500000000001,939,14615,14.273249999999999,52.5,19.575572612106523,5.108407400463726,1960617.82,38380216.5
OUT0491,0.0,Critical,Critical,5,100.0,High,5,6,"Performance, Inventory, Inventory Wastage, Marketing, Staff, Audit",Marketing Growth,Immediate management intervention required | Review outlet performance and revenue drivers | Review inventory levels and replenishment | Reduce inventory wastage and improve stock rotation | Review marketing effectiveness and conversion performance | Review staffing levels and operational efficiency | Review audit findings and compliance issues,"Health: Critical | Risk Areas: Performance, Inventory, Inventory Wastage, Marketing, Staff, Audit | Recommendation: Immediate management intervention required | Review outlet performance and revenue drivers | Review inventory levels and replenishment | Reduce inventory wastage and improve stock rotation | Review marketing effectiveness and conversion performance | Review staffing levels and operational efficiency | Review audit findings and compliance issues",15.51,Critical,Unknown,,,77.875,3,14,0,40,78.9675,96.6625,304,4178,13.2955,37.5,18.31228606012396,5.460814650430548,459802.08,8420027.22
OUT0272,0.0,Critical,Critical,5,100.0,High,5,7,"Performance, Inventory, Inventory Wastage, Inventory Overstock, Marketing, Staff, Audit",Marketing Growth,Immediate management intervention required | Review outlet performance and revenue drivers | Review inventory levels and replenishment | Reduce inventory wastage and improve stock rotation | Reduce excess inventory and avoid unnecessary replenishment | Review marketing effectiveness and conversion performance | Review staffing levels and operational efficiency | Review audit findings and compliance issues,"Health: Critical | Risk Areas: Performance, Inventory, Inventory Wastage, Inventory Overstock, Marketing, Staff, Audit | Recommendation: Immediate management intervention required | Review outlet performance and revenue drivers | Review inventory levels and replenishment | Reduce inventory wastage and improve stock rotation | Reduce excess inventory and avoid unnecessary replenishment | Review marketing effectiveness and conversion performance | Review staffing levels and operational efficiency | Review audit findings and compliance issues",30.02,Critical,Unknown,,,70.25,3,22,1,40,37.394999999999996,99.25750000000001,205,25558,25.796750000000003,52.5,20.328105232748324,4.919297635221862,1542900.69,31364247.59
OUT0625,0.0,Critical,Critical,5,100.0,High,5,6,"Performance, Inventory, Inventory Wastage, Marketing, Staff, Audit",Marketing Growth,Immediate management intervention required | Review outlet performance and revenue drivers | Review inventory levels and replenishment | Reduce inventory wastage and improve stock rotation | Review marketing effectiveness and conversion performance | Review staffing levels and operational efficiency | Review audit findings and compliance issues,"Health: Critical | Risk Areas: Performance, Inventory, Inventory Wastage, Marketing, Staff, Audit | Recommendation: Immediate management intervention required | Review outlet performance and revenue drivers | Review inventory levels and replenishment | Reduce inventory wastage and improve stock rotation | Review marketing effectiveness and conversion performance | Review staffing levels and operational efficiency | Review audit findings and compliance issues",17.7,Critical,Unknown,,,81.25,2,12,0,40,71.9825,98.0775,704,20912,15.91,37.5,19.067502701086312,5.244525283025281,1113191.01,21225772.59
OUT0286,0.0,Critical,Critical,5,100.0,High,5,6,"Performance, Inventory, Inventory Wastage, Marketing, Staff, Audit",Marketing Growth,Immediate management intervention required | Review outlet performance and revenue drivers | Review inventory levels and replenishment | Reduce inventory wastage and improve stock rotation | Review marketing effectiveness and conversion performance | Review staffing levels and operational efficiency | Review audit findings and compliance issues,"Health: Critical | Risk Areas: Performance, Inventory, Inventory Wastage, Marketing, Staff, Audit | Recommendation: Immediate management intervention required | Review outlet performance and revenue drivers | Review inventory levels and replenishment | Reduce inventory wastage and improve stock rotation | Review marketing effectiveness and conversion performance | Review staffing levels and operational efficiency | Review audit findings and compliance issues",8.72,Critical,Unknown,,,77.125,4,13,0,40,76.6225,96.72999999999999,590,8893,14.131499999999999,52.5,20.219511064073792,4.945718008863276,670002.31,13547119.12
OUT0408,0.0,Critical,Critical,5,100.0,High,5,6,"Performance, Inventory, Inventory Wastage, Marketing, Staff, Audit",Marketing Growth,Immediate management intervention required | Review outlet performance and revenue drivers | Review inventory levels and replenishment | Reduce inventory wastage and improve stock rotation | Review marketing effectiveness and conversion performance | Review staffing levels and operational efficiency | Review audit findings and compliance issues,"Health: Critical | Risk Areas: Performance, Inventory, Inventory Wastage, Marketing, Staff, Audit | Recommendation: Immediate management intervention required | Review outlet performance and revenue drivers | Review inventory levels and replenishment | Reduce inventory wastage and improve stock rotation | Review marketing effectiveness and conversion performance | Review staffing levels and operational efficiency | Review audit findings and compliance issues",16.7,Critical,Unknown,,,76.0,2,18,0,40,44.614999999999995,96.815,1082,29069,22.448,52.5,20.042795491823757,4.9893239713389255,993583.16,19914184.08
OUT0653,0.0,Critical,Critical,5,100.0,High,5,6,"Performance, Inventory, Inventory Wastage, Marketing, Staff, Audit",Marketing Growth,Immediate management intervention required | Review outlet performance and revenue drivers | Review inventory levels and replenishment | Reduce inventory wastage and improve stock rotation | Review marketing effectiveness and conversion performance | Review staffing levels and operational efficiency | Review audit findings and compliance issues,"Health: Critical | Risk Areas: Performance, Inventory, Inventory Wastage, Marketing, Staff, Audit | Recommendation: Immediate management intervention required | Review outlet performance and revenue drivers | Review inventory levels and replenishment | Reduce inventory wastage and improve stock rotation | Review marketing effectiveness and conversion performance | Review staffing levels and operational efficiency | Review audit findings and compliance issues",30.61,Critical,Unknown,,,76.25,4,14,0,40,49.3275,96.39750000000001,969,21671,21.353749999999998,52.5,19.9843816215854,5.003907646158472,1812278.41,36217263.35
OUT0078,0.0,Critical,Critical,5,100.0,High,5,6,"Performance, Inventory, Inventory Wastage, Marketing, Staff, Audit",Marketing Growth,Immediate management intervention required | Review outlet performance and revenue drivers | Review inventory levels and replenishment | Reduce inventory wastage and improve stock rotation | Review marketing effectiveness and conversion performance | Review staffing levels and operational efficiency | Review audit findings and compliance issues,"Health: Critical | Risk Areas: Performance, Inventory, Inventory Wastage, Marketing, Staff, Audit | Recommendation: Immediate management intervention required | Review outlet performance and revenue drivers | Review inventory levels and replenishment | Reduce inventory wastage and improve stock rotation | Review marketing effectiveness and conversion performance | Review staffing levels and operational efficiency | Review audit findings and compliance issues",23.82,Critical,Unknown,,,72.875,5,16,0,40,47.305,96.4675,1741,40899,21.406,52.5,19.457928442244476,5.139293234468541,1826955.29,35548765.3
OUT0551,0.0,Critical,Critical,5,100.0,High,5,6,"Performance, Inventory, Inventory Wastage, Marketing, Staff, Audit",Marketing Growth,Immediate management intervention required | Review outlet performance and revenue drivers | Review inventory levels and replenishment | Reduce inventory wastage and improve stock rotation | Review marketing effectiveness and conversion performance | Review staffing levels and operational efficiency | Review audit findings and compliance issues,"Health: Critical | Risk Areas: Performance, Inventory, Inventory Wastage, Marketing, Staff, Audit | Recommendation: Immediate management intervention required | Review outlet performance and revenue drivers | Review inventory levels and replenishment | Reduce inventory wastage and improve stock rotation | Review marketing effectiveness and conversion performance | Review staffing levels and operational efficiency | Review audit findings and compliance issues",37.66,Critical,Unknown,,,74.375,3,18,0,40,67.15,96.8475,845,16744,15.75625,52.5,18.54848693120106,5.391275329945457,1760376.0,32652311.23
OUT0404,0.0,Critical,Critical,5,100.0,High,5,6,"Performance, Inventory, Inventory Wastage, Marketing, Staff, Audit",Marketing Growth,Immediate management intervention required | Review outlet performance and revenue drivers | Review inventory levels and replenishment | Reduce inventory wastage and improve stock rotation | Review marketing effectiveness and conversion performance | Review staffing levels and operational efficiency | Review audit findings and compliance issues,"Health: Critical | Risk Areas: Performance, Inventory, Inventory Wastage, Marketing, Staff, Audit | Recommendation: Immediate management intervention required | Review outlet performance and revenue drivers | Review inventory levels and replenishment | Reduce inventory wastage and improve stock rotation | Review marketing effectiveness and conversion performance | Review staffing levels and operational efficiency | Review audit findings and compliance issues",17.44,Critical,Unknown,,,73.5,3,19,0,40,73.94,99.375,75,6306,14.342250000000002,52.5,19.61655487885452,5.097735082310201,1016339.18,19937073.3
OUT0362,0.0,Critical,Critical,5,100.0,High,5,6,"Performance, Inventory, Inventory Wastage, Marketing, Staff, Audit",Marketing Growth,Immediate management intervention required | Review outlet performance and revenue drivers | Review inventory levels and replenishment | Reduce inventory wastage and improve stock rotation | Review marketing effectiveness and conversion performance | Review staffing levels and operational efficiency | Review audit findings and compliance issues,"Health: Critical | Risk Areas: Performance, Inventory, Inventory Wastage, Marketing, Staff, Audit | Recommendation: Immediate management intervention required | Review outlet performance and revenue drivers | Review inventory levels and replenishment | Reduce inventory wastage and improve stock rotation | Review marketing effectiveness and conversion performance | Review staffing levels and operational efficiency | Review audit findings and compliance issues",47.33,Critical,Unknown,,,74.625,5,14,0,40,71.0575,99.245,252,18857,14.596,52.5,21.233348778591967,4.709572712375105,2484581.25,52755980.25
OUT0323,0.16,Critical,Critical,5,100.0,High,5,6,"Performance, Inventory, Inventory Wastage, Marketing, Staff, Audit",Marketing Growth,Immediate management intervention required | Review outlet performance and revenue drivers | Review inventory levels and replenishment | Reduce inventory wastage and improve stock rotation | Review marketing effectiveness and conversion performance | Review staffing levels and operational efficiency | Review audit findings and compliance issues,"Health: Critical | Risk Areas: Performance, Inventory, Inventory Wastage, Marketing, Staff, Audit | Recommendation: Immediate management intervention required | Review outlet performance and revenue drivers | Review inventory levels and replenishment | Reduce inventory wastage and improve stock rotation | Review marketing effectiveness and conversion performance | Review staffing levels and operational efficiency | Review audit findings and compliance issues",31.52,Critical,Unknown,,,82.125,2,11,0,40,69.5025,96.595,1111,19275,15.98075,52.5,19.94400919236072,5.014036999055517,2495376.4,49767809.86
OUT0337,0.28,Critical,Critical,5,100.0,High,5,6,"Performance, Inventory, Inventory Wastage, Marketing, Staff, Audit",Marketing Growth,Immediate management intervention required | Review outlet performance and revenue drivers | Review inventory levels and replenishment | Reduce inventory wastage and improve stock rotation | Review marketing effectiveness and conversion performance | Review staffing levels and operational efficiency | Review audit findings and compliance issues,"Health: Critical | Risk Areas: Performance, Inventory, Inventory Wastage, Marketing, Staff, Audit | Recommendation: Immediate management intervention required | Review outlet performance and revenue drivers | Review inventory levels and replenishment | Reduce inventory wastage and improve stock rotation | Review marketing effectiveness and conversion performance | Review staffing levels and operational efficiency | Review audit findings and compliance issues",40.85,Critical,Unknown,,,81.125,1,14,0,40,81.0025,99.3275,152,10055,12.98425,37.5,18.59478397296547,5.377852205510304,1952667.41,36309428.66
OUT0397,0.38,Critical,Critical,5,100.0,High,5,6,"Performance, Inventory, Inventory Wastage, Marketing, Staff, Audit",Marketing Growth,Immediate management intervention required | Review outlet performance and revenue drivers | Review inventory levels and replenishment | Reduce inventory wastage and improve stock rotation | Review marketing effectiveness and conversion performance | Review staffing levels and operational efficiency | Review audit findings and compliance issues,"Health: Critical | Risk Areas: Performance, Inventory, Inventory Wastage, Marketing, Staff, Audit | Recommendation: Immediate management intervention required | Review outlet performance and revenue drivers | Review inventory levels and replenishment | Reduce inventory wastage and improve stock rotation | Review marketing effectiveness and conversion performance | Review staffing levels and operational efficiency | Review audit findings and compliance issues",27.1,Critical,Unknown,,,83.0,2,10,0,40,45.2025,99.31,301,37472,23.445500000000003,52.5,19.436597641070524,5.144933380145448,2322065.18,45133046.6
OUT0164,0.41,Critical,Critical,5,100.0,High,5,6,"Performance, Inventory, Inventory Wastage, Marketing, Staff, Audit",Marketing Growth,Immediate management intervention required | Review outlet performance and revenue drivers | Review inventory levels and replenishment | Reduce inventory wastage and improve stock rotation | Review marketing effectiveness and conversion performance | Review staffing levels and operational efficiency | Review audit findings and compliance issues,"Health: Critical | Risk Areas: Performance, Inventory, Inventory Wastage, Marketing, Staff, Audit | Recommendation: Immediate management intervention required | Review outlet performance and revenue drivers | Review inventory levels and replenishment | Reduce inventory wastage and improve stock rotation | Review marketing effectiveness and conversion performance | Review staffing levels and operational efficiency | Review audit findings and compliance issues",16.58,Critical,Unknown,,,72.625,3,20,0,40,50.68,99.3125,281,32221,19.803,52.5,20.111859189877567,4.972190738603155,1501982.36,30207657.73
OUT0564,0.5,Critical,Critical,5,100.0,High,5,6,"Performance, Inventory, Inventory Wastage, Marketing, Staff, Audit",Marketing Growth,Immediate management intervention required | Review outlet performance and revenue drivers | Review inventory levels and replenishment | Reduce inventory wastage and improve stock rotation | Review marketing effectiveness and conversion performance | Review staffing levels and operational efficiency | Review audit findings and compliance issues,"Health: Critical | Risk Areas: Performance, Inventory, Inventory Wastage, Marketing, Staff, Audit | Recommendation: Immediate management intervention required | Review outlet performance and revenue drivers | Review inventory levels and replenishment | Reduce inventory wastage and improve stock rotation | Review marketing effectiveness and conversion performance | Review staffing levels and operational efficiency | Review audit findings and compliance issues",45.46,Critical,Unknown,,,73.0,6,14,0,40,44.3425,99.2825,225,27203,22.122999999999998,52.5,19.743982808753888,5.064834231706432,2430353.2,47984851.8
OUT0056,0.62,Critical,Critical,5,100.0,High,5,6,"Performance, Inventory, Inventory Wastage, Marketing, Staff, Audit",Marketing Growth,Immediate management intervention required | Review outlet performance and revenue drivers | Review inventory levels and replenishment | Reduce inventory wastage and improve stock rotation | Review marketing effectiveness and conversion performance | Review staffing levels and operational efficiency | Review audit findings and compliance issues,"Health: Critical | Risk Areas: Performance, Inventory, Inventory Wastage, Marketing, Staff, Audit | Recommendation: Immediate management intervention required | Review outlet performance and revenue drivers | Review inventory levels and replenishment | Reduce inventory wastage and improve stock rotation | Review marketing effectiveness and conversion performance | Review staffing levels and operational efficiency | Review audit findings and compliance issues",41.98,Critical,Unknown,,,84.0,3,7,0,40,47.8775,96.9425,1363,36844,22.37425,52.5,19.828928459177487,5.043136859658025,2558836.25,50738980.94
OUT0425,0.81,Critical,Critical,5,100.0,High,5,6,"Performance, Inventory, Inventory Wastage, Marketing, Staff, Audit",Marketing Growth,Immediate management intervention required | Review outlet performance and revenue drivers | Review inventory levels and replenishment | Reduce inventory wastage and improve stock rotation | Review marketing effectiveness and conversion performance | Review staffing levels and operational efficiency | Review audit findings and compliance issues,"Health: Critical | Risk Areas: Performance, Inventory, Inventory Wastage, Marketing, Staff, Audit | Recommendation: Immediate management intervention required | Review outlet performance and revenue drivers | Review inventory levels and replenishment | Reduce inventory wastage and improve stock rotation | Review marketing effectiveness and conversion performance | Review staffing levels and operational efficiency | Review audit findings and compliance issues",17.76,Critical,Unknown,,,74.25,2,20,0,40,53.8125,98.0625,206,7970,18.79775,52.5,22.21368513255556,4.501729425049051,361970.48,8040698.27
OUT0696,0.81,Critical,Critical,5,100.0,High,5,6,"Performance, Inventory, Inventory Wastage, Marketing, Staff, Audit",Marketing Growth,Immediate management intervention required | Review outlet performance and revenue drivers | Review inventory levels and replenishment | Reduce inventory wastage and improve stock rotation | Review marketing effectiveness and conversion performance | Review staffing levels and operational efficiency | Review audit findings and compliance issues,"Health: Critical | Risk Areas: Performance, Inventory, Inventory Wastage, Marketing, Staff, Audit | Recommendation: Immediate management intervention required | Review outlet performance and revenue drivers | Review inventory levels and replenishment | Reduce inventory wastage and improve stock rotation | Review marketing effectiveness and conversion performance | Review staffing levels and operational efficiency | Review audit findings and compliance issues",32.48,Critical,Unknown,,,74.25,2,20,0,40,50.82,96.66749999999999,1138,27181,19.9935,52.5,19.39771465149881,5.1552464708657455,2676236.03,51912862.85
OUT0053,1.0,Critical,Critical,5,100.0,High,5,6,"Performance, Inventory, Inventory Wastage, Marketing, Staff, Audit",Marketing Growth,Immediate management intervention required | Review outlet performance and revenue drivers | Review inventory levels and replenishment | Reduce inventory wastage and improve stock rotation | Review marketing effectiveness and conversion performance | Review staffing levels and operational efficiency | Review audit findings and compliance issues,"Health: Critical | Risk Areas: Performance, Inventory, Inventory Wastage, Marketing, Staff, Audit | Recommendation: Immediate management intervention required | Review outlet performance and revenue drivers | Review inventory levels and replenishment | Reduce inventory wastage and improve stock rotation | Review marketing effectiveness and conversion performance | Review staffing levels and operational efficiency | Review audit findings and compliance issues",7.12,Critical,Unknown,,,75.0,1,21,0,40,53.235,96.9325,1326,33179,19.31825,52.5,20.934484152849517,4.7768074565328345,930090.24,19470959.39
OUT0607,1.03,Critical,Critical,5,100.0,High,5,6,"Performance, Inventory, Inventory Wastage, Marketing, Staff, Audit",Marketing Growth,Immediate management intervention required | Review outlet performance and revenue drivers | Review inventory levels and replenishment | Reduce inventory wastage and improve stock rotation | Review marketing effectiveness and conversion performance | Review staffing levels and operational efficiency | Review audit findings and compliance issues,"Health: Critical | Risk Areas: Performance, Inventory, Inventory Wastage, Marketing, Staff, Audit | Recommendation: Immediate management intervention required | Review outlet performance and revenue drivers | Review inventory levels and replenishment | Reduce inventory wastage and improve stock rotation | Review marketing effectiveness and conversion performance | Review staffing levels and operational efficiency | Review audit findings and compliance issues",41.84,Critical,Unknown,,,75.125,2,19,0,40,50.730000000000004,99.26,318,33703,20.006999999999998,52.5,19.31825491490851,5.176451001421812,3155221.5,60953373.25
OUT0115,1.06,Critical,Critical,5,100.0,High,5,6,"Performance, Inventory, Inventory Wastage, Marketing, Staff, Audit",Marketing Growth,Immediate management intervention required | Review outlet performance and revenue drivers | Review inventory levels and replenishment | Reduce inventory wastage and improve stock rotation | Review marketing effectiveness and conversion performance | Review staffing levels and operational efficiency | Review audit findings and compliance issues,"Health: Critical | Risk Areas: Performance, Inventory, Inventory Wastage, Marketing, Staff, Audit | Recommendation: Immediate management intervention required | Review outlet performance and revenue drivers | Review inventory levels and replenishment | Reduce inventory wastage and improve stock rotation | Review marketing effectiveness and conversion performance | Review staffing levels and operational efficiency | Review audit findings and compliance issues",27.97,Critical,Unknown,,,75.25,3,17,0,40,60.8625,98.115,528,19450,17.39975,52.5,20.13745766229005,4.965870154863825,1536446.47,30940125.74
OUT0189,1.09,Critical,Critical,5,100.0,High,5,6,"Performance, Inventory, Inventory Wastage, Marketing, Staff, Audit",Marketing Growth,Immediate management intervention required | Review outlet performance and revenue drivers | Review inventory levels and replenishment | Reduce inventory wastage and improve stock rotation | Review marketing effectiveness and conversion performance | Review staffing levels and operational efficiency | Review audit findings and compliance issues,"Health: Critical | Risk Areas: Performance, Inventory, Inventory Wastage, Marketing, Staff, Audit | Recommendation: Immediate management intervention required | Review outlet performance and revenue drivers | Review inventory levels and replenishment | Reduce inventory wastage and improve stock rotation | Review marketing effectiveness and conversion performance | Review staffing levels and operational efficiency | Review audit findings and compliance issues",17.87,Critical,Unknown,,,75.375,4,15,0,40,48.04,99.2975,92,10680,20.706,52.5,21.084759351840376,4.742762216599429,474768.85,10010386.95
OUT0310,1.09,Critical,Critical,5,100.0,High,5,6,"Performance, Inventory, Inventory Wastage, Marketing, Staff, Audit",Marketing Growth,Immediate management intervention required | Review outlet performance and revenue drivers | Review inventory levels and replenishment | Reduce inventory wastage and improve stock rotation | Review marketing effectiveness and conversion performance | Review staffing levels and operational efficiency | Review audit findings and compliance issues,"Health: Critical | Risk Areas: Performance, Inventory, Inventory Wastage, Marketing, Staff, Audit | Recommendation: Immediate management intervention required | Review outlet performance and revenue drivers | Review inventory levels and replenishment | Reduce inventory wastage and improve stock rotation | Review marketing effectiveness and conversion performance | Review staffing levels and operational efficiency | Review audit findings and compliance issues",32.14,Critical,Unknown,,,75.375,4,15,0,40,43.67,97.9425,819,34305,22.94875,52.5,22.395607108105573,4.465161382644872,2064798.82,46242423.13
OUT0391,1.22,Critical,Critical,5,100.0,High,5,6,"Performance, Inventory, Inventory Wastage, Marketing, Staff, Audit","Marketing Growth, Healthy Inventory",Immediate management intervention required | Review outlet performance and revenue drivers | Review inventory levels and replenishment | Reduce inventory wastage and improve stock rotation | Review marketing effectiveness and conversion performance | Review staffing levels and operational efficiency | Review audit findings and compliance issues,"Health: Critical | Risk Areas: Performance, Inventory, Inventory Wastage, Marketing, Staff, Audit | Recommendation: Immediate management intervention required | Review outlet performance and revenue drivers | Review inventory levels and replenishment | Reduce inventory wastage and improve stock rotation | Review marketing effectiveness and conversion performance | Review staffing levels and operational efficiency | Review audit findings and compliance issues",25.23,Critical,Unknown,,,86.375,1,8,0,40,77.82000000000001,96.83,664,10757,14.73,52.5,20.23294732969065,4.942433663792321,1605701.6,32488075.9
OUT0501,1.22,Critical,Critical,5,100.0,High,5,6,"Performance, Inventory, Inventory Wastage, Marketing, Staff, Audit",Marketing Growth,Immediate management intervention required | Review outlet performance and revenue drivers | Review inventory levels and replenishment | Reduce inventory wastage and improve stock rotation | Review marketing effectiveness and conversion performance | Review staffing levels and operational efficiency | Review audit findings and compliance issues,"Health: Critical | Risk Areas: Performance, Inventory, Inventory Wastage, Marketing, Staff, Audit | Recommendation: Immediate management intervention required | Review outlet performance and revenue drivers | Review inventory levels and replenishment | Reduce inventory wastage and improve stock rotation | Review marketing effectiveness and conversion performance | Review staffing levels and operational efficiency | Review audit findings and compliance issues",30.39,Critical,Unknown,,,75.875,1,20,0,40,42.705,96.39,1768,42753,22.788,52.5,19.320001985878168,5.175982904820319,2027314.7,39167724.03
OUT0452,1.25,Critical,Critical,5,100.0,High,5,6,"Performance, Inventory, Inventory Wastage, Marketing, Staff, Audit",Marketing Growth,Immediate management intervention required | Review outlet performance and revenue drivers | Review inventory levels and replenishment | Reduce inventory wastage and improve stock rotation | Review marketing effectiveness and conversion performance | Review staffing levels and operational efficiency | Review audit findings and compliance issues,"Health: Critical | Risk Areas: Performance, Inventory, Inventory Wastage, Marketing, Staff, Audit | Recommendation: Immediate management intervention required | Review outlet performance and revenue drivers | Review inventory levels and replenishment | Reduce inventory wastage and improve stock rotation | Review marketing effectiveness and conversion performance | Review staffing levels and operational efficiency | Review audit findings and compliance issues",14.69,Critical,Unknown,,,76.0,2,18,0,40,75.7525,99.35499999999999,224,17415,13.63025,52.5,17.521477345646115,5.707281299818525,1192421.56,20892987.35
OUT0293,1.28,Critical,Critical,5,100.0,High,5,6,"Performance, Inventory, Inventory Wastage, Marketing, Staff, Audit",Marketing Growth,Immediate management intervention required | Review outlet performance and revenue drivers | Review inventory levels and replenishment | Reduce inventory wastage and improve stock rotation | Review marketing effectiveness and conversion performance | Review staffing levels and operational efficiency | Review audit findings and compliance issues,"Health: Critical | Risk Areas: Performance, Inventory, Inventory Wastage, Marketing, Staff, Audit | Recommendation: Immediate management intervention required | Review outlet performance and revenue drivers | Review inventory levels and replenishment | Reduce inventory wastage and improve stock rotation | Review marketing effectiveness and conversion performance | Review staffing levels and operational efficiency | Review audit findings and compliance issues",38.14,Critical,Unknown,,,76.125,3,16,0,40,74.83500000000001,96.6625,1420,21804,13.93225,52.5,19.880849792616576,5.029966075048682,2291829.75,45563523.01
OUT0329,1.31,Critical,Critical,5,100.0,High,5,6,"Performance, Inventory, Inventory Wastage, Marketing, Staff, Audit",Marketing Growth,Immediate management intervention required | Review outlet performance and revenue drivers | Review inventory levels and replenishment | Reduce inventory wastage and improve stock rotation | Review marketing effectiveness and conversion performance | Review staffing levels and operational efficiency | Review audit findings and compliance issues,"Health: Critical | Risk Areas: Performance, Inventory, Inventory Wastage, Marketing, Staff, Audit | Recommendation: Immediate management intervention required | Review outlet performance and revenue drivers | Review inventory levels and replenishment | Reduce inventory wastage and improve stock rotation | Review marketing effectiveness and conversion performance | Review staffing levels and operational efficiency | Review audit findings and compliance issues",16.69,Critical,Unknown,,,76.25,4,14,0,40,44.37,99.33250000000001,81,10385,22.383,52.5,18.682939381776222,5.352476821583135,707700.38,13221923.3
OUT0565,1.47,Critical,Critical,5,100.0,High,5,6,"Performance, Inventory, Inventory Wastage, Marketing, Staff, Audit",Marketing Growth,Immediate management intervention required | Review outlet performance and revenue drivers | Review inventory levels and replenishment | Reduce inventory wastage and improve stock rotation | Review marketing effectiveness and conversion performance | Review staffing levels and operational efficiency | Review audit findings and compliance issues,"Health: Critical | Risk Areas: Performance, Inventory, Inventory Wastage, Marketing, Staff, Audit | Recommendation: Immediate management intervention required | Review outlet performance and revenue drivers | Review inventory levels and replenishment | Reduce inventory wastage and improve stock rotation | Review marketing effectiveness and conversion performance | Review staffing levels and operational efficiency | Review audit findings and compliance issues",41.44,Critical,Unknown,,,76.875,2,17,0,40,74.2,97.83250000000001,1092,26804,14.510499999999999,52.5,20.337394493112395,4.917050708431049,3577762.87,72762374.89
OUT0072,1.47,Critical,Critical,5,100.0,High,5,6,"Performance, Inventory, Inventory Wastage, Marketing, Staff, Audit",Marketing Growth,Immediate management intervention required | Review outlet performance and revenue drivers | Review inventory levels and replenishment | Reduce inventory wastage and improve stock rotation | Review marketing effectiveness and conversion performance | Review staffing levels and operational efficiency | Review audit findings and compliance issues,"Health: Critical | Risk Areas: Performance, Inventory, Inventory Wastage, Marketing, Staff, Audit | Recommendation: Immediate management intervention required | Review outlet performance and revenue drivers | Review inventory levels and replenishment | Reduce inventory wastage and improve stock rotation | Review marketing effectiveness and conversion performance | Review staffing levels and operational efficiency | Review audit findings and compliance issues",32.8,Critical,Unknown,,,76.875,2,17,0,40,46.972500000000004,99.215,463,48729,20.88425,52.5,22.07519352973273,4.529971611134987,1715156.35,37862408.36
OUT0460,1.5,Critical,Critical,5,100.0,High,5,6,"Performance, Inventory, Inventory Wastage, Marketing, Staff, Audit",Marketing Growth,Immediate management intervention required | Review outlet performance and revenue drivers | Review inventory levels and replenishment | Reduce inventory wastage and improve stock rotation | Review marketing effectiveness and conversion performance | Review staffing levels and operational efficiency | Review audit findings and compliance issues,"Health: Critical | Risk Areas: Performance, Inventory, Inventory Wastage, Marketing, Staff, Audit | Recommendation: Immediate management intervention required | Review outlet performance and revenue drivers | Review inventory levels and replenishment | Reduce inventory wastage and improve stock rotation | Review marketing effectiveness and conversion performance | Review staffing levels and operational efficiency | Review audit findings and compliance issues",27.34,Critical,Unknown,,,77.0,3,15,0,40,46.12,97.85249999999999,194,7553,22.4725,52.5,20.28024307350854,4.930907368197522,653810.45,13259434.85
OUT0094,1.69,Critical,Critical,5,100.0,High,5,6,"Performance, Inventory, Inventory Wastage, Marketing, Staff, Audit",Marketing Growth,Immediate management intervention required | Review outlet performance and revenue drivers | Review inventory levels and replenishment | Reduce inventory wastage and improve stock rotation | Review marketing effectiveness and conversion performance | Review staffing levels and operational efficiency | Review audit findings and compliance issues,"Health: Critical | Risk Areas: Performance, Inventory, Inventory Wastage, Marketing, Staff, Audit | Recommendation: Immediate management intervention required | Review outlet performance and revenue drivers | Review inventory levels and replenishment | Reduce inventory wastage and improve stock rotation | Review marketing effectiveness and conversion performance | Review staffing levels and operational efficiency | Review audit findings and compliance issues",20.49,Critical,Unknown,,,77.75,2,16,0,40,57.79,99.41499999999999,117,14403,18.12975,52.5,19.186353215650843,5.212037893601751,1162435.75,22302902.89
OUT0226,1.69,Critical,Critical,5,100.0,High,5,6,"Performance, Inventory, Inventory Wastage, Marketing, Staff, Audit",Marketing Growth,Immediate management intervention required | Review outlet performance and revenue drivers | Review inventory levels and replenishment | Reduce inventory wastage and improve stock rotation | Review marketing effectiveness and conversion performance | Review staffing levels and operational efficiency | Review audit findings and compliance issues,"Health: Critical | Risk Areas: Performance, Inventory, Inventory Wastage, Marketing, Staff, Audit | Recommendation: Immediate management intervention required | Review outlet performance and revenue drivers | Review inventory levels and replenishment | Reduce inventory wastage and improve stock rotation | Review marketing effectiveness and conversion performance | Review staffing levels and operational efficiency | Review audit findings and compliance issues",39.98,Critical,Unknown,,,77.75,2,16,0,40,51.847500000000004,96.83,1214,29692,19.779,52.5,19.786974064995476,5.053829841365533,2098190.11,41516833.29
OUT0399,1.69,Critical,Critical,5,100.0,High,5,6,"Performance, Inventory, Inventory Wastage, Marketing, Staff, Audit",Marketing Growth,Immediate management intervention required | Review outlet performance and revenue drivers | Review inventory levels and replenishment | Reduce inventory wastage and improve stock rotation | Review marketing effectiveness and conversion performance | Review staffing levels and operational efficiency | Review audit findings and compliance issues,"Health: Critical | Risk Areas: Performance, Inventory, Inventory Wastage, Marketing, Staff, Audit | Recommendation: Immediate management intervention required | Review outlet performance and revenue drivers | Review inventory levels and replenishment | Reduce inventory wastage and improve stock rotation | Review marketing effectiveness and conversion performance | Review staffing levels and operational efficiency | Review audit findings and compliance issues",30.29,Critical,Unknown,,,77.75,2,16,0,40,54.745000000000005,99.35499999999999,138,15784,19.170499999999997,52.5,19.689628994914543,5.078815859142298,1187397.74,23379420.97
OUT0225,1.72,Critical,Critical,5,100.0,High,5,6,"Performance, Inventory, Inventory Wastage, Marketing, Staff, Audit",Marketing Growth,Immediate management intervention required | Review outlet performance and revenue drivers | Review inventory levels and replenishment | Reduce inventory wastage and improve stock rotation | Review marketing effectiveness and conversion performance | Review staffing levels and operational efficiency | Review audit findings and compliance issues,"Health: Critical | Risk Areas: Performance, Inventory, Inventory Wastage, Marketing, Staff, Audit | Recommendation: Immediate management intervention required | Review outlet performance and revenue drivers | Review inventory levels and replenishment | Reduce inventory wastage and improve stock rotation | Review marketing effectiveness and conversion performance | Review staffing levels and operational efficiency | Review audit findings and compliance issues",43.24,Critical,Unknown,,,77.875,3,14,0,40,68.6725,97.995,966,29284,15.64825,52.5,20.464416034325858,4.886530836368144,4008891.71,82039627.79
OUT0263,1.72,Critical,Critical,5,100.0,High,5,6,"Performance, Inventory, Inventory Wastage, Marketing, Staff, Audit",Marketing Growth,Immediate management intervention required | Review outlet performance and revenue drivers | Review inventory levels and replenishment | Reduce inventory wastage and improve stock rotation | Review marketing effectiveness and conversion performance | Review staffing levels and operational efficiency | Review audit findings and compliance issues,"Health: Critical | Risk Areas: Performance, Inventory, Inventory Wastage, Marketing, Staff, Audit | Recommendation: Immediate management intervention required | Review outlet performance and revenue drivers | Review inventory levels and replenishment | Reduce inventory wastage and improve stock rotation | Review marketing effectiveness and conversion performance | Review staffing levels and operational efficiency | Review audit findings and compliance issues",27.48,Critical,Unknown,,,77.875,3,14,0,40,52.092499999999994,96.86749999999999,1319,32980,20.347749999999998,52.5,18.660349968470168,5.3589562987278905,2084074.03,38889550.76
OUT0148,1.72,Critical,Critical,5,100.0,High,5,6,"Performance, Inventory, Inventory Wastage, Marketing, Staff, Audit",Marketing Growth,Immediate management intervention required | Review outlet performance and revenue drivers | Review inventory levels and replenishment | Reduce inventory wastage and improve stock rotation | Review marketing effectiveness and conversion performance | Review staffing levels and operational efficiency | Review audit findings and compliance issues,"Health: Critical | Risk Areas: Performance, Inventory, Inventory Wastage, Marketing, Staff, Audit | Recommendation: Immediate management intervention required | Review outlet performance and revenue drivers | Review inventory levels and replenishment | Reduce inventory wastage and improve stock rotation | Review marketing effectiveness and conversion performance | Review staffing levels and operational efficiency | Review audit findings and compliance issues",25.05,Critical,Unknown,,,77.875,3,14,0,40,49.025,96.62,950,22663,20.913,52.5,18.762793592088467,5.329696748471724,1662544.8,31193984.92
OUT0498,1.72,Critical,Critical,5,100.0,High,5,6,"Performance, Inventory, Inventory Wastage, Marketing, Staff, Audit",Marketing Growth,Immediate management intervention required | Review outlet performance and revenue drivers | Review inventory levels and replenishment | Reduce inventory wastage and improve stock rotation | Review marketing effectiveness and conversion performance | Review staffing levels and operational efficiency | Review audit findings and compliance issues,"Health: Critical | Risk Areas: Performance, Inventory, Inventory Wastage, Marketing, Staff, Audit | Recommendation: Immediate management intervention required | Review outlet performance and revenue drivers | Review inventory levels and replenishment | Reduce inventory wastage and improve stock rotation | Review marketing effectiveness and conversion performance | Review staffing levels and operational efficiency | Review audit findings and compliance issues",10.33,Critical,Unknown,,,77.875,3,14,0,40,57.8125,96.735,507,11298,18.4665,52.5,20.75821184507804,4.817370626444923,451523.07,9372811.54
OUT0442,1.88,Critical,Critical,5,100.0,High,5,6,"Performance, Inventory, Inventory Wastage, Marketing, Staff, Audit",Marketing Growth,Immediate management intervention required | Review outlet performance and revenue drivers | Review inventory levels and replenishment | Reduce inventory wastage and improve stock rotation | Review marketing effectiveness and conversion performance | Review staffing levels and operational efficiency | Review audit findings and compliance issues,"Health: Critical | Risk Areas: Performance, Inventory, Inventory Wastage, Marketing, Staff, Audit | Recommendation: Immediate management intervention required | Review outlet performance and revenue drivers | Review inventory levels and replenishment | Reduce inventory wastage and improve stock rotation | Review marketing effectiveness and conversion performance | Review staffing levels and operational efficiency | Review audit findings and compliance issues",5.95,Critical,Unknown,,,78.5,1,17,0,40,54.2875,99.325,177,19969,19.85825,52.5,19.511033891003244,5.125305022719022,803535.67,15677811.69
OUT0125,1.88,Critical,Critical,5,100.0,High,5,6,"Performance, Inventory, Inventory Wastage, Marketing, Staff, Audit",Marketing Growth,Immediate management intervention required | Review outlet performance and revenue drivers | Review inventory levels and replenishment | Reduce inventory wastage and improve stock rotation | Review marketing effectiveness and conversion performance | Review staffing levels and operational efficiency | Review audit findings and compliance issues,"Health: Critical | Risk Areas: Performance, Inventory, Inventory Wastage, Marketing, Staff, Audit | Recommendation: Immediate management intervention required | Review outlet performance and revenue drivers | Review inventory levels and replenishment | Reduce inventory wastage and improve stock rotation | Review marketing effectiveness and conversion performance | Review staffing levels and operational efficiency | Review audit findings and compliance issues",24.85,Critical,Unknown,,,78.5,1,17,0,40,77.7175,98.08250000000001,611,15883,13.981,52.5,16.866594298059876,5.928879193560894,2060543.56,34754352.26
OUT0387,1.94,Critical,Critical,5,100.0,High,5,6,"Performance, Inventory, Inventory Wastage, Marketing, Staff, Audit",Marketing Growth,Immediate management intervention required | Review outlet performance and revenue drivers | Review inventory levels and replenishment | Reduce inventory wastage and improve stock rotation | Review marketing effectiveness and conversion performance | Review staffing levels and operational efficiency | Review audit findings and compliance issues,"Health: Critical | Risk Areas: Performance, Inventory, Inventory Wastage, Marketing, Staff, Audit | Recommendation: Immediate management intervention required | Review outlet performance and revenue drivers | Review inventory levels and replenishment | Reduce inventory wastage and improve stock rotation | Review marketing effectiveness and conversion performance | Review staffing levels and operational efficiency | Review audit findings and compliance issues",23.82,Critical,Unknown,,,78.75,3,13,0,40,42.1275,99.3,188,23602,23.48575,52.5,19.98721540326212,5.003198193565222,1337673.01,26736358.59
OUT0289,2.12,Critical,Critical,5,100.0,High,5,6,"Performance, Inventory, Inventory Wastage, Marketing, Staff, Audit",Marketing Growth,Immediate management intervention required | Review outlet performance and revenue drivers | Review inventory levels and replenishment | Reduce inventory wastage and improve stock rotation | Review marketing effectiveness and conversion performance | Review staffing levels and operational efficiency | Review audit findings and compliance issues,"Health: Critical | Risk Areas: Performance, Inventory, Inventory Wastage, Marketing, Staff, Audit | Recommendation: Immediate management intervention required | Review outlet performance and revenue drivers | Review inventory levels and replenishment | Reduce inventory wastage and improve stock rotation | Review marketing effectiveness and conversion performance | Review staffing levels and operational efficiency | Review audit findings and compliance issues",18.82,Critical,Unknown,,,79.5,2,14,0,40,63.0875,99.24249999999999,98,8497,16.9115,52.5,21.14820208011115,4.728534351108982,427259.86,9035777.86
OUT0191,2.12,Critical,Critical,5,100.0,High,5,6,"Performance, Inventory, Inventory Wastage, Marketing, Staff, Audit",Marketing Growth,Immediate management intervention required | Review outlet performance and revenue drivers | Review inventory levels and replenishment | Reduce inventory wastage and improve stock rotation | Review marketing effectiveness and conversion performance | Review staffing levels and operational efficiency | Review audit findings and compliance issues,"Health: Critical | Risk Areas: Performance, Inventory, Inventory Wastage, Marketing, Staff, Audit | Recommendation: Immediate management intervention required | Review outlet performance and revenue drivers | Review inventory levels and replenishment | Reduce inventory wastage and improve stock rotation | Review marketing effectiveness and conversion performance | Review staffing levels and operational efficiency | Review audit findings and compliance issues",15.53,Critical,Unknown,,,79.5,2,14,0,40,71.3725,96.87,772,14011,15.427000000000001,52.5,20.846652271126416,4.7969332773159294,848823.0700000001,17695119.38
OUT0006,2.12,Critical,Critical,5,100.0,High,5,6,"Performance, Inventory, Inventory Wastage, Marketing, Staff, Audit",Marketing Growth,Immediate management intervention required | Review outlet performance and revenue drivers | Review inventory levels and replenishment | Reduce inventory wastage and improve stock rotation | Review marketing effectiveness and conversion performance | Review staffing levels and operational efficiency | Review audit findings and compliance issues,"Health: Critical | Risk Areas: Performance, Inventory, Inventory Wastage, Marketing, Staff, Audit | Recommendation: Immediate management intervention required | Review outlet performance and revenue drivers | Review inventory levels and replenishment | Reduce inventory wastage and improve stock rotation | Review marketing effectiveness and conversion performance | Review staffing levels and operational efficiency | Review audit findings and compliance issues",19.67,Critical,Unknown,,,79.5,2,14,0,40,77.8775,96.63,784,11303,14.107,52.5,18.96574098732753,5.272665068389244,997395.06,18916336.37
OUT0566,2.16,Critical,Critical,5,100.0,High,5,6,"Performance, Inventory, Inventory Wastage, Marketing, Staff, Audit",Marketing Growth,Immediate management intervention required | Review outlet performance and revenue drivers | Review inventory levels and replenishment | Reduce inventory wastage and improve stock rotation | Review marketing effectiveness and conversion performance | Review staffing levels and operational efficiency | Review audit findings and compliance issues,"Health: Critical | Risk Areas: Performance, Inventory, Inventory Wastage, Marketing, Staff, Audit | Recommendation: Immediate management intervention required | Review outlet performance and revenue drivers | Review inventory levels and replenishment | Reduce inventory wastage and improve stock rotation | Review marketing effectiveness and conversion performance | Review staffing levels and operational efficiency | Review audit findings and compliance issues",28.1,Critical,Unknown,,,79.625,3,12,0,40,49.052499999999995,96.70750000000001,1679,41870,20.517500000000002,52.5,18.587654251654453,5.379915004126957,2498580.17,46442744.32
OUT0555,2.53,Critical,Critical,5,100.0,High,5,6,"Performance, Inventory, Inventory Wastage, Marketing, Staff, Audit",Marketing Growth,Immediate management intervention required | Review outlet performance and revenue drivers | Review inventory levels and replenishment | Reduce inventory wastage and improve stock rotation | Review marketing effectiveness and conversion performance | Review staffing levels and operational efficiency | Review audit findings and compliance issues,"Health: Critical | Risk Areas: Performance, Inventory, Inventory Wastage, Marketing, Staff, Audit | Recommendation: Immediate management intervention required | Review outlet performance and revenue drivers | Review inventory levels and replenishment | Reduce inventory wastage and improve stock rotation | Review marketing effectiveness and conversion performance | Review staffing levels and operational efficiency | Review audit findings and compliance issues",24.85,Critical,Unknown,,,81.125,1,14,0,40,82.5775,97.9625,573,12514,13.15325,52.5,19.942283788159603,5.014470812985488,1928688.43,38462452.01
OUT0449,2.53,Critical,Critical,5,100.0,High,5,6,"Performance, Inventory, Inventory Wastage, Marketing, Staff, Audit",Marketing Growth,Immediate management intervention required | Review outlet performance and revenue drivers | Review inventory levels and replenishment | Reduce inventory wastage and improve stock rotation | Review marketing effectiveness and conversion performance | Review staffing levels and operational efficiency | Review audit findings and compliance issues,"Health: Critical | Risk Areas: Performance, Inventory, Inventory Wastage, Marketing, Staff, Audit | Recommendation: Immediate management intervention required | Review outlet performance and revenue drivers | Review inventory levels and replenishment | Reduce inventory wastage and improve stock rotation | Review marketing effectiveness and conversion performance | Review staffing levels and operational efficiency | Review audit findings and compliance issues",14.97,Critical,Unknown,,,81.125,1,14,0,40,66.885,99.3,65,5887,16.2915,52.5,20.26442429366724,4.934756524578429,198235.53,4017128.89
OUT0396,2.78,Critical,Critical,5,100.0,High,5,6,"Performance, Inventory, Inventory Wastage, Marketing, Staff, Audit",Marketing Growth,Immediate management intervention required | Review outlet performance and revenue drivers | Review inventory levels and replenishment | Reduce inventory wastage and improve stock rotation | Review marketing effectiveness and conversion performance | Review staffing levels and operational efficiency | Review audit findings and compliance issues,"Health: Critical | Risk Areas: Performance, Inventory, Inventory Wastage, Marketing, Staff, Audit | Recommendation: Immediate management intervention required | Review outlet performance and revenue drivers | Review inventory levels and replenishment | Reduce inventory wastage and improve stock rotation | Review marketing effectiveness and conversion performance | Review staffing levels and operational efficiency | Review audit findings and compliance issues",34.48,Critical,Unknown,,,82.125,2,11,0,40,79.2775,96.71000000000001,2183,32575,14.08075,52.5,18.414448699358765,5.430518264903703,3961492.49,72948700.23
OUT0150,2.81,Critical,Critical,5,100.0,High,5,6,"Performance, Inventory, Inventory Wastage, Marketing, Staff, Audit",Marketing Growth,Immediate management intervention required | Review outlet performance and revenue drivers | Review inventory levels and replenishment | Reduce inventory wastage and improve stock rotation | Review marketing effectiveness and conversion performance | Review staffing levels and operational efficiency | Review audit findings and compliance issues,"Health: Critical | Risk Areas: Performance, Inventory, Inventory Wastage, Marketing, Staff, Audit | Recommendation: Immediate management intervention required | Review outlet performance and revenue drivers | Review inventory levels and replenishment | Reduce inventory wastage and improve stock rotation | Review marketing effectiveness and conversion performance | Review staffing levels and operational efficiency | Review audit findings and compliance issues",28.18,Critical,Unknown,,,82.25,3,9,0,40,42.4125,98.04249999999999,434,19347,23.6525,52.5,20.415033975962785,4.898350897566113,1391043.73,28398205.01
OUT0659,2.97,Critical,Critical,5,100.0,High,5,6,"Performance, Inventory, Inventory Wastage, Marketing, Staff, Audit",Marketing Growth,Immediate management intervention required | Review outlet performance and revenue drivers | Review inventory levels and replenishment | Reduce inventory wastage and improve stock rotation | Review marketing effectiveness and conversion performance | Review staffing levels and operational efficiency | Review audit findings and compliance issues,"Health: Critical | Risk Areas: Performance, Inventory, Inventory Wastage, Marketing, Staff, Audit | Recommendation: Immediate management intervention required | Review outlet performance and revenue drivers | Review inventory levels and replenishment | Reduce inventory wastage and improve stock rotation | Review marketing effectiveness and conversion performance | Review staffing levels and operational efficiency | Review audit findings and compliance issues",20.88,Critical,Unknown,,,82.875,1,12,0,35,44.0925,99.3375,44,5625,23.146250000000002,52.5,20.87611289792148,4.790163786188206,404295.84,8440125.6
OUT0414,3.19,Critical,Critical,5,100.0,High,5,6,"Performance, Inventory, Inventory Wastage, Marketing, Staff, Audit",Marketing Growth,Immediate management intervention required | Review outlet performance and revenue drivers | Review inventory levels and replenishment | Reduce inventory wastage and improve stock rotation | Review marketing effectiveness and conversion performance | Review staffing levels and operational efficiency | Review audit findings and compliance issues,"Health: Critical | Risk Areas: Performance, Inventory, Inventory Wastage, Marketing, Staff, Audit | Recommendation: Immediate management intervention required | Review outlet performance and revenue drivers | Review inventory levels and replenishment | Reduce inventory wastage and improve stock rotation | Review marketing effectiveness and conversion performance | Review staffing levels and operational efficiency | Review audit findings and compliance issues",37.21,Critical,Unknown,,,83.75,1,11,0,40,51.5225,99.325,313,36785,20.98725,52.5,19.59776662032038,5.102622249634954,2749943.53,53892751.52
OUT0405,3.19,Critical,Critical,5,100.0,High,5,6,"Performance, Inventory, Inventory Wastage, Marketing, Staff, Audit",Marketing Growth,Immediate management intervention required | Review outlet performance and revenue drivers | Review inventory levels and replenishment | Reduce inventory wastage and improve stock rotation | Review marketing effectiveness and conversion performance | Review staffing levels and operational efficiency | Review audit findings and compliance issues,"Health: Critical | Risk Areas: Performance, Inventory, Inventory Wastage, Marketing, Staff, Audit | Recommendation: Immediate management intervention required | Review outlet performance and revenue drivers | Review inventory levels and replenishment | Reduce inventory wastage and improve stock rotation | Review marketing effectiveness and conversion performance | Review staffing levels and operational efficiency | Review audit findings and compliance issues",35.35,Critical,Unknown,,,83.75,1,11,0,40,66.015,98.00750000000001,539,17073,16.851,52.5,19.574088536680616,5.108794711570159,1715202.32,33573522.07
OUT0344,3.19,Critical,Critical,5,100.0,High,5,6,"Performance, Inventory, Inventory Wastage, Marketing, Staff, Audit",Marketing Growth,Immediate management intervention required | Review outlet performance and revenue drivers | Review inventory levels and replenishment | Reduce inventory wastage and improve stock rotation | Review marketing effectiveness and conversion performance | Review staffing levels and operational efficiency | Review audit findings and compliance issues,"Health: Critical | Risk Areas: Performance, Inventory, Inventory Wastage, Marketing, Staff, Audit | Recommendation: Immediate management intervention required | Review outlet performance and revenue drivers | Review inventory levels and replenishment | Reduce inventory wastage and improve stock rotation | Review marketing effectiveness and conversion performance | Review staffing levels and operational efficiency | Review audit findings and compliance issues",9.24,Critical,Unknown,,,83.75,1,11,0,40,67.6825,99.345,101,9534,16.4035,52.5,19.177914558336223,5.214331292165037,381049.93,7307743.0
OUT0319,3.19,Critical,Critical,5,100.0,High,5,6,"Performance, Inventory, Inventory Wastage, Marketing, Staff, Audit",Marketing Growth,Immediate management intervention required | Review outlet performance and revenue drivers | Review inventory levels and replenishment | Reduce inventory wastage and improve stock rotation | Review marketing effectiveness and conversion performance | Review staffing levels and operational efficiency | Review audit findings and compliance issues,"Health: Critical | Risk Areas: Performance, Inventory, Inventory Wastage, Marketing, Staff, Audit | Recommendation: Immediate management intervention required | Review outlet performance and revenue drivers | Review inventory levels and replenishment | Reduce inventory wastage and improve stock rotation | Review marketing effectiveness and conversion performance | Review staffing levels and operational efficiency | Review audit findings and compliance issues",34.89,Critical,Unknown,,,83.75,1,11,0,40,83.255,99.3025,125,7714,12.919749999999999,52.5,19.869572920717985,5.032820805913251,1519953.15,30200819.95
OUT0670,3.22,Critical,Critical,5,100.0,High,5,6,"Performance, Inventory, Inventory Wastage, Marketing, Staff, Audit",Marketing Growth,Immediate management intervention required | Review outlet performance and revenue drivers | Review inventory levels and replenishment | Reduce inventory wastage and improve stock rotation | Review marketing effectiveness and conversion performance | Review staffing levels and operational efficiency | Review audit findings and compliance issues,"Health: Critical | Risk Areas: Performance, Inventory, Inventory Wastage, Marketing, Staff, Audit | Recommendation: Immediate management intervention required | Review outlet performance and revenue drivers | Review inventory levels and replenishment | Reduce inventory wastage and improve stock rotation | Review marketing effectiveness and conversion performance | Review staffing levels and operational efficiency | Review audit findings and compliance issues",12.59,Critical,Unknown,,,83.875,2,9,0,40,49.7875,98.1125,454,19180,21.84625,52.5,19.923994347840647,5.019073899247414,921644.22,18362834.23
OUT0622,7.41,Critical,Critical,5,100.0,High,4,5,"Performance, Inventory, Inventory Wastage, Marketing, Audit",Marketing Growth,Immediate management intervention required | Review outlet performance and revenue drivers | Review inventory levels and replenishment | Reduce inventory wastage and improve stock rotation | Review marketing effectiveness and conversion performance | Review audit findings and compliance issues,"Health: Critical | Risk Areas: Performance, Inventory, Inventory Wastage, Marketing, Audit | Recommendation: Immediate management intervention required | Review outlet performance and revenue drivers | Review inventory levels and replenishment | Reduce inventory wastage and improve stock rotation | Review marketing effectiveness and conversion performance | Review audit findings and compliance issues",24.37,Critical,Unknown,,,71.125,5,18,0,40,52.260000000000005,99.24,166,17147,19.0295,37.5,17.82122400568577,5.611286854825209,1692126.29,30155761.66
OUT0528,7.59,Critical,Critical,5,100.0,High,4,5,"Performance, Inventory, Inventory Wastage, Marketing, Audit",Marketing Growth,Immediate management intervention required | Review outlet performance and revenue drivers | Review inventory levels and replenishment | Reduce inventory wastage and improve stock rotation | Review marketing effectiveness and conversion performance | Review audit findings and compliance issues,"Health: Critical | Risk Areas: Performance, Inventory, Inventory Wastage, Marketing, Audit | Recommendation: Immediate management intervention required | Review outlet performance and revenue drivers | Review inventory levels and replenishment | Reduce inventory wastage and improve stock rotation | Review marketing effectiveness and conversion performance | Review audit findings and compliance issues",36.58,Critical,Unknown,,,71.875,4,19,0,40,42.519999999999996,96.5975,1381,35567,23.616,37.5,18.828583891804367,5.311073874415357,2832537.24,53332665.05
OUT0543,8.34,Critical,Critical,5,100.0,High,4,5,"Performance, Inventory, Inventory Wastage, Staff, Audit",Marketing Growth,Immediate management intervention required | Review outlet performance and revenue drivers | Review inventory levels and replenishment | Reduce inventory wastage and improve stock rotation | Review staffing levels and operational efficiency | Review audit findings and compliance issues,"Health: Critical | Risk Areas: Performance, Inventory, Inventory Wastage, Staff, Audit | Recommendation: Immediate management intervention required | Review outlet performance and revenue drivers | Review inventory levels and replenishment | Reduce inventory wastage and improve stock rotation | Review staffing levels and operational efficiency | Review audit findings and compliance issues",40.87,Critical,Unknown,,,70.375,6,17,0,40,42.11,96.545,2757,69604,22.4525,80.0,20.76881426799932,4.814911371906312,1822349.4,37848036.22
OUT0585,8.69,Critical,Critical,5,100.0,High,4,5,"Performance, Inventory, Inventory Wastage, Marketing, Audit",Marketing Growth,Immediate management intervention required | Review outlet performance and revenue drivers | Review inventory levels and replenishment | Reduce inventory wastage and improve stock rotation | Review marketing effectiveness and conversion performance | Review audit findings and compliance issues,"Health: Critical | Risk Areas: Performance, Inventory, Inventory Wastage, Marketing, Audit | Recommendation: Immediate management intervention required | Review outlet performance and revenue drivers | Review inventory levels and replenishment | Reduce inventory wastage and improve stock rotation | Review marketing effectiveness and conversion performance | Review audit findings and compliance issues",44.15,Critical,Unknown,,,76.25,4,14,0,40,55.015,97.9975,624,23410,18.85125,37.5,19.29512311459292,5.182656747308852,2193809.39,42329822.27
OUT0154,9.16,Critical,Critical,5,100.0,High,4,5,"Performance, Inventory, Inventory Wastage, Staff, Audit",Marketing Growth,Immediate management intervention required | Review outlet performance and revenue drivers | Review inventory levels and replenishment | Reduce inventory wastage and improve stock rotation | Review staffing levels and operational efficiency | Review audit findings and compliance issues,"Health: Critical | Risk Areas: Performance, Inventory, Inventory Wastage, Staff, Audit | Recommendation: Immediate management intervention required | Review outlet performance and revenue drivers | Review inventory levels and replenishment | Reduce inventory wastage and improve stock rotation | Review staffing levels and operational efficiency | Review audit findings and compliance issues",39.21,Critical,Unknown,,,73.625,4,17,0,40,48.705,99.3425,216,26500,20.98125,80.0,21.450182914057656,4.661964907276557,2207974.09,47361448.1
OUT0073,9.28,Critical,Critical,5,100.0,High,4,5,"Performance, Inventory, Inventory Wastage, Marketing, Audit",Marketing Growth,Immediate management intervention required | Review outlet performance and revenue drivers | Review inventory levels and replenishment | Reduce inventory wastage and improve stock rotation | Review marketing effectiveness and conversion performance | Review audit findings and compliance issues,"Health: Critical | Risk Areas: Performance, Inventory, Inventory Wastage, Marketing, Audit | Recommendation: Immediate management intervention required | Review outlet performance and revenue drivers | Review inventory levels and replenishment | Reduce inventory wastage and improve stock rotation | Review marketing effectiveness and conversion performance | Review audit findings and compliance issues",17.51,Critical,Unknown,,,78.625,2,15,0,40,60.025,96.9,450,10313,17.774,37.5,18.90177858820158,5.290507426767745,989962.15,18712045.37
OUT0650,9.44,Critical,Critical,5,100.0,High,4,5,"Performance, Inventory Wastage, Marketing, Staff, Audit",Marketing Growth,Immediate management intervention required | Review outlet performance and revenue drivers | Reduce inventory wastage and improve stock rotation | Review marketing effectiveness and conversion performance | Review staffing levels and operational efficiency | Review audit findings and compliance issues,"Health: Critical | Risk Areas: Performance, Inventory Wastage, Marketing, Staff, Audit | Recommendation: Immediate management intervention required | Review outlet performance and revenue drivers | Reduce inventory wastage and improve stock rotation | Review marketing effectiveness and conversion performance | Review staffing levels and operational efficiency | Review audit findings and compliance issues",18.5,Critical,Unknown,,,79.25,0,18,0,40,77.41499999999999,97.85249999999999,409,9292,14.25075,52.5,20.923854512823667,4.779234148216462,895905.49,18745796.13
OUT0037,9.5,Critical,Critical,5,100.0,High,4,5,"Performance, Inventory, Inventory Wastage, Staff, Audit",Marketing Growth,Immediate management intervention required | Review outlet performance and revenue drivers | Review inventory levels and replenishment | Reduce inventory wastage and improve stock rotation | Review staffing levels and operational efficiency | Review audit findings and compliance issues,"Health: Critical | Risk Areas: Performance, Inventory, Inventory Wastage, Staff, Audit | Recommendation: Immediate management intervention required | Review outlet performance and revenue drivers | Review inventory levels and replenishment | Reduce inventory wastage and improve stock rotation | Review staffing levels and operational efficiency | Review audit findings and compliance issues",37.58,Critical,Unknown,,,75.0,1,21,0,40,70.9375,99.25,223,17341,14.74925,80.0,20.59639518702058,4.855218551206374,2578234.17,53102329.85
OUT0495,9.53,Critical,Critical,5,100.0,High,4,5,"Performance, Inventory, Inventory Wastage, Staff, Audit",Marketing Growth,Immediate management intervention required | Review outlet performance and revenue drivers | Review inventory levels and replenishment | Reduce inventory wastage and improve stock rotation | Review staffing levels and operational efficiency | Review audit findings and compliance issues,"Health: Critical | Risk Areas: Performance, Inventory, Inventory Wastage, Staff, Audit | Recommendation: Immediate management intervention required | Review outlet performance and revenue drivers | Review inventory levels and replenishment | Reduce inventory wastage and improve stock rotation | Review staffing levels and operational efficiency | Review audit findings and compliance issues",17.28,Critical,Unknown,,,75.125,2,19,0,40,49.765,98.08,582,24397,20.36675,80.0,20.79965682368717,4.80777163044909,656076.75,13646171.25
OUT0722,9.72,Critical,Critical,5,100.0,High,4,5,"Performance, Inventory, Inventory Wastage, Staff, Audit",Marketing Growth,Immediate management intervention required | Review outlet performance and revenue drivers | Review inventory levels and replenishment | Reduce inventory wastage and improve stock rotation | Review staffing levels and operational efficiency | Review audit findings and compliance issues,"Health: Critical | Risk Areas: Performance, Inventory, Inventory Wastage, Staff, Audit | Recommendation: Immediate management intervention required | Review outlet performance and revenue drivers | Review inventory levels and replenishment | Reduce inventory wastage and improve stock rotation | Review staffing levels and operational efficiency | Review audit findings and compliance issues",38.68,Critical,Unknown,,,75.875,1,20,0,40,75.9475,99.2825,331,23520,13.91625,80.0,19.932875925728645,5.016837528744338,2292648.08,45699069.72
OUT0388,9.75,Critical,Critical,5,100.0,High,4,5,"Performance, Inventory, Inventory Wastage, Staff, Audit",Marketing Growth,Immediate management intervention required | Review outlet performance and revenue drivers | Review inventory levels and replenishment | Reduce inventory wastage and improve stock rotation | Review staffing levels and operational efficiency | Review audit findings and compliance issues,"Health: Critical | Risk Areas: Performance, Inventory, Inventory Wastage, Staff, Audit | Recommendation: Immediate management intervention required | Review outlet performance and revenue drivers | Review inventory levels and replenishment | Reduce inventory wastage and improve stock rotation | Review staffing levels and operational efficiency | Review audit findings and compliance issues",49.92,Critical,Unknown,,,76.0,2,18,0,40,71.05499999999999,96.5575,2134,36014,14.773500000000002,80.0,20.639975463835203,4.84496699985023,2790835.51,57602776.45
OUT0187,9.75,Critical,Critical,5,100.0,High,4,5,"Performance, Inventory, Inventory Wastage, Marketing, Audit",Marketing Growth,Immediate management intervention required | Review outlet performance and revenue drivers | Review inventory levels and replenishment | Reduce inventory wastage and improve stock rotation | Review marketing effectiveness and conversion performance | Review audit findings and compliance issues,"Health: Critical | Risk Areas: Performance, Inventory, Inventory Wastage, Marketing, Audit | Recommendation: Immediate management intervention required | Review outlet performance and revenue drivers | Review inventory levels and replenishment | Reduce inventory wastage and improve stock rotation | Review marketing effectiveness and conversion performance | Review audit findings and compliance issues",27.12,Critical,Unknown,,,71.5,8,12,0,40,42.777499999999996,99.2475,354,40397,22.753999999999998,52.5,20.32817191687935,4.919281498055698,1820460.22,37006628.32
OUT0092,9.81,Critical,Critical,5,100.0,High,4,5,"Performance, Inventory Wastage, Marketing, Staff, Audit",Marketing Growth,Immediate management intervention required | Review outlet performance and revenue drivers | Reduce inventory wastage and improve stock rotation | Review marketing effectiveness and conversion performance | Review staffing levels and operational efficiency | Review audit findings and compliance issues,"Health: Critical | Risk Areas: Performance, Inventory Wastage, Marketing, Staff, Audit | Recommendation: Immediate management intervention required | Review outlet performance and revenue drivers | Reduce inventory wastage and improve stock rotation | Review marketing effectiveness and conversion performance | Review staffing levels and operational efficiency | Review audit findings and compliance issues",9.62,Critical,Unknown,,,79.25,0,18,0,40,71.97,99.29249999999999,183,14883,14.45875,37.5,18.788686880896105,5.322351723348887,1122184.42,21084371.69
OUT0440,9.81,Critical,Critical,5,100.0,High,4,5,"Performance, Inventory, Inventory Wastage, Staff, Audit",Marketing Growth,Immediate management intervention required | Review outlet performance and revenue drivers | Review inventory levels and replenishment | Reduce inventory wastage and improve stock rotation | Review staffing levels and operational efficiency | Review audit findings and compliance issues,"Health: Critical | Risk Areas: Performance, Inventory, Inventory Wastage, Staff, Audit | Recommendation: Immediate management intervention required | Review outlet performance and revenue drivers | Review inventory levels and replenishment | Reduce inventory wastage and improve stock rotation | Review staffing levels and operational efficiency | Review audit findings and compliance issues",31.62,Critical,Unknown,,,76.25,4,14,0,40,56.120000000000005,97.995,473,17470,19.214750000000002,80.0,21.501848590668523,4.650762913631458,922483.83,19835107.64
OUT0552,10.0,Critical,Critical,5,100.0,High,4,5,"Performance, Inventory, Inventory Wastage, Staff, Audit",Marketing Growth,Immediate management intervention required | Review outlet performance and revenue drivers | Review inventory levels and replenishment | Reduce inventory wastage and improve stock rotation | Review staffing levels and operational efficiency | Review audit findings and compliance issues,"Health: Critical | Risk Areas: Performance, Inventory, Inventory Wastage, Staff, Audit | Recommendation: Immediate management intervention required | Review outlet performance and revenue drivers | Review inventory levels and replenishment | Reduce inventory wastage and improve stock rotation | Review staffing levels and operational efficiency | Review audit findings and compliance issues",37.84,Critical,Unknown,,,77.0,3,15,0,40,58.525,99.2375,225,20907,18.3065,80.0,21.158504733511585,4.726231898685,1957710.43,41422225.4
OUT0366,10.03,Critical,Critical,5,100.0,High,4,5,"Performance, Inventory, Inventory Wastage, Marketing, Audit",Marketing Growth,Immediate management intervention required | Review outlet performance and revenue drivers | Review inventory levels and replenishment | Reduce inventory wastage and improve stock rotation | Review marketing effectiveness and conversion performance | Review audit findings and compliance issues,"Health: Critical | Risk Areas: Performance, Inventory, Inventory Wastage, Marketing, Audit | Recommendation: Immediate management intervention required | Review outlet performance and revenue drivers | Review inventory levels and replenishment | Reduce inventory wastage and improve stock rotation | Review marketing effectiveness and conversion performance | Review audit findings and compliance issues",33.12,Critical,Unknown,,,72.625,3,20,0,40,56.9775,96.70750000000001,556,12220,17.9005,52.5,19.82330902674279,5.044566467944086,1170980.08,23212699.99
OUT0394,10.19,Critical,Critical,5,100.0,High,4,5,"Performance, Inventory, Inventory Wastage, Marketing, Audit",Marketing Growth,Immediate management intervention required | Review outlet performance and revenue drivers | Review inventory levels and replenishment | Reduce inventory wastage and improve stock rotation | Review marketing effectiveness and conversion performance | Review audit findings and compliance issues,"Health: Critical | Risk Areas: Performance, Inventory, Inventory Wastage, Marketing, Audit | Recommendation: Immediate management intervention required | Review outlet performance and revenue drivers | Review inventory levels and replenishment | Reduce inventory wastage and improve stock rotation | Review marketing effectiveness and conversion performance | Review audit findings and compliance issues",30.51,Critical,Unknown,,,73.25,1,23,0,40,59.470000000000006,99.35,279,30537,16.68875,52.5,19.625440470805717,5.095427037612601,1925672.46,37792170.23
OUT0657,10.41,Critical,Critical,5,100.0,High,4,5,"Performance, Inventory, Inventory Wastage, Staff, Audit",Marketing Growth,Immediate management intervention required | Review outlet performance and revenue drivers | Review inventory levels and replenishment | Reduce inventory wastage and improve stock rotation | Review staffing levels and operational efficiency | Review audit findings and compliance issues,"Health: Critical | Risk Areas: Performance, Inventory, Inventory Wastage, Staff, Audit | Recommendation: Immediate management intervention required | Review outlet performance and revenue drivers | Review inventory levels and replenishment | Reduce inventory wastage and improve stock rotation | Review staffing levels and operational efficiency | Review audit findings and compliance issues",40.29,Critical,Unknown,,,78.625,2,15,0,40,73.1875,99.315,468,38137,15.039750000000002,80.0,20.89152372439618,4.786630277389701,2267709.77,47375912.46
OUT0557,10.53,Critical,Critical,5,100.0,High,4,5,"Performance, Inventory Wastage, Marketing, Staff, Audit",Marketing Growth,Immediate management intervention required | Review outlet performance and revenue drivers | Reduce inventory wastage and improve stock rotation | Review marketing effectiveness and conversion performance | Review staffing levels and operational efficiency | Review audit findings and compliance issues,"Health: Critical | Risk Areas: Performance, Inventory Wastage, Marketing, Staff, Audit | Recommendation: Immediate management intervention required | Review outlet performance and revenue drivers | Reduce inventory wastage and improve stock rotation | Review marketing effectiveness and conversion performance | Review staffing levels and operational efficiency | Review audit findings and compliance issues",24.03,Critical,Unknown,,,83.625,0,13,0,40,73.59,99.3575,280,24122,14.84775,52.5,19.86485876806381,5.034015150450868,1882201.06,37389658.23
OUT0431,10.69,Critical,Critical,5,100.0,High,4,5,"Performance, Inventory, Inventory Wastage, Marketing, Audit",Marketing Growth,Immediate management intervention required | Review outlet performance and revenue drivers | Review inventory levels and replenishment | Reduce inventory wastage and improve stock rotation | Review marketing effectiveness and conversion performance | Review audit findings and compliance issues,"Health: Critical | Risk Areas: Performance, Inventory, Inventory Wastage, Marketing, Audit | Recommendation: Immediate management intervention required | Review outlet performance and revenue drivers | Review inventory levels and replenishment | Reduce inventory wastage and improve stock rotation | Review marketing effectiveness and conversion performance | Review audit findings and compliance issues",40.13,Critical,Unknown,,,75.25,3,17,0,40,43.055,96.9025,1554,43577,22.24975,52.5,19.159536050720316,5.219333063977844,3417307.17,65474019.92
OUT0745,10.84,Critical,Critical,5,100.0,High,4,5,"Performance, Inventory, Inventory Wastage, Marketing, Audit",Marketing Growth,Immediate management intervention required | Review outlet performance and revenue drivers | Review inventory levels and replenishment | Reduce inventory wastage and improve stock rotation | Review marketing effectiveness and conversion performance | Review audit findings and compliance issues,"Health: Critical | Risk Areas: Performance, Inventory, Inventory Wastage, Marketing, Audit | Recommendation: Immediate management intervention required | Review outlet performance and revenue drivers | Review inventory levels and replenishment | Reduce inventory wastage and improve stock rotation | Review marketing effectiveness and conversion performance | Review audit findings and compliance issues",31.73,Critical,Unknown,,,75.875,1,20,0,40,69.41749999999999,97.8725,1388,38750,15.498750000000001,52.5,20.96872946955197,4.769006159634366,2411616.27,50568529.15
OUT0156,10.88,Critical,Critical,5,100.0,High,4,5,"Performance, Inventory, Inventory Wastage, Marketing, Audit",Marketing Growth,Immediate management intervention required | Review outlet performance and revenue drivers | Review inventory levels and replenishment | Reduce inventory wastage and improve stock rotation | Review marketing effectiveness and conversion performance | Review audit findings and compliance issues,"Health: Critical | Risk Areas: Performance, Inventory, Inventory Wastage, Marketing, Audit | Recommendation: Immediate management intervention required | Review outlet performance and revenue drivers | Review inventory levels and replenishment | Reduce inventory wastage and improve stock rotation | Review marketing effectiveness and conversion performance | Review audit findings and compliance issues",49.69,Critical,Unknown,,,76.0,2,18,0,40,64.2975,97.05499999999999,1582,34818,16.19775,52.5,17.72406490155984,5.642046593453814,3693855.75,65470139.05
OUT0312,10.91,Critical,Critical,5,100.0,High,4,5,"Performance, Inventory Wastage, Marketing, Staff, Audit",Marketing Growth,Immediate management intervention required | Review outlet performance and revenue drivers | Reduce inventory wastage and improve stock rotation | Review marketing effectiveness and conversion performance | Review staffing levels and operational efficiency | Review audit findings and compliance issues,"Health: Critical | Risk Areas: Performance, Inventory Wastage, Marketing, Staff, Audit | Recommendation: Immediate management intervention required | Review outlet performance and revenue drivers | Reduce inventory wastage and improve stock rotation | Review marketing effectiveness and conversion performance | Review staffing levels and operational efficiency | Review audit findings and compliance issues",32.69,Critical,Unknown,,,83.625,0,13,0,40,74.515,99.2775,201,15284,14.767500000000002,37.5,18.6359293348416,5.365978707219108,2466074.71,45957594.03
OUT0029,11.09,Critical,Critical,5,100.0,High,4,5,"Performance, Inventory, Inventory Wastage, Marketing, Audit",Marketing Growth,Immediate management intervention required | Review outlet performance and revenue drivers | Review inventory levels and replenishment | Reduce inventory wastage and improve stock rotation | Review marketing effectiveness and conversion performance | Review audit findings and compliance issues,"Health: Critical | Risk Areas: Performance, Inventory, Inventory Wastage, Marketing, Audit | Recommendation: Immediate management intervention required | Review outlet performance and revenue drivers | Review inventory levels and replenishment | Reduce inventory wastage and improve stock rotation | Review marketing effectiveness and conversion performance | Review audit findings and compliance issues",49.97,Critical,Unknown,,,76.875,2,17,0,40,64.025,99.34,262,26715,17.11175,52.5,18.994443981391136,5.264697408251068,3085797.8,58613013.45
OUT0124,11.28,Critical,Critical,5,100.0,High,4,5,"Performance, Inventory, Inventory Wastage, Marketing, Audit",Marketing Growth,Immediate management intervention required | Review outlet performance and revenue drivers | Review inventory levels and replenishment | Reduce inventory wastage and improve stock rotation | Review marketing effectiveness and conversion performance | Review audit findings and compliance issues,"Health: Critical | Risk Areas: Performance, Inventory, Inventory Wastage, Marketing, Audit | Recommendation: Immediate management intervention required | Review outlet performance and revenue drivers | Review inventory levels and replenishment | Reduce inventory wastage and improve stock rotation | Review marketing effectiveness and conversion performance | Review audit findings and compliance issues",17.07,Critical,Unknown,,,76.125,3,16,0,40,57.32000000000001,99.1925,154,13887,18.18025,37.5,19.303405078053444,5.180433172056917,1213602.43,23426659.31
OUT0518,11.28,Critical,Critical,5,100.0,High,4,5,"Performance, Inventory, Inventory Wastage, Marketing, Audit",Marketing Growth,Immediate management intervention required | Review outlet performance and revenue drivers | Review inventory levels and replenishment | Reduce inventory wastage and improve stock rotation | Review marketing effectiveness and conversion performance | Review audit findings and compliance issues,"Health: Critical | Risk Areas: Performance, Inventory, Inventory Wastage, Marketing, Audit | Recommendation: Immediate management intervention required | Review outlet performance and revenue drivers | Review inventory levels and replenishment | Reduce inventory wastage and improve stock rotation | Review marketing effectiveness and conversion performance | Review audit findings and compliance issues",28.22,Critical,Unknown,,,77.625,1,18,0,40,42.2525,96.6875,1044,27898,23.56725,52.5,21.4683328111502,4.658023558683705,1018959.25,21875356.3
OUT0392,11.41,Critical,Critical,5,100.0,High,4,5,"Performance, Inventory, Inventory Wastage, Staff, Audit",Marketing Growth,Immediate management intervention required | Review outlet performance and revenue drivers | Review inventory levels and replenishment | Reduce inventory wastage and improve stock rotation | Review staffing levels and operational efficiency | Review audit findings and compliance issues,"Health: Critical | Risk Areas: Performance, Inventory, Inventory Wastage, Staff, Audit | Recommendation: Immediate management intervention required | Review outlet performance and revenue drivers | Review inventory levels and replenishment | Reduce inventory wastage and improve stock rotation | Review staffing levels and operational efficiency | Review audit findings and compliance issues",22.7,Critical,Unknown,,,72.125,6,15,0,40,44.735,99.28,180,21046,22.0715,80.0,20.765521015214286,4.815674980017739,883195.61,18340017.0
OUT0662,11.5,Critical,Critical,5,100.0,High,4,5,"Performance, Inventory, Inventory Wastage, Marketing, Staff",Marketing Growth,Immediate management intervention required | Review outlet performance and revenue drivers | Review inventory levels and replenishment | Reduce inventory wastage and improve stock rotation | Review marketing effectiveness and conversion performance | Review staffing levels and operational efficiency,"Health: Critical | Risk Areas: Performance, Inventory, Inventory Wastage, Marketing, Staff | Recommendation: Immediate management intervention required | Review outlet performance and revenue drivers | Review inventory levels and replenishment | Reduce inventory wastage and improve stock rotation | Review marketing effectiveness and conversion performance | Review staffing levels and operational efficiency",18.14,Critical,Unknown,,,75.5,5,13,0,40,66.5725,99.3175,86,7877,15.80125,37.5,18.560078423174723,5.387908268487525,1070872.23,19875472.57
OUT0343,11.53,Critical,Critical,5,100.0,High,4,5,"Performance, Inventory, Inventory Wastage, Marketing, Audit",Marketing Growth,Immediate management intervention required | Review outlet performance and revenue drivers | Review inventory levels and replenishment | Reduce inventory wastage and improve stock rotation | Review marketing effectiveness and conversion performance | Review audit findings and compliance issues,"Health: Critical | Risk Areas: Performance, Inventory, Inventory Wastage, Marketing, Audit | Recommendation: Immediate management intervention required | Review outlet performance and revenue drivers | Review inventory levels and replenishment | Reduce inventory wastage and improve stock rotation | Review marketing effectiveness and conversion performance | Review audit findings and compliance issues",32.56,Critical,Unknown,,,72.625,3,20,0,40,62.0225,96.72,932,19009,17.02075,37.5,19.26882370172936,5.1897303928846,1331808.98,25662392.44
OUT0461,11.62,Critical,Critical,5,100.0,High,4,5,"Performance, Inventory Wastage, Marketing, Staff, Audit",Marketing Growth,Immediate management intervention required | Review outlet performance and revenue drivers | Reduce inventory wastage and improve stock rotation | Review marketing effectiveness and conversion performance | Review staffing levels and operational efficiency | Review audit findings and compliance issues,"Health: Critical | Risk Areas: Performance, Inventory Wastage, Marketing, Staff, Audit | Recommendation: Immediate management intervention required | Review outlet performance and revenue drivers | Reduce inventory wastage and improve stock rotation | Review marketing effectiveness and conversion performance | Review staffing levels and operational efficiency | Review audit findings and compliance issues",42.76,Critical,Unknown,,,77.5,0,20,0,40,68.02000000000001,96.8025,866,16714,15.82875,52.5,19.114804213255024,5.231547175913825,2237452.03,42768457.49
OUT0204,11.72,Critical,Critical,5,100.0,High,4,5,"Performance, Inventory, Inventory Wastage, Marketing, Audit",Marketing Growth,Immediate management intervention required | Review outlet performance and revenue drivers | Review inventory levels and replenishment | Reduce inventory wastage and improve stock rotation | Review marketing effectiveness and conversion performance | Review audit findings and compliance issues,"Health: Critical | Risk Areas: Performance, Inventory, Inventory Wastage, Marketing, Audit | Recommendation: Immediate management intervention required | Review outlet performance and revenue drivers | Review inventory levels and replenishment | Reduce inventory wastage and improve stock rotation | Review marketing effectiveness and conversion performance | Review audit findings and compliance issues",16.68,Critical,Unknown,,,79.375,1,16,0,39,71.0125,99.27000000000001,75,5999,15.26875,52.5,19.853204205494293,5.036970302875614,624581.04,12399934.93
OUT0088,11.78,Critical,Critical,5,100.0,High,4,5,"Inventory, Inventory Wastage, Marketing, Staff, Audit",Marketing Growth,Immediate management intervention required | Review inventory levels and replenishment | Reduce inventory wastage and improve stock rotation | Review marketing effectiveness and conversion performance | Review staffing levels and operational efficiency | Review audit findings and compliance issues,"Health: Critical | Risk Areas: Inventory, Inventory Wastage, Marketing, Staff, Audit | Recommendation: Immediate management intervention required | Review inventory levels and replenishment | Reduce inventory wastage and improve stock rotation | Review marketing effectiveness and conversion performance | Review staffing levels and operational efficiency | Review audit findings and compliance issues",57.07,Needs Improvement,Unknown,,,70.125,4,21,0,40,48.302499999999995,97.0875,1643,46196,20.983,52.5,20.518662166486145,4.873612089745965,4397411.74,90229005.9
OUT0393,11.78,Critical,Critical,5,100.0,High,4,5,"Performance, Inventory, Inventory Wastage, Marketing, Audit",Marketing Growth,Immediate management intervention required | Review outlet performance and revenue drivers | Review inventory levels and replenishment | Reduce inventory wastage and improve stock rotation | Review marketing effectiveness and conversion performance | Review audit findings and compliance issues,"Health: Critical | Risk Areas: Performance, Inventory, Inventory Wastage, Marketing, Audit | Recommendation: Immediate management intervention required | Review outlet performance and revenue drivers | Review inventory levels and replenishment | Reduce inventory wastage and improve stock rotation | Review marketing effectiveness and conversion performance | Review audit findings and compliance issues",30.96,Critical,Unknown,,,79.625,3,12,0,40,57.13250000000001,96.8375,1351,30631,19.0145,52.5,19.42671143441535,5.147551624349823,1772103.11,34426135.75
OUT0610,12.06,Critical,Critical,5,100.0,High,4,5,"Performance, Inventory Wastage, Marketing, Staff, Audit",Marketing Growth,Immediate management intervention required | Review outlet performance and revenue drivers | Reduce inventory wastage and improve stock rotation | Review marketing effectiveness and conversion performance | Review staffing levels and operational efficiency | Review audit findings and compliance issues,"Health: Critical | Risk Areas: Performance, Inventory Wastage, Marketing, Staff, Audit | Recommendation: Immediate management intervention required | Review outlet performance and revenue drivers | Reduce inventory wastage and improve stock rotation | Review marketing effectiveness and conversion performance | Review staffing levels and operational efficiency | Review audit findings and compliance issues",19.99,Critical,Unknown,,,79.25,0,18,0,40,76.7325,98.25750000000001,492,14147,13.970500000000001,52.5,20.516300513844968,4.874173096290788,1348099.22,27658008.72
OUT0038,12.06,Critical,Critical,5,100.0,High,4,5,"Performance, Inventory Wastage, Marketing, Staff, Audit",Marketing Growth,Immediate management intervention required | Review outlet performance and revenue drivers | Reduce inventory wastage and improve stock rotation | Review marketing effectiveness and conversion performance | Review staffing levels and operational efficiency | Review audit findings and compliance issues,"Health: Critical | Risk Areas: Performance, Inventory Wastage, Marketing, Staff, Audit | Recommendation: Immediate management intervention required | Review outlet performance and revenue drivers | Reduce inventory wastage and improve stock rotation | Review marketing effectiveness and conversion performance | Review staffing levels and operational efficiency | Review audit findings and compliance issues",22.69,Critical,Unknown,,,79.25,0,18,0,40,73.2525,96.3075,1738,26153,14.77825,52.5,22.06502629812349,4.532058953788985,1006111.71,22199881.34
OUT0614,12.19,Critical,Critical,5,100.0,High,4,5,"Performance, Inventory, Inventory Wastage, Staff, Audit",Marketing Growth,Immediate management intervention required | Review outlet performance and revenue drivers | Review inventory levels and replenishment | Reduce inventory wastage and improve stock rotation | Review staffing levels and operational efficiency | Review audit findings and compliance issues,"Health: Critical | Risk Areas: Performance, Inventory, Inventory Wastage, Staff, Audit | Recommendation: Immediate management intervention required | Review outlet performance and revenue drivers | Review inventory levels and replenishment | Reduce inventory wastage and improve stock rotation | Review staffing levels and operational efficiency | Review audit findings and compliance issues",20.09,Critical,Unknown,,,75.25,3,17,0,40,55.425,99.2875,92,9787,18.4975,80.0,20.005435366097892,4.99864152766525,951453.85,19034248.5
OUT0042,12.19,Critical,Critical,5,100.0,High,4,5,"Performance, Inventory, Inventory Wastage, Staff, Audit",Marketing Growth,Immediate management intervention required | Review outlet performance and revenue drivers | Review inventory levels and replenishment | Reduce inventory wastage and improve stock rotation | Review staffing levels and operational efficiency | Review audit findings and compliance issues,"Health: Critical | Risk Areas: Performance, Inventory, Inventory Wastage, Staff, Audit | Recommendation: Immediate management intervention required | Review outlet performance and revenue drivers | Review inventory levels and replenishment | Reduce inventory wastage and improve stock rotation | Review staffing levels and operational efficiency | Review audit findings and compliance issues",25.43,Critical,Unknown,,,75.25,3,17,0,40,69.3025,99.25,94,7479,15.119,80.0,19.349426347615434,5.168111870785446,1028982.91,19910229.03
OUT0508,12.19,Critical,Critical,5,100.0,High,4,5,"Performance, Inventory, Inventory Wastage, Staff, Audit",Marketing Growth,Immediate management intervention required | Review outlet performance and revenue drivers | Review inventory levels and replenishment | Reduce inventory wastage and improve stock rotation | Review staffing levels and operational efficiency | Review audit findings and compliance issues,"Health: Critical | Risk Areas: Performance, Inventory, Inventory Wastage, Staff, Audit | Recommendation: Immediate management intervention required | Review outlet performance and revenue drivers | Review inventory levels and replenishment | Reduce inventory wastage and improve stock rotation | Review staffing levels and operational efficiency | Review audit findings and compliance issues",16.3,Critical,Unknown,,,75.25,3,17,0,40,48.2525,96.60249999999999,721,17519,20.739250000000002,80.0,20.09919279461964,4.975324184500038,889199.97,17872201.63
OUT0686,12.22,Critical,Critical,5,100.0,High,4,5,"Performance, Inventory, Inventory Wastage, Staff, Audit",Marketing Growth,Immediate management intervention required | Review outlet performance and revenue drivers | Review inventory levels and replenishment | Reduce inventory wastage and improve stock rotation | Review staffing levels and operational efficiency | Review audit findings and compliance issues,"Health: Critical | Risk Areas: Performance, Inventory, Inventory Wastage, Staff, Audit | Recommendation: Immediate management intervention required | Review outlet performance and revenue drivers | Review inventory levels and replenishment | Reduce inventory wastage and improve stock rotation | Review staffing levels and operational efficiency | Review audit findings and compliance issues",13.43,Critical,Unknown,,,75.375,4,15,0,40,69.325,96.67999999999999,508,9076,15.235,80.0,19.888832566073532,5.027947199403774,358844.12,7136990.62
OUT0374,12.38,Critical,Critical,5,100.0,High,4,5,"Performance, Inventory, Inventory Wastage, Staff, Audit",Marketing Growth,Immediate management intervention required | Review outlet performance and revenue drivers | Review inventory levels and replenishment | Reduce inventory wastage and improve stock rotation | Review staffing levels and operational efficiency | Review audit findings and compliance issues,"Health: Critical | Risk Areas: Performance, Inventory, Inventory Wastage, Staff, Audit | Recommendation: Immediate management intervention required | Review outlet performance and revenue drivers | Review inventory levels and replenishment | Reduce inventory wastage and improve stock rotation | Review staffing levels and operational efficiency | Review audit findings and compliance issues",33.0,Critical,Unknown,,,76.0,2,18,0,40,51.842499999999994,99.315,226,25648,19.5315,80.0,19.630788734723826,5.094038826015965,2378113.38,46684241.35
OUT0746,12.38,Critical,Critical,5,100.0,High,4,5,"Performance, Inventory, Inventory Wastage, Staff, Audit",Marketing Growth,Immediate management intervention required | Review outlet performance and revenue drivers | Review inventory levels and replenishment | Reduce inventory wastage and improve stock rotation | Review staffing levels and operational efficiency | Review audit findings and compliance issues,"Health: Critical | Risk Areas: Performance, Inventory, Inventory Wastage, Staff, Audit | Recommendation: Immediate management intervention required | Review outlet performance and revenue drivers | Review inventory levels and replenishment | Reduce inventory wastage and improve stock rotation | Review staffing levels and operational efficiency | Review audit findings and compliance issues",37.81,Critical,Unknown,,,76.0,2,18,0,40,53.24249999999999,96.4875,842,18431,18.789250000000003,80.0,19.541767606281493,5.117244356536921,1845121.3,36056931.65
OUT0739,12.41,Critical,Critical,5,100.0,High,4,5,"Performance, Inventory, Inventory Wastage, Marketing, Audit",Marketing Growth,Immediate management intervention required | Review outlet performance and revenue drivers | Review inventory levels and replenishment | Reduce inventory wastage and improve stock rotation | Review marketing effectiveness and conversion performance | Review audit findings and compliance issues,"Health: Critical | Risk Areas: Performance, Inventory, Inventory Wastage, Marketing, Audit | Recommendation: Immediate management intervention required | Review outlet performance and revenue drivers | Review inventory levels and replenishment | Reduce inventory wastage and improve stock rotation | Review marketing effectiveness and conversion performance | Review audit findings and compliance issues",48.78,Critical,Unknown,,,82.125,2,11,0,40,72.9725,99.325,271,22529,14.826249999999998,52.5,20.134589505722623,4.966577539193344,3059695.76,61605718.14
OUT0242,12.41,Critical,Critical,5,100.0,High,4,5,"Performance, Inventory, Inventory Wastage, Staff, Audit",Marketing Growth,Immediate management intervention required | Review outlet performance and revenue drivers | Review inventory levels and replenishment | Reduce inventory wastage and improve stock rotation | Review staffing levels and operational efficiency | Review audit findings and compliance issues,"Health: Critical | Risk Areas: Performance, Inventory, Inventory Wastage, Staff, Audit | Recommendation: Immediate management intervention required | Review outlet performance and revenue drivers | Review inventory levels and replenishment | Reduce inventory wastage and improve stock rotation | Review staffing levels and operational efficiency | Review audit findings and compliance issues",38.44,Critical,Unknown,,,76.125,3,16,0,40,63.3975,99.325,247,23983,16.771,80.0,19.924766156301164,5.018879479716013,2045213.33,40750397.34
OUT0384,12.44,Critical,Critical,5,100.0,High,4,5,"Performance, Inventory, Inventory Wastage, Staff, Audit",Marketing Growth,Immediate management intervention required | Review outlet performance and revenue drivers | Review inventory levels and replenishment | Reduce inventory wastage and improve stock rotation | Review staffing levels and operational efficiency | Review audit findings and compliance issues,"Health: Critical | Risk Areas: Performance, Inventory, Inventory Wastage, Staff, Audit | Recommendation: Immediate management intervention required | Review outlet performance and revenue drivers | Review inventory levels and replenishment | Reduce inventory wastage and improve stock rotation | Review staffing levels and operational efficiency | Review audit findings and compliance issues",38.55,Critical,Unknown,,,76.25,4,14,0,40,48.05,99.325,130,15658,21.87375,80.0,19.52550502044765,5.121506455032905,1529312.83,29860605.34
OUT0731,12.5,Critical,Critical,5,100.0,High,4,5,"Performance, Inventory Wastage, Marketing, Staff, Audit",Marketing Growth,Immediate management intervention required | Review outlet performance and revenue drivers | Reduce inventory wastage and improve stock rotation | Review marketing effectiveness and conversion performance | Review staffing levels and operational efficiency | Review audit findings and compliance issues,"Health: Critical | Risk Areas: Performance, Inventory Wastage, Marketing, Staff, Audit | Recommendation: Immediate management intervention required | Review outlet performance and revenue drivers | Reduce inventory wastage and improve stock rotation | Review marketing effectiveness and conversion performance | Review staffing levels and operational efficiency | Review audit findings and compliance issues",30.95,Critical,Unknown,,,81.0,0,16,0,40,72.575,96.64750000000001,742,12452,15.126249999999999,52.5,18.20811570628689,5.492056488056701,1857642.88,33824176.5
OUT0474,12.5,Critical,Critical,5,100.0,High,4,5,"Performance, Inventory, Inventory Wastage, Staff, Audit",Marketing Growth,Immediate management intervention required | Review outlet performance and revenue drivers | Review inventory levels and replenishment | Reduce inventory wastage and improve stock rotation | Review staffing levels and operational efficiency | Review audit findings and compliance issues,"Health: Critical | Risk Areas: Performance, Inventory, Inventory Wastage, Staff, Audit | Recommendation: Immediate management intervention required | Review outlet performance and revenue drivers | Review inventory levels and replenishment | Reduce inventory wastage and improve stock rotation | Review staffing levels and operational efficiency | Review audit findings and compliance issues",32.76,Critical,Unknown,,,76.5,6,10,0,40,58.472500000000004,99.3125,269,27796,17.718,80.0,20.811178563356584,4.805109893010847,2119056.38,44100060.71
OUT0633,12.66,Critical,Critical,5,100.0,High,4,5,"Performance, Inventory, Inventory Wastage, Marketing, Audit",Marketing Growth,Immediate management intervention required | Review outlet performance and revenue drivers | Review inventory levels and replenishment | Reduce inventory wastage and improve stock rotation | Review marketing effectiveness and conversion performance | Review audit findings and compliance issues,"Health: Critical | Risk Areas: Performance, Inventory, Inventory Wastage, Marketing, Audit | Recommendation: Immediate management intervention required | Review outlet performance and revenue drivers | Review inventory levels and replenishment | Reduce inventory wastage and improve stock rotation | Review marketing effectiveness and conversion performance | Review audit findings and compliance issues",46.01,Critical,Unknown,,,72.625,3,20,0,40,57.17999999999999,96.8625,876,20315,18.167250000000003,52.5,19.184717340580654,5.212482322503342,2256265.16,43285809.34
OUT0214,12.81,Critical,Critical,5,100.0,High,4,5,"Performance, Inventory, Inventory Wastage, Staff, Audit",Marketing Growth,Immediate management intervention required | Review outlet performance and revenue drivers | Review inventory levels and replenishment | Reduce inventory wastage and improve stock rotation | Review staffing levels and operational efficiency | Review audit findings and compliance issues,"Health: Critical | Risk Areas: Performance, Inventory, Inventory Wastage, Staff, Audit | Recommendation: Immediate management intervention required | Review outlet performance and revenue drivers | Review inventory levels and replenishment | Reduce inventory wastage and improve stock rotation | Review staffing levels and operational efficiency | Review audit findings and compliance issues",18.42,Critical,Unknown,,,77.75,2,16,0,40,57.5775,99.3075,206,21935,17.70375,80.0,20.358112148148784,4.9120468181079975,1350752.39,27498768.64
OUT0682,12.81,Critical,Critical,5,100.0,High,4,5,"Performance, Inventory, Inventory Wastage, Staff, Audit",Marketing Growth,Immediate management intervention required | Review outlet performance and revenue drivers | Review inventory levels and replenishment | Reduce inventory wastage and improve stock rotation | Review staffing levels and operational efficiency | Review audit findings and compliance issues,"Health: Critical | Risk Areas: Performance, Inventory, Inventory Wastage, Staff, Audit | Recommendation: Immediate management intervention required | Review outlet performance and revenue drivers | Review inventory levels and replenishment | Reduce inventory wastage and improve stock rotation | Review staffing levels and operational efficiency | Review audit findings and compliance issues",33.72,Critical,Unknown,,,77.75,2,16,0,40,46.83,99.30499999999999,270,32373,22.36,80.0,22.813683367615624,4.383334264292961,1510605.18,34462468.27
OUT0288,12.88,Critical,Critical,5,100.0,High,4,5,"Performance, Inventory, Inventory Wastage, Marketing, Audit",Marketing Growth,Immediate management intervention required | Review outlet performance and revenue drivers | Review inventory levels and replenishment | Reduce inventory wastage and improve stock rotation | Review marketing effectiveness and conversion performance | Review audit findings and compliance issues,"Health: Critical | Risk Areas: Performance, Inventory, Inventory Wastage, Marketing, Audit | Recommendation: Immediate management intervention required | Review outlet performance and revenue drivers | Review inventory levels and replenishment | Reduce inventory wastage and improve stock rotation | Review marketing effectiveness and conversion performance | Review audit findings and compliance issues",10.6,Critical,Unknown,,,73.5,3,19,0,40,61.13250000000001,96.72749999999999,351,7263,17.593,52.5,21.73977275785838,4.599864088452927,337725.21,7342069.32
OUT0090,12.88,Critical,Critical,5,100.0,High,4,5,"Performance, Inventory, Inventory Wastage, Staff, Audit",Marketing Growth,Immediate management intervention required | Review outlet performance and revenue drivers | Review inventory levels and replenishment | Reduce inventory wastage and improve stock rotation | Review staffing levels and operational efficiency | Review audit findings and compliance issues,"Health: Critical | Risk Areas: Performance, Inventory, Inventory Wastage, Staff, Audit | Recommendation: Immediate management intervention required | Review outlet performance and revenue drivers | Review inventory levels and replenishment | Reduce inventory wastage and improve stock rotation | Review staffing levels and operational efficiency | Review audit findings and compliance issues",29.78,Critical,Unknown,,,78.0,4,12,0,40,71.66499999999999,98.025,854,24602,15.1555,80.0,20.345480994980928,4.915096380600155,1220252.13,24826616.52
OUT0325,12.94,Critical,Critical,5,100.0,High,4,5,"Performance, Inventory Wastage, Marketing, Staff, Audit",Marketing Growth,Immediate management intervention required | Review outlet performance and revenue drivers | Reduce inventory wastage and improve stock rotation | Review marketing effectiveness and conversion performance | Review staffing levels and operational efficiency | Review audit findings and compliance issues,"Health: Critical | Risk Areas: Performance, Inventory Wastage, Marketing, Staff, Audit | Recommendation: Immediate management intervention required | Review outlet performance and revenue drivers | Reduce inventory wastage and improve stock rotation | Review marketing effectiveness and conversion performance | Review staffing levels and operational efficiency | Review audit findings and compliance issues",24.15,Critical,Unknown,,,82.75,0,14,0,40,83.03999999999999,97.995,330,7087,13.101750000000001,52.5,20.912341041443344,4.781865397174975,1030944.03,21559453.15
OUT0169,13.0,Critical,Critical,5,100.0,High,4,5,"Performance, Inventory, Inventory Wastage, Staff, Audit",Marketing Growth,Immediate management intervention required | Review outlet performance and revenue drivers | Review inventory levels and replenishment | Reduce inventory wastage and improve stock rotation | Review staffing levels and operational efficiency | Review audit findings and compliance issues,"Health: Critical | Risk Areas: Performance, Inventory, Inventory Wastage, Staff, Audit | Recommendation: Immediate management intervention required | Review outlet performance and revenue drivers | Review inventory levels and replenishment | Reduce inventory wastage and improve stock rotation | Review staffing levels and operational efficiency | Review audit findings and compliance issues",31.86,Critical,Unknown,,,78.5,1,17,0,40,56.927499999999995,99.3275,319,34413,18.50575,80.0,20.08872050133281,4.977917831718819,2343131.71,47070518.02
OUT0602,13.03,Critical,Critical,5,100.0,High,4,5,"Performance, Inventory, Inventory Wastage, Staff, Audit",Marketing Growth,Immediate management intervention required | Review outlet performance and revenue drivers | Review inventory levels and replenishment | Reduce inventory wastage and improve stock rotation | Review staffing levels and operational efficiency | Review audit findings and compliance issues,"Health: Critical | Risk Areas: Performance, Inventory, Inventory Wastage, Staff, Audit | Recommendation: Immediate management intervention required | Review outlet performance and revenue drivers | Review inventory levels and replenishment | Reduce inventory wastage and improve stock rotation | Review staffing levels and operational efficiency | Review audit findings and compliance issues",20.37,Critical,Unknown,,,78.625,2,15,0,40,72.635,99.2625,159,11792,14.8295,80.0,20.34378678592504,4.915505704630446,769681.27,15658231.65
OUT0117,13.06,Critical,Critical,5,100.0,High,4,5,"Performance, Inventory, Inventory Wastage, Staff, Audit",Marketing Growth,Immediate management intervention required | Review outlet performance and revenue drivers | Review inventory levels and replenishment | Reduce inventory wastage and improve stock rotation | Review staffing levels and operational efficiency | Review audit findings and compliance issues,"Health: Critical | Risk Areas: Performance, Inventory, Inventory Wastage, Staff, Audit | Recommendation: Immediate management intervention required | Review outlet performance and revenue drivers | Review inventory levels and replenishment | Reduce inventory wastage and improve stock rotation | Review staffing levels and operational efficiency | Review audit findings and compliance issues",30.07,Critical,Unknown,,,78.75,3,13,0,40,43.8875,99.31,279,35224,23.24975,80.0,20.89751457479158,4.785258057464346,1445145.88,30199957.09
OUT0333,13.09,Critical,Critical,5,100.0,High,4,5,"Performance, Inventory, Inventory Wastage, Staff, Audit",Marketing Growth,Immediate management intervention required | Review outlet performance and revenue drivers | Review inventory levels and replenishment | Reduce inventory wastage and improve stock rotation | Review staffing levels and operational efficiency | Review audit findings and compliance issues,"Health: Critical | Risk Areas: Performance, Inventory, Inventory Wastage, Staff, Audit | Recommendation: Immediate management intervention required | Review outlet performance and revenue drivers | Review inventory levels and replenishment | Reduce inventory wastage and improve stock rotation | Review staffing levels and operational efficiency | Review audit findings and compliance issues",36.64,Critical,Unknown,,,78.875,4,11,0,40,53.5425,96.705,1118,25487,19.92575,80.0,19.612021896784505,5.098913336232585,2470623.94,48453930.81
OUT0700,13.12,Critical,Critical,5,100.0,High,4,5,"Performance, Inventory, Inventory Wastage, Marketing, Audit",Marketing Growth,Immediate management intervention required | Review outlet performance and revenue drivers | Review inventory levels and replenishment | Reduce inventory wastage and improve stock rotation | Review marketing effectiveness and conversion performance | Review audit findings and compliance issues,"Health: Critical | Risk Areas: Performance, Inventory, Inventory Wastage, Marketing, Audit | Recommendation: Immediate management intervention required | Review outlet performance and revenue drivers | Review inventory levels and replenishment | Reduce inventory wastage and improve stock rotation | Review marketing effectiveness and conversion performance | Review audit findings and compliance issues",11.34,Critical,Unknown,,,74.5,4,16,0,40,43.1,97.9475,563,23668,22.982499999999998,52.5,19.604891476298143,5.100767842601815,695157.82,13628493.62
OUT0494,13.16,Critical,Critical,5,100.0,High,4,5,"Performance, Inventory Wastage, Marketing, Staff, Audit",Marketing Growth,Immediate management intervention required | Review outlet performance and revenue drivers | Reduce inventory wastage and improve stock rotation | Review marketing effectiveness and conversion performance | Review staffing levels and operational efficiency | Review audit findings and compliance issues,"Health: Critical | Risk Areas: Performance, Inventory Wastage, Marketing, Staff, Audit | Recommendation: Immediate management intervention required | Review outlet performance and revenue drivers | Reduce inventory wastage and improve stock rotation | Review marketing effectiveness and conversion performance | Review staffing levels and operational efficiency | Review audit findings and compliance issues",33.74,Critical,Unknown,,,83.625,0,13,0,40,70.6575,99.25,205,16369,15.60575,52.5,19.564008627836788,5.111426901423172,1965762.73,38458199.01
OUT0462,13.16,Critical,Critical,5,100.0,High,4,5,"Performance, Inventory, Inventory Wastage, Marketing, Audit",Marketing Growth,Immediate management intervention required | Review outlet performance and revenue drivers | Review inventory levels and replenishment | Reduce inventory wastage and improve stock rotation | Review marketing effectiveness and conversion performance | Review audit findings and compliance issues,"Health: Critical | Risk Areas: Performance, Inventory, Inventory Wastage, Marketing, Audit | Recommendation: Immediate management intervention required | Review outlet performance and revenue drivers | Review inventory levels and replenishment | Reduce inventory wastage and improve stock rotation | Review marketing effectiveness and conversion performance | Review audit findings and compliance issues",41.7,Critical,Unknown,,,74.625,5,14,0,40,43.7425,99.285,222,26612,22.69975,52.5,20.04297725977395,4.989278723610537,2541099.19,50931193.28
OUT0297,13.19,Critical,Critical,5,100.0,High,4,5,"Inventory, Inventory Wastage, Marketing, Staff, Audit",Marketing Growth,Immediate management intervention required | Review inventory levels and replenishment | Reduce inventory wastage and improve stock rotation | Review marketing effectiveness and conversion performance | Review staffing levels and operational efficiency | Review audit findings and compliance issues,"Health: Critical | Risk Areas: Inventory, Inventory Wastage, Marketing, Staff, Audit | Recommendation: Immediate management intervention required | Review inventory levels and replenishment | Reduce inventory wastage and improve stock rotation | Review marketing effectiveness and conversion performance | Review staffing levels and operational efficiency | Review audit findings and compliance issues",50.53,Needs Improvement,Unknown,,,82.125,2,11,0,40,80.2975,99.22749999999999,321,20041,13.73175,37.5,19.218814356956223,5.203234608684647,2922309.39,56163321.66
OUT0630,13.22,Critical,Critical,5,100.0,High,4,5,"Performance, Inventory, Inventory Wastage, Marketing, Audit",Marketing Growth,Immediate management intervention required | Review outlet performance and revenue drivers | Review inventory levels and replenishment | Reduce inventory wastage and improve stock rotation | Review marketing effectiveness and conversion performance | Review audit findings and compliance issues,"Health: Critical | Risk Areas: Performance, Inventory, Inventory Wastage, Marketing, Audit | Recommendation: Immediate management intervention required | Review outlet performance and revenue drivers | Review inventory levels and replenishment | Reduce inventory wastage and improve stock rotation | Review marketing effectiveness and conversion performance | Review audit findings and compliance issues",23.51,Critical,Unknown,,,79.375,1,16,0,40,57.825,98.125,779,29764,18.752000000000002,37.5,18.63776482836912,5.365450252263454,1609018.99,29988517.54
OUT0436,13.31,Critical,Critical,5,100.0,High,4,5,"Inventory, Inventory Wastage, Marketing, Staff, Audit",Marketing Growth,Immediate management intervention required | Review inventory levels and replenishment | Reduce inventory wastage and improve stock rotation | Review marketing effectiveness and conversion performance | Review staffing levels and operational efficiency | Review audit findings and compliance issues,"Health: Critical | Risk Areas: Inventory, Inventory Wastage, Marketing, Staff, Audit | Recommendation: Immediate management intervention required | Review inventory levels and replenishment | Reduce inventory wastage and improve stock rotation | Review marketing effectiveness and conversion performance | Review staffing levels and operational efficiency | Review audit findings and compliance issues",52.18,Needs Improvement,Unknown,,,82.125,2,11,0,40,50.68,96.9875,1511,39542,20.924500000000002,52.5,19.571406023640247,5.109494937625344,3766349.76,73712760.38
OUT0278,13.5,Critical,Critical,5,100.0,High,4,5,"Performance, Inventory, Inventory Wastage, Marketing, Audit",Marketing Growth,Immediate management intervention required | Review outlet performance and revenue drivers | Review inventory levels and replenishment | Reduce inventory wastage and improve stock rotation | Review marketing effectiveness and conversion performance | Review audit findings and compliance issues,"Health: Critical | Risk Areas: Performance, Inventory, Inventory Wastage, Marketing, Audit | Recommendation: Immediate management intervention required | Review outlet performance and revenue drivers | Review inventory levels and replenishment | Reduce inventory wastage and improve stock rotation | Review marketing effectiveness and conversion performance | Review audit findings and compliance issues",18.1,Critical,Unknown,,,76.0,2,18,0,40,71.06,96.83500000000001,1158,20967,15.024750000000001,52.5,20.088542723790688,4.977961884789725,1071007.26,21514975.1
OUT0628,13.56,Critical,Critical,5,100.0,High,4,5,"Performance, Inventory, Inventory Wastage, Marketing, Audit",Marketing Growth,Immediate management intervention required | Review outlet performance and revenue drivers | Review inventory levels and replenishment | Reduce inventory wastage and improve stock rotation | Review marketing effectiveness and conversion performance | Review audit findings and compliance issues,"Health: Critical | Risk Areas: Performance, Inventory, Inventory Wastage, Marketing, Audit | Recommendation: Immediate management intervention required | Review outlet performance and revenue drivers | Review inventory levels and replenishment | Reduce inventory wastage and improve stock rotation | Review marketing effectiveness and conversion performance | Review audit findings and compliance issues",28.84,Critical,Unknown,,,76.25,4,14,0,40,55.8875,96.50750000000001,506,10651,18.9895,52.5,18.312741909491205,5.460678717269071,1033914.58,18933810.86
OUT0271,13.56,Critical,Critical,5,100.0,High,4,5,"Performance, Inventory, Inventory Wastage, Marketing, Audit",Marketing Growth,Immediate management intervention required | Review outlet performance and revenue drivers | Review inventory levels and replenishment | Reduce inventory wastage and improve stock rotation | Review marketing effectiveness and conversion performance | Review audit findings and compliance issues,"Health: Critical | Risk Areas: Performance, Inventory, Inventory Wastage, Marketing, Audit | Recommendation: Immediate management intervention required | Review outlet performance and revenue drivers | Review inventory levels and replenishment | Reduce inventory wastage and improve stock rotation | Review marketing effectiveness and conversion performance | Review audit findings and compliance issues",41.64,Critical,Unknown,,,76.25,4,14,0,40,52.1725,96.44500000000001,970,21408,20.05975,52.5,19.965803369744243,5.008563800219424,2220186.3,44327803.11
OUT0326,13.69,Critical,Critical,5,100.0,High,4,5,"Performance, Inventory, Inventory Wastage, Staff, Audit",Marketing Growth,Immediate management intervention required | Review outlet performance and revenue drivers | Review inventory levels and replenishment | Reduce inventory wastage and improve stock rotation | Review staffing levels and operational efficiency | Review audit findings and compliance issues,"Health: Critical | Risk Areas: Performance, Inventory, Inventory Wastage, Staff, Audit | Recommendation: Immediate management intervention required | Review outlet performance and revenue drivers | Review inventory levels and replenishment | Reduce inventory wastage and improve stock rotation | Review staffing levels and operational efficiency | Review audit findings and compliance issues",43.53,Critical,Unknown,,,81.25,2,12,0,40,51.802499999999995,96.92999999999999,1124,28631,20.56675,80.0,19.9530834063678,5.011756727688821,2605059.97,51978978.86
OUT0120,13.72,Critical,Critical,5,100.0,High,4,5,"Performance, Inventory, Inventory Wastage, Marketing, Staff",Marketing Growth,Immediate management intervention required | Review outlet performance and revenue drivers | Review inventory levels and replenishment | Reduce inventory wastage and improve stock rotation | Review marketing effectiveness and conversion performance | Review staffing levels and operational efficiency,"Health: Critical | Risk Areas: Performance, Inventory, Inventory Wastage, Marketing, Staff | Recommendation: Immediate management intervention required | Review outlet performance and revenue drivers | Review inventory levels and replenishment | Reduce inventory wastage and improve stock rotation | Review marketing effectiveness and conversion performance | Review staffing levels and operational efficiency",29.49,Critical,Unknown,,,75.375,4,15,0,40,44.32,98.05499999999999,371,16238,22.380000000000003,52.5,19.162896603613635,5.218417761599911,875175.46,16770896.85
OUT0749,13.78,Critical,Critical,5,100.0,High,4,5,"Performance, Inventory, Inventory Wastage, Marketing, Audit",Marketing Growth,Immediate management intervention required | Review outlet performance and revenue drivers | Review inventory levels and replenishment | Reduce inventory wastage and improve stock rotation | Review marketing effectiveness and conversion performance | Review audit findings and compliance issues,"Health: Critical | Risk Areas: Performance, Inventory, Inventory Wastage, Marketing, Audit | Recommendation: Immediate management intervention required | Review outlet performance and revenue drivers | Review inventory levels and replenishment | Reduce inventory wastage and improve stock rotation | Review marketing effectiveness and conversion performance | Review audit findings and compliance issues",24.71,Critical,Unknown,,,77.125,4,13,0,40,55.645,99.27250000000001,309,31417,19.87375,52.5,19.705560358614324,5.074709786483428,1220969.63,24059890.74
OUT0032,13.88,Critical,Critical,5,100.0,High,4,5,"Performance, Inventory, Inventory Wastage, Staff, Audit",Marketing Growth,Immediate management intervention required | Review outlet performance and revenue drivers | Review inventory levels and replenishment | Reduce inventory wastage and improve stock rotation | Review staffing levels and operational efficiency | Review audit findings and compliance issues,"Health: Critical | Risk Areas: Performance, Inventory, Inventory Wastage, Staff, Audit | Recommendation: Immediate management intervention required | Review outlet performance and revenue drivers | Review inventory levels and replenishment | Reduce inventory wastage and improve stock rotation | Review staffing levels and operational efficiency | Review audit findings and compliance issues",48.2,Critical,Unknown,,,82.0,1,13,0,40,50.9325,99.32000000000001,262,30496,20.5965,80.0,22.606226011068312,4.423560126800407,2678003.27,60539547.18
OUT0128,14.06,Critical,Critical,5,100.0,High,4,5,"Performance, Inventory, Inventory Wastage, Marketing, Staff",Marketing Growth,Immediate management intervention required | Review outlet performance and revenue drivers | Review inventory levels and replenishment | Reduce inventory wastage and improve stock rotation | Review marketing effectiveness and conversion performance | Review staffing levels and operational efficiency,"Health: Critical | Risk Areas: Performance, Inventory, Inventory Wastage, Marketing, Staff | Recommendation: Immediate management intervention required | Review outlet performance and revenue drivers | Review inventory levels and replenishment | Reduce inventory wastage and improve stock rotation | Review marketing effectiveness and conversion performance | Review staffing levels and operational efficiency",28.64,Critical,Unknown,,,76.75,1,19,0,40,73.44,96.74249999999999,1272,21316,14.154499999999999,52.5,21.788840442517536,4.589505360040434,1600014.34,34862457.160000004
OUT0080,14.09,Critical,Critical,5,100.0,High,4,5,"Performance, Inventory, Inventory Wastage, Marketing, Staff",Marketing Growth,Immediate management intervention required | Review outlet performance and revenue drivers | Review inventory levels and replenishment | Reduce inventory wastage and improve stock rotation | Review marketing effectiveness and conversion performance | Review staffing levels and operational efficiency,"Health: Critical | Risk Areas: Performance, Inventory, Inventory Wastage, Marketing, Staff | Recommendation: Immediate management intervention required | Review outlet performance and revenue drivers | Review inventory levels and replenishment | Reduce inventory wastage and improve stock rotation | Review marketing effectiveness and conversion performance | Review staffing levels and operational efficiency",44.36,Critical,Unknown,,,76.875,2,17,0,40,68.93249999999999,98.0025,993,29593,15.635749999999998,52.5,23.20320191299032,4.30975002394023,2242997.24,52044717.85
OUT0538,14.16,Critical,Critical,5,100.0,High,4,5,"Performance, Inventory, Inventory Wastage, Marketing, Audit",Marketing Growth,Immediate management intervention required | Review outlet performance and revenue drivers | Review inventory levels and replenishment | Reduce inventory wastage and improve stock rotation | Review marketing effectiveness and conversion performance | Review audit findings and compliance issues,"Health: Critical | Risk Areas: Performance, Inventory, Inventory Wastage, Marketing, Audit | Recommendation: Immediate management intervention required | Review outlet performance and revenue drivers | Review inventory levels and replenishment | Reduce inventory wastage and improve stock rotation | Review marketing effectiveness and conversion performance | Review audit findings and compliance issues",33.4,Critical,Unknown,,,78.625,2,15,0,40,45.37,96.66499999999999,1134,29042,22.337,52.5,21.34884393619552,4.684094384635825,1381749.86,29498762.12
OUT0131,14.16,Critical,Critical,5,100.0,High,4,5,"Performance, Inventory, Inventory Wastage, Marketing, Audit",Marketing Growth,Immediate management intervention required | Review outlet performance and revenue drivers | Review inventory levels and replenishment | Reduce inventory wastage and improve stock rotation | Review marketing effectiveness and conversion performance | Review audit findings and compliance issues,"Health: Critical | Risk Areas: Performance, Inventory, Inventory Wastage, Marketing, Audit | Recommendation: Immediate management intervention required | Review outlet performance and revenue drivers | Review inventory levels and replenishment | Reduce inventory wastage and improve stock rotation | Review marketing effectiveness and conversion performance | Review audit findings and compliance issues",29.58,Critical,Unknown,,,78.625,2,15,0,40,62.467499999999994,96.845,862,18359,16.8535,52.5,19.707656585697844,5.074170009262875,1515881.42,29874470.45
OUT0328,14.16,Critical,Critical,5,100.0,High,4,5,"Performance, Inventory, Inventory Wastage, Marketing, Audit",Marketing Growth,Immediate management intervention required | Review outlet performance and revenue drivers | Review inventory levels and replenishment | Reduce inventory wastage and improve stock rotation | Review marketing effectiveness and conversion performance | Review audit findings and compliance issues,"Health: Critical | Risk Areas: Performance, Inventory, Inventory Wastage, Marketing, Audit | Recommendation: Immediate management intervention required | Review outlet performance and revenue drivers | Review inventory levels and replenishment | Reduce inventory wastage and improve stock rotation | Review marketing effectiveness and conversion performance | Review audit findings and compliance issues",31.63,Critical,Unknown,,,78.625,2,15,0,40,42.05,96.5475,2260,57192,23.4935,52.5,19.179740150043735,5.213834974702301,2034230.86,39016019.3
OUT0201,14.28,Critical,Critical,5,100.0,High,4,5,"Performance, Inventory, Inventory Wastage, Marketing, Audit",Marketing Growth,Immediate management intervention required | Review outlet performance and revenue drivers | Review inventory levels and replenishment | Reduce inventory wastage and improve stock rotation | Review marketing effectiveness and conversion performance | Review audit findings and compliance issues,"Health: Critical | Risk Areas: Performance, Inventory, Inventory Wastage, Marketing, Audit | Recommendation: Immediate management intervention required | Review outlet performance and revenue drivers | Review inventory levels and replenishment | Reduce inventory wastage and improve stock rotation | Review marketing effectiveness and conversion performance | Review audit findings and compliance issues",31.97,Critical,Unknown,,,74.625,5,14,0,40,53.489999999999995,96.6725,502,11464,18.9405,52.5,23.74212067496417,4.211923668025537,691919.99,16427647.9
OUT0089,14.38,Critical,Critical,5,100.0,High,4,5,"Performance, Inventory, Inventory Wastage, Marketing, Audit",Marketing Growth,Immediate management intervention required | Review outlet performance and revenue drivers | Review inventory levels and replenishment | Reduce inventory wastage and improve stock rotation | Review marketing effectiveness and conversion performance | Review audit findings and compliance issues,"Health: Critical | Risk Areas: Performance, Inventory, Inventory Wastage, Marketing, Audit | Recommendation: Immediate management intervention required | Review outlet performance and revenue drivers | Review inventory levels and replenishment | Reduce inventory wastage and improve stock rotation | Review marketing effectiveness and conversion performance | Review audit findings and compliance issues",22.12,Critical,Unknown,,,79.5,2,14,0,40,74.4275,99.22749999999999,190,13271,15.04325,52.5,21.16006540872328,4.725883312193109,1175500.7,24873671.7
OUT0126,14.47,Critical,Critical,5,100.0,High,4,5,"Performance, Inventory, Inventory Wastage, Marketing, Audit",Marketing Growth,Immediate management intervention required | Review outlet performance and revenue drivers | Review inventory levels and replenishment | Reduce inventory wastage and improve stock rotation | Review marketing effectiveness and conversion performance | Review audit findings and compliance issues,"Health: Critical | Risk Areas: Performance, Inventory, Inventory Wastage, Marketing, Audit | Recommendation: Immediate management intervention required | Review outlet performance and revenue drivers | Review inventory levels and replenishment | Reduce inventory wastage and improve stock rotation | Review marketing effectiveness and conversion performance | Review audit findings and compliance issues",46.36,Critical,Unknown,,,75.375,4,15,0,40,62.995000000000005,96.83500000000001,2169,46107,17.179750000000002,52.5,19.12660390929442,5.228319699317128,4500442.31,86078177.48
OUT0586,14.56,Critical,Critical,5,100.0,High,4,5,"Performance, Inventory, Inventory Wastage, Marketing, Audit",Marketing Growth,Immediate management intervention required | Review outlet performance and revenue drivers | Review inventory levels and replenishment | Reduce inventory wastage and improve stock rotation | Review marketing effectiveness and conversion performance | Review audit findings and compliance issues,"Health: Critical | Risk Areas: Performance, Inventory, Inventory Wastage, Marketing, Audit | Recommendation: Immediate management intervention required | Review outlet performance and revenue drivers | Review inventory levels and replenishment | Reduce inventory wastage and improve stock rotation | Review marketing effectiveness and conversion performance | Review audit findings and compliance issues",24.0,Critical,Unknown,,,74.25,2,20,0,40,73.30499999999999,96.42,733,11073,13.60975,37.5,19.184525213680725,5.21253452385096,533450.08,10233986.51
OUT0205,14.75,Critical,Critical,5,100.0,High,4,5,"Performance, Inventory, Inventory Wastage, Marketing, Staff",Marketing Growth,Immediate management intervention required | Review outlet performance and revenue drivers | Review inventory levels and replenishment | Reduce inventory wastage and improve stock rotation | Review marketing effectiveness and conversion performance | Review staffing levels and operational efficiency,"Health: Critical | Risk Areas: Performance, Inventory, Inventory Wastage, Marketing, Staff | Recommendation: Immediate management intervention required | Review outlet performance and revenue drivers | Review inventory levels and replenishment | Reduce inventory wastage and improve stock rotation | Review marketing effectiveness and conversion performance | Review staffing levels and operational efficiency",16.07,Critical,Unknown,,,79.5,2,14,0,40,61.455,98.11749999999999,251,9168,17.799,52.5,20.48673938001442,4.881206235168576,403234.54,8260960.93
OUT0281,14.78,Critical,Critical,5,100.0,High,4,5,"Performance, Inventory, Inventory Wastage, Marketing, Audit",Marketing Growth,Immediate management intervention required | Review outlet performance and revenue drivers | Review inventory levels and replenishment | Reduce inventory wastage and improve stock rotation | Review marketing effectiveness and conversion performance | Review audit findings and compliance issues,"Health: Critical | Risk Areas: Performance, Inventory, Inventory Wastage, Marketing, Audit | Recommendation: Immediate management intervention required | Review outlet performance and revenue drivers | Review inventory levels and replenishment | Reduce inventory wastage and improve stock rotation | Review marketing effectiveness and conversion performance | Review audit findings and compliance issues",47.3,Critical,Unknown,,,81.125,1,14,0,40,55.7,96.5025,2555,54234,19.8605,52.5,18.840878887773638,5.307608025912887,3510555.15,66141944.41
OUT0559,14.84,Critical,Critical,5,100.0,High,4,5,"Performance, Inventory, Inventory Wastage, Marketing, Audit",Marketing Growth,Immediate management intervention required | Review outlet performance and revenue drivers | Review inventory levels and replenishment | Reduce inventory wastage and improve stock rotation | Review marketing effectiveness and conversion performance | Review audit findings and compliance issues,"Health: Critical | Risk Areas: Performance, Inventory, Inventory Wastage, Marketing, Audit | Recommendation: Immediate management intervention required | Review outlet performance and revenue drivers | Review inventory levels and replenishment | Reduce inventory wastage and improve stock rotation | Review marketing effectiveness and conversion performance | Review audit findings and compliance issues",30.0,Critical,Unknown,,,81.375,3,10,0,40,75.53,99.3725,183,15585,14.49725,52.5,20.56046419073973,4.863703419937339,1287822.33,26478224.9
OUT0004,14.88,Critical,Critical,5,100.0,High,4,5,"Performance, Inventory, Inventory Wastage, Marketing, Audit",Marketing Growth,Immediate management intervention required | Review outlet performance and revenue drivers | Review inventory levels and replenishment | Reduce inventory wastage and improve stock rotation | Review marketing effectiveness and conversion performance | Review audit findings and compliance issues,"Health: Critical | Risk Areas: Performance, Inventory, Inventory Wastage, Marketing, Audit | Recommendation: Immediate management intervention required | Review outlet performance and revenue drivers | Review inventory levels and replenishment | Reduce inventory wastage and improve stock rotation | Review marketing effectiveness and conversion performance | Review audit findings and compliance issues",30.27,Critical,Unknown,,,77.0,3,15,0,40,58.4125,99.25,130,12304,17.731749999999998,52.5,19.38503248426861,5.158619160486435,773871.51,15001524.36
OUT0231,14.91,Critical,Critical,5,100.0,High,4,5,"Performance, Inventory, Inventory Wastage, Marketing, Audit",Marketing Growth,Immediate management intervention required | Review outlet performance and revenue drivers | Review inventory levels and replenishment | Reduce inventory wastage and improve stock rotation | Review marketing effectiveness and conversion performance | Review audit findings and compliance issues,"Health: Critical | Risk Areas: Performance, Inventory, Inventory Wastage, Marketing, Audit | Recommendation: Immediate management intervention required | Review outlet performance and revenue drivers | Review inventory levels and replenishment | Reduce inventory wastage and improve stock rotation | Review marketing effectiveness and conversion performance | Review audit findings and compliance issues",26.41,Critical,Unknown,,,77.125,4,13,0,40,57.7625,96.74,732,16013,18.43675,52.5,20.264635389156695,4.934705119516164,849919.3200000001,17223305.13
OUT0553,15.34,Critical,Critical,5,100.0,High,4,5,"Performance, Inventory, Inventory Wastage, Marketing, Audit",Marketing Growth,Immediate management intervention required | Review outlet performance and revenue drivers | Review inventory levels and replenishment | Reduce inventory wastage and improve stock rotation | Review marketing effectiveness and conversion performance | Review audit findings and compliance issues,"Health: Critical | Risk Areas: Performance, Inventory, Inventory Wastage, Marketing, Audit | Recommendation: Immediate management intervention required | Review outlet performance and revenue drivers | Review inventory levels and replenishment | Reduce inventory wastage and improve stock rotation | Review marketing effectiveness and conversion performance | Review audit findings and compliance issues",40.9,Critical,Unknown,,,78.875,4,11,0,40,70.7225,97.0175,1282,24866,14.844999999999999,52.5,20.95589303039621,4.771927393165802,1688948.95,35393433.53
OUT0244,15.41,Critical,Critical,5,100.0,High,4,5,"Performance, Inventory, Inventory Wastage, Marketing, Audit",Marketing Growth,Immediate management intervention required | Review outlet performance and revenue drivers | Review inventory levels and replenishment | Reduce inventory wastage and improve stock rotation | Review marketing effectiveness and conversion performance | Review audit findings and compliance issues,"Health: Critical | Risk Areas: Performance, Inventory, Inventory Wastage, Marketing, Audit | Recommendation: Immediate management intervention required | Review outlet performance and revenue drivers | Review inventory levels and replenishment | Reduce inventory wastage and improve stock rotation | Review marketing effectiveness and conversion performance | Review audit findings and compliance issues",44.37,Critical,Unknown,,,77.625,1,18,0,40,65.485,99.3775,251,26777,15.9315,37.5,18.128514682315306,5.516171719106795,2782486.9,50442354.62
OUT0665,15.47,Critical,Critical,5,100.0,High,4,5,"Performance, Inventory, Inventory Wastage, Marketing, Audit",Marketing Growth,Immediate management intervention required | Review outlet performance and revenue drivers | Review inventory levels and replenishment | Reduce inventory wastage and improve stock rotation | Review marketing effectiveness and conversion performance | Review audit findings and compliance issues,"Health: Critical | Risk Areas: Performance, Inventory, Inventory Wastage, Marketing, Audit | Recommendation: Immediate management intervention required | Review outlet performance and revenue drivers | Review inventory levels and replenishment | Reduce inventory wastage and improve stock rotation | Review marketing effectiveness and conversion performance | Review audit findings and compliance issues",41.68,Critical,Unknown,,,79.375,1,16,0,40,67.6575,97.99,692,21087,16.23975,52.5,19.83122655726669,5.0425524468307446,1915420.31,37985134.12
OUT0011,15.66,Critical,Critical,5,100.0,High,4,5,"Performance, Inventory, Inventory Wastage, Marketing, Audit",Marketing Growth,Immediate management intervention required | Review outlet performance and revenue drivers | Review inventory levels and replenishment | Reduce inventory wastage and improve stock rotation | Review marketing effectiveness and conversion performance | Review audit findings and compliance issues,"Health: Critical | Risk Areas: Performance, Inventory, Inventory Wastage, Marketing, Audit | Recommendation: Immediate management intervention required | Review outlet performance and revenue drivers | Review inventory levels and replenishment | Reduce inventory wastage and improve stock rotation | Review marketing effectiveness and conversion performance | Review audit findings and compliance issues",24.7,Critical,Unknown,,,78.625,2,15,0,40,63.317499999999995,96.64750000000001,686,13758,16.853,37.5,18.900104027995337,5.290976168801893,1579228.74,29847587.47
OUT0050,15.69,Critical,Critical,5,100.0,High,4,5,"Performance, Inventory, Inventory Wastage, Marketing, Audit",Marketing Growth,Immediate management intervention required | Review outlet performance and revenue drivers | Review inventory levels and replenishment | Reduce inventory wastage and improve stock rotation | Review marketing effectiveness and conversion performance | Review audit findings and compliance issues,"Health: Critical | Risk Areas: Performance, Inventory, Inventory Wastage, Marketing, Audit | Recommendation: Immediate management intervention required | Review outlet performance and revenue drivers | Review inventory levels and replenishment | Reduce inventory wastage and improve stock rotation | Review marketing effectiveness and conversion performance | Review audit findings and compliance issues",28.97,Critical,Unknown,,,80.25,1,15,0,40,76.785,98.09,387,10549,14.0555,52.5,20.18896073635835,4.953201965463718,922172.74,18617709.24
OUT0546,15.84,Critical,Critical,5,100.0,High,4,5,"Performance, Inventory, Inventory Wastage, Marketing, Audit",Marketing Growth,Immediate management intervention required | Review outlet performance and revenue drivers | Review inventory levels and replenishment | Reduce inventory wastage and improve stock rotation | Review marketing effectiveness and conversion performance | Review audit findings and compliance issues,"Health: Critical | Risk Areas: Performance, Inventory, Inventory Wastage, Marketing, Audit | Recommendation: Immediate management intervention required | Review outlet performance and revenue drivers | Review inventory levels and replenishment | Reduce inventory wastage and improve stock rotation | Review marketing effectiveness and conversion performance | Review audit findings and compliance issues",37.06,Critical,Unknown,,,79.375,1,16,0,40,45.945,96.5975,2508,61507,23.66975,37.5,19.24416984087039,5.196378998257537,2750779.12,52936460.58
OUT0596,15.91,Critical,Critical,5,100.0,High,4,5,"Performance, Inventory, Inventory Wastage, Marketing, Audit",Marketing Growth,Immediate management intervention required | Review outlet performance and revenue drivers | Review inventory levels and replenishment | Reduce inventory wastage and improve stock rotation | Review marketing effectiveness and conversion performance | Review audit findings and compliance issues,"Health: Critical | Risk Areas: Performance, Inventory, Inventory Wastage, Marketing, Audit | Recommendation: Immediate management intervention required | Review outlet performance and revenue drivers | Review inventory levels and replenishment | Reduce inventory wastage and improve stock rotation | Review marketing effectiveness and conversion performance | Review audit findings and compliance issues",45.41,Critical,Unknown,,,81.125,1,14,0,40,76.35499999999999,96.65,1088,16765,14.582249999999998,52.5,17.72621026480923,5.641363749279446,2854653.15,50602181.97
OUT0417,16.19,Critical,Critical,5,100.0,High,4,5,"Performance, Inventory, Inventory Wastage, Marketing, Audit",Marketing Growth,Immediate management intervention required | Review outlet performance and revenue drivers | Review inventory levels and replenishment | Reduce inventory wastage and improve stock rotation | Review marketing effectiveness and conversion performance | Review audit findings and compliance issues,"Health: Critical | Risk Areas: Performance, Inventory, Inventory Wastage, Marketing, Audit | Recommendation: Immediate management intervention required | Review outlet performance and revenue drivers | Review inventory levels and replenishment | Reduce inventory wastage and improve stock rotation | Review marketing effectiveness and conversion performance | Review audit findings and compliance issues",34.25,Critical,Unknown,,,71.75,3,21,0,40,71.19500000000001,99.2775,205,15570,14.077250000000001,52.5,20.69874894723001,4.831209859829833,1633903.9,33819766.63
OUT0652,16.38,Critical,Critical,5,100.0,High,4,5,"Performance, Inventory, Inventory Wastage, Marketing, Audit",Marketing Growth,Immediate management intervention required | Review outlet performance and revenue drivers | Review inventory levels and replenishment | Reduce inventory wastage and improve stock rotation | Review marketing effectiveness and conversion performance | Review audit findings and compliance issues,"Health: Critical | Risk Areas: Performance, Inventory, Inventory Wastage, Marketing, Audit | Recommendation: Immediate management intervention required | Review outlet performance and revenue drivers | Review inventory levels and replenishment | Reduce inventory wastage and improve stock rotation | Review marketing effectiveness and conversion performance | Review audit findings and compliance issues",44.99,Critical,Unknown,,,72.5,2,22,0,40,61.6675,99.325,474,47276,16.47825,52.5,21.82178111434898,4.582577355898996,3049583.09,66547334.68
OUT0658,16.38,Critical,Critical,5,100.0,High,4,5,"Performance, Inventory, Inventory Wastage, Marketing, Audit",Marketing Growth,Immediate management intervention required | Review outlet performance and revenue drivers | Review inventory levels and replenishment | Reduce inventory wastage and improve stock rotation | Review marketing effectiveness and conversion performance | Review audit findings and compliance issues,"Health: Critical | Risk Areas: Performance, Inventory, Inventory Wastage, Marketing, Audit | Recommendation: Immediate management intervention required | Review outlet performance and revenue drivers | Review inventory levels and replenishment | Reduce inventory wastage and improve stock rotation | Review marketing effectiveness and conversion performance | Review audit findings and compliance issues",34.78,Critical,Unknown,,,72.5,2,22,0,40,60.38250000000001,96.6875,1090,22470,16.9845,52.5,20.289555656335992,4.928644160266376,1811109.88,36746614.71
OUT0512,16.44,Critical,Critical,5,100.0,High,4,5,"Performance, Inventory, Inventory Wastage, Marketing, Audit",Marketing Growth,Immediate management intervention required | Review outlet performance and revenue drivers | Review inventory levels and replenishment | Reduce inventory wastage and improve stock rotation | Review marketing effectiveness and conversion performance | Review audit findings and compliance issues,"Health: Critical | Risk Areas: Performance, Inventory, Inventory Wastage, Marketing, Audit | Recommendation: Immediate management intervention required | Review outlet performance and revenue drivers | Review inventory levels and replenishment | Reduce inventory wastage and improve stock rotation | Review marketing effectiveness and conversion performance | Review audit findings and compliance issues",45.45,Critical,Unknown,,,72.75,4,18,0,40,63.89,99.3025,235,22227,16.393250000000002,52.5,19.194763275983632,5.209754273193845,2769601.75,53161849.96
OUT0351,16.47,Critical,Critical,5,100.0,High,4,5,"Performance, Inventory, Inventory Wastage, Marketing, Audit",Marketing Growth,Immediate management intervention required | Review outlet performance and revenue drivers | Review inventory levels and replenishment | Reduce inventory wastage and improve stock rotation | Review marketing effectiveness and conversion performance | Review audit findings and compliance issues,"Health: Critical | Risk Areas: Performance, Inventory, Inventory Wastage, Marketing, Audit | Recommendation: Immediate management intervention required | Review outlet performance and revenue drivers | Review inventory levels and replenishment | Reduce inventory wastage and improve stock rotation | Review marketing effectiveness and conversion performance | Review audit findings and compliance issues",29.94,Critical,Unknown,,,72.875,5,16,0,40,60.807500000000005,96.33250000000001,1511,28651,17.31175,52.5,20.65508699673812,4.8414223583658655,1115682.06,23044510.01
OUT0478,16.5,Critical,Critical,5,100.0,High,4,5,"Performance, Inventory, Inventory Wastage, Marketing, Audit",Marketing Growth,Immediate management intervention required | Review outlet performance and revenue drivers | Review inventory levels and replenishment | Reduce inventory wastage and improve stock rotation | Review marketing effectiveness and conversion performance | Review audit findings and compliance issues,"Health: Critical | Risk Areas: Performance, Inventory, Inventory Wastage, Marketing, Audit | Recommendation: Immediate management intervention required | Review outlet performance and revenue drivers | Review inventory levels and replenishment | Reduce inventory wastage and improve stock rotation | Review marketing effectiveness and conversion performance | Review audit findings and compliance issues",48.07,Critical,Unknown,,,73.0,6,14,0,40,38.489999999999995,97.00750000000001,2682,81026,24.7655,52.5,18.711721173621644,5.34424380697658,3771899.08,70578723.88
OUT0356,16.56,Critical,Critical,5,100.0,High,4,5,"Performance, Inventory, Inventory Wastage, Marketing, Audit",Marketing Growth,Immediate management intervention required | Review outlet performance and revenue drivers | Review inventory levels and replenishment | Reduce inventory wastage and improve stock rotation | Review marketing effectiveness and conversion performance | Review audit findings and compliance issues,"Health: Critical | Risk Areas: Performance, Inventory, Inventory Wastage, Marketing, Audit | Recommendation: Immediate management intervention required | Review outlet performance and revenue drivers | Review inventory levels and replenishment | Reduce inventory wastage and improve stock rotation | Review marketing effectiveness and conversion performance | Review audit findings and compliance issues",34.97,Critical,Unknown,,,83.75,1,11,0,40,81.55,96.4425,1020,12853,13.23,52.5,19.16057001314371,5.219051412948691,1077146.39,20638738.82
OUT0174,16.59,Critical,Critical,5,100.0,High,4,5,"Performance, Inventory, Inventory Wastage, Marketing, Audit",Marketing Growth,Immediate management intervention required | Review outlet performance and revenue drivers | Review inventory levels and replenishment | Reduce inventory wastage and improve stock rotation | Review marketing effectiveness and conversion performance | Review audit findings and compliance issues,"Health: Critical | Risk Areas: Performance, Inventory, Inventory Wastage, Marketing, Audit | Recommendation: Immediate management intervention required | Review outlet performance and revenue drivers | Review inventory levels and replenishment | Reduce inventory wastage and improve stock rotation | Review marketing effectiveness and conversion performance | Review audit findings and compliance issues",37.73,Critical,Unknown,,,73.375,2,21,0,40,64.8075,99.2475,556,48586,16.201249999999998,52.5,19.1829848029383,5.2129530950096346,2243306.02,43033305.29
OUT0649,16.66,Critical,Critical,5,100.0,High,4,5,"Performance, Inventory, Inventory Wastage, Marketing, Audit",Marketing Growth,Immediate management intervention required | Review outlet performance and revenue drivers | Review inventory levels and replenishment | Reduce inventory wastage and improve stock rotation | Review marketing effectiveness and conversion performance | Review audit findings and compliance issues,"Health: Critical | Risk Areas: Performance, Inventory, Inventory Wastage, Marketing, Audit | Recommendation: Immediate management intervention required | Review outlet performance and revenue drivers | Review inventory levels and replenishment | Reduce inventory wastage and improve stock rotation | Review marketing effectiveness and conversion performance | Review audit findings and compliance issues",33.91,Critical,Unknown,,,73.625,4,17,0,40,72.5025,99.255,461,33937,14.169999999999998,52.5,18.526776947454337,5.397592915574042,2108067.4,39055694.51
OUT0322,16.72,Critical,Critical,5,100.0,High,4,5,"Performance, Inventory, Inventory Wastage, Marketing, Audit",Marketing Growth,Immediate management intervention required | Review outlet performance and revenue drivers | Review inventory levels and replenishment | Reduce inventory wastage and improve stock rotation | Review marketing effectiveness and conversion performance | Review audit findings and compliance issues,"Health: Critical | Risk Areas: Performance, Inventory, Inventory Wastage, Marketing, Audit | Recommendation: Immediate management intervention required | Review outlet performance and revenue drivers | Review inventory levels and replenishment | Reduce inventory wastage and improve stock rotation | Review marketing effectiveness and conversion performance | Review audit findings and compliance issues",48.18,Critical,Unknown,,,73.875,6,13,0,40,46.9975,99.375,341,45155,22.75325,52.5,18.987629669857743,5.266586811451606,1464831.56,27813679.19
OUT0209,16.81,Critical,Critical,5,100.0,High,4,5,"Performance, Inventory, Inventory Wastage, Marketing, Audit",Marketing Growth,Immediate management intervention required | Review outlet performance and revenue drivers | Review inventory levels and replenishment | Reduce inventory wastage and improve stock rotation | Review marketing effectiveness and conversion performance | Review audit findings and compliance issues,"Health: Critical | Risk Areas: Performance, Inventory, Inventory Wastage, Marketing, Audit | Recommendation: Immediate management intervention required | Review outlet performance and revenue drivers | Review inventory levels and replenishment | Reduce inventory wastage and improve stock rotation | Review marketing effectiveness and conversion performance | Review audit findings and compliance issues",44.89,Critical,Unknown,,,74.25,2,20,0,40,48.79,99.3725,375,48510,20.469,52.5,19.208703680911203,5.205973378587529,3933554.82,75558488.95
OUT0747,16.84,Critical,Critical,5,100.0,High,4,5,"Performance, Inventory, Inventory Wastage, Marketing, Audit",Marketing Growth,Immediate management intervention required | Review outlet performance and revenue drivers | Review inventory levels and replenishment | Reduce inventory wastage and improve stock rotation | Review marketing effectiveness and conversion performance | Review audit findings and compliance issues,"Health: Critical | Risk Areas: Performance, Inventory, Inventory Wastage, Marketing, Audit | Recommendation: Immediate management intervention required | Review outlet performance and revenue drivers | Review inventory levels and replenishment | Reduce inventory wastage and improve stock rotation | Review marketing effectiveness and conversion performance | Review audit findings and compliance issues",34.11,Critical,Unknown,,,74.375,3,18,0,40,58.515,99.3225,179,18820,17.16375,52.5,19.93027110584712,5.017493212656906,1239279.8,24699182.39
OUT0689,16.84,Critical,Critical,5,100.0,High,4,5,"Performance, Inventory, Inventory Wastage, Marketing, Audit",Marketing Growth,Immediate management intervention required | Review outlet performance and revenue drivers | Review inventory levels and replenishment | Reduce inventory wastage and improve stock rotation | Review marketing effectiveness and conversion performance | Review audit findings and compliance issues,"Health: Critical | Risk Areas: Performance, Inventory, Inventory Wastage, Marketing, Audit | Recommendation: Immediate management intervention required | Review outlet performance and revenue drivers | Review inventory levels and replenishment | Reduce inventory wastage and improve stock rotation | Review marketing effectiveness and conversion performance | Review audit findings and compliance issues",31.49,Critical,Unknown,,,74.375,3,18,0,40,56.7725,99.2625,113,11204,18.188499999999998,52.5,18.746069487939064,5.334451580067944,1200282.54,22500579.9
OUT0064,17.06,Critical,Critical,5,100.0,High,4,5,"Performance, Inventory, Inventory Wastage, Marketing, Audit",Marketing Growth,Immediate management intervention required | Review outlet performance and revenue drivers | Review inventory levels and replenishment | Reduce inventory wastage and improve stock rotation | Review marketing effectiveness and conversion performance | Review audit findings and compliance issues,"Health: Critical | Risk Areas: Performance, Inventory, Inventory Wastage, Marketing, Audit | Recommendation: Immediate management intervention required | Review outlet performance and revenue drivers | Review inventory levels and replenishment | Reduce inventory wastage and improve stock rotation | Review marketing effectiveness and conversion performance | Review audit findings and compliance issues",47.29,Critical,Unknown,,,75.25,3,17,0,40,75.58,99.325,343,25577,14.29925,52.5,18.934457416744653,5.281376582334236,2177924.38,41237816.43
OUT0675,17.09,Critical,Critical,5,100.0,High,4,5,"Performance, Inventory, Inventory Wastage, Marketing, Audit",Marketing Growth,Immediate management intervention required | Review outlet performance and revenue drivers | Review inventory levels and replenishment | Reduce inventory wastage and improve stock rotation | Review marketing effectiveness and conversion performance | Review audit findings and compliance issues,"Health: Critical | Risk Areas: Performance, Inventory, Inventory Wastage, Marketing, Audit | Recommendation: Immediate management intervention required | Review outlet performance and revenue drivers | Review inventory levels and replenishment | Reduce inventory wastage and improve stock rotation | Review marketing effectiveness and conversion performance | Review audit findings and compliance issues",47.95,Critical,Unknown,,,75.375,4,15,0,40,64.14500000000001,97.9725,1307,42514,16.25225,52.5,18.885854085423684,5.294968368795199,3952515.88,74646638.17999999
OUT0043,17.25,Critical,Critical,5,100.0,High,4,5,"Performance, Inventory, Inventory Wastage, Marketing, Audit",Marketing Growth,Immediate management intervention required | Review outlet performance and revenue drivers | Review inventory levels and replenishment | Reduce inventory wastage and improve stock rotation | Review marketing effectiveness and conversion performance | Review audit findings and compliance issues,"Health: Critical | Risk Areas: Performance, Inventory, Inventory Wastage, Marketing, Audit | Recommendation: Immediate management intervention required | Review outlet performance and revenue drivers | Review inventory levels and replenishment | Reduce inventory wastage and improve stock rotation | Review marketing effectiveness and conversion performance | Review audit findings and compliance issues",37.84,Critical,Unknown,,,76.0,2,18,0,40,67.75750000000001,96.7525,792,15014,15.553749999999999,52.5,18.536734487817107,5.39469344321261,1628707.75,30190923.12
OUT0429,17.25,Critical,Critical,5,100.0,High,4,5,"Performance, Inventory, Inventory Wastage, Marketing, Audit",Marketing Growth,Immediate management intervention required | Review outlet performance and revenue drivers | Review inventory levels and replenishment | Reduce inventory wastage and improve stock rotation | Review marketing effectiveness and conversion performance | Review audit findings and compliance issues,"Health: Critical | Risk Areas: Performance, Inventory, Inventory Wastage, Marketing, Audit | Recommendation: Immediate management intervention required | Review outlet performance and revenue drivers | Review inventory levels and replenishment | Reduce inventory wastage and improve stock rotation | Review marketing effectiveness and conversion performance | Review audit findings and compliance issues",29.31,Critical,Unknown,,,76.0,2,18,0,40,41.295,99.3025,294,36872,24.069499999999998,52.5,19.231495888382067,5.199803519205752,1056843.09,20324673.54
OUT0481,17.31,Critical,Critical,5,100.0,High,4,5,"Performance, Inventory, Inventory Wastage, Marketing, Audit",Marketing Growth,Immediate management intervention required | Review outlet performance and revenue drivers | Review inventory levels and replenishment | Reduce inventory wastage and improve stock rotation | Review marketing effectiveness and conversion performance | Review audit findings and compliance issues,"Health: Critical | Risk Areas: Performance, Inventory, Inventory Wastage, Marketing, Audit | Recommendation: Immediate management intervention required | Review outlet performance and revenue drivers | Review inventory levels and replenishment | Reduce inventory wastage and improve stock rotation | Review marketing effectiveness and conversion performance | Review audit findings and compliance issues",31.79,Critical,Unknown,,,76.25,4,14,0,40,52.675,96.85,1011,24804,20.37275,52.5,19.27805125934921,5.187246296562436,1077186.13,20766049.43
OUT0482,17.44,Critical,Critical,5,100.0,High,4,5,"Performance, Inventory, Inventory Wastage, Marketing, Audit",Marketing Growth,Immediate management intervention required | Review outlet performance and revenue drivers | Review inventory levels and replenishment | Reduce inventory wastage and improve stock rotation | Review marketing effectiveness and conversion performance | Review audit findings and compliance issues,"Health: Critical | Risk Areas: Performance, Inventory, Inventory Wastage, Marketing, Audit | Recommendation: Immediate management intervention required | Review outlet performance and revenue drivers | Review inventory levels and replenishment | Reduce inventory wastage and improve stock rotation | Review marketing effectiveness and conversion performance | Review audit findings and compliance issues",47.69,Critical,Unknown,,,76.75,1,19,0,40,71.16749999999999,99.225,214,15994,15.204249999999998,52.5,19.644496871676363,5.090484152036544,2161336.48,42458367.72
OUT0219,17.5,Critical,Critical,5,100.0,High,4,5,"Performance, Inventory, Inventory Wastage, Marketing, Audit",Marketing Growth,Immediate management intervention required | Review outlet performance and revenue drivers | Review inventory levels and replenishment | Reduce inventory wastage and improve stock rotation | Review marketing effectiveness and conversion performance | Review audit findings and compliance issues,"Health: Critical | Risk Areas: Performance, Inventory, Inventory Wastage, Marketing, Audit | Recommendation: Immediate management intervention required | Review outlet performance and revenue drivers | Review inventory levels and replenishment | Reduce inventory wastage and improve stock rotation | Review marketing effectiveness and conversion performance | Review audit findings and compliance issues",34.7,Critical,Unknown,,,77.0,3,15,0,40,57.822500000000005,99.25,487,46870,18.47025,52.5,18.927885310986227,5.2832103722626345,2355597.9,44586486.89
OUT0027,17.5,Critical,Critical,5,100.0,High,4,5,"Performance, Inventory, Inventory Wastage, Marketing, Audit",Marketing Growth,Immediate management intervention required | Review outlet performance and revenue drivers | Review inventory levels and replenishment | Reduce inventory wastage and improve stock rotation | Review marketing effectiveness and conversion performance | Review audit findings and compliance issues,"Health: Critical | Risk Areas: Performance, Inventory, Inventory Wastage, Marketing, Audit | Recommendation: Immediate management intervention required | Review outlet performance and revenue drivers | Review inventory levels and replenishment | Reduce inventory wastage and improve stock rotation | Review marketing effectiveness and conversion performance | Review audit findings and compliance issues",46.47,Critical,Unknown,,,77.0,3,15,0,40,53.782500000000006,99.235,355,34262,19.7205,52.5,20.998003564903804,4.762357511317916,3686831.6,77416103.08
OUT0411,17.56,Critical,Critical,5,100.0,High,4,5,"Performance, Inventory, Inventory Wastage, Marketing, Audit",Marketing Growth,Immediate management intervention required | Review outlet performance and revenue drivers | Review inventory levels and replenishment | Reduce inventory wastage and improve stock rotation | Review marketing effectiveness and conversion performance | Review audit findings and compliance issues,"Health: Critical | Risk Areas: Performance, Inventory, Inventory Wastage, Marketing, Audit | Recommendation: Immediate management intervention required | Review outlet performance and revenue drivers | Review inventory levels and replenishment | Reduce inventory wastage and improve stock rotation | Review marketing effectiveness and conversion performance | Review audit findings and compliance issues",39.67,Critical,Unknown,,,77.25,5,11,0,40,47.1375,96.89500000000001,1444,38484,21.3515,52.5,19.2798201369658,5.186770379059031,1654372.18,31895998.07
OUT0159,17.72,Critical,Critical,5,100.0,High,4,5,"Performance, Inventory, Inventory Wastage, Marketing, Audit",Marketing Growth,Immediate management intervention required | Review outlet performance and revenue drivers | Review inventory levels and replenishment | Reduce inventory wastage and improve stock rotation | Review marketing effectiveness and conversion performance | Review audit findings and compliance issues,"Health: Critical | Risk Areas: Performance, Inventory, Inventory Wastage, Marketing, Audit | Recommendation: Immediate management intervention required | Review outlet performance and revenue drivers | Review inventory levels and replenishment | Reduce inventory wastage and improve stock rotation | Review marketing effectiveness and conversion performance | Review audit findings and compliance issues",37.15,Critical,Unknown,,,77.875,3,14,0,40,61.67,99.245,336,30306,17.7775,52.5,20.21490304691735,4.946845392624794,2119799.54,42851542.18
OUT0352,17.72,Critical,Critical,5,100.0,High,4,5,"Performance, Inventory, Inventory Wastage, Marketing, Audit",Marketing Growth,Immediate management intervention required | Review outlet performance and revenue drivers | Review inventory levels and replenishment | Reduce inventory wastage and improve stock rotation | Review marketing effectiveness and conversion performance | Review audit findings and compliance issues,"Health: Critical | Risk Areas: Performance, Inventory, Inventory Wastage, Marketing, Audit | Recommendation: Immediate management intervention required | Review outlet performance and revenue drivers | Review inventory levels and replenishment | Reduce inventory wastage and improve stock rotation | Review marketing effectiveness and conversion performance | Review audit findings and compliance issues",26.21,Critical,Unknown,,,77.875,3,14,0,40,41.4775,99.27000000000001,100,12125,24.03725,52.5,20.38943663542336,4.904500393417742,306261.89,6244507.4
OUT0453,17.88,Critical,Critical,5,100.0,High,4,5,"Performance, Inventory, Inventory Wastage, Marketing, Audit",Marketing Growth,Immediate management intervention required | Review outlet performance and revenue drivers | Review inventory levels and replenishment | Reduce inventory wastage and improve stock rotation | Review marketing effectiveness and conversion performance | Review audit findings and compliance issues,"Health: Critical | Risk Areas: Performance, Inventory, Inventory Wastage, Marketing, Audit | Recommendation: Immediate management intervention required | Review outlet performance and revenue drivers | Review inventory levels and replenishment | Reduce inventory wastage and improve stock rotation | Review marketing effectiveness and conversion performance | Review audit findings and compliance issues",40.69,Critical,Unknown,,,78.5,1,17,0,40,58.86749999999999,96.60249999999999,544,11306,17.79675,52.5,22.021556636383668,4.541005054782621,931503.86,20513165.01
OUT0301,18.09,Critical,Critical,5,100.0,High,4,5,"Performance, Inventory, Inventory Wastage, Marketing, Audit",Marketing Growth,Immediate management intervention required | Review outlet performance and revenue drivers | Review inventory levels and replenishment | Reduce inventory wastage and improve stock rotation | Review marketing effectiveness and conversion performance | Review audit findings and compliance issues,"Health: Critical | Risk Areas: Performance, Inventory, Inventory Wastage, Marketing, Audit | Recommendation: Immediate management intervention required | Review outlet performance and revenue drivers | Review inventory levels and replenishment | Reduce inventory wastage and improve stock rotation | Review marketing effectiveness and conversion performance | Review audit findings and compliance issues",20.15,Critical,Unknown,,,79.375,1,16,0,40,57.33,97.1425,391,9995,18.59725,52.5,20.71950088741825,4.826371086029597,442187.21,9161898.29
OUT0046,18.09,Critical,Critical,5,100.0,High,4,5,"Performance, Inventory, Inventory Wastage, Marketing, Audit",Marketing Growth,Immediate management intervention required | Review outlet performance and revenue drivers | Review inventory levels and replenishment | Reduce inventory wastage and improve stock rotation | Review marketing effectiveness and conversion performance | Review audit findings and compliance issues,"Health: Critical | Risk Areas: Performance, Inventory, Inventory Wastage, Marketing, Audit | Recommendation: Immediate management intervention required | Review outlet performance and revenue drivers | Review inventory levels and replenishment | Reduce inventory wastage and improve stock rotation | Review marketing effectiveness and conversion performance | Review audit findings and compliance issues",38.62,Critical,Unknown,,,79.375,1,16,0,40,80.08250000000001,97.0025,1812,27274,13.712250000000001,52.5,20.04389115716136,4.989051238400464,2033101.33,40751261.77
OUT0605,18.12,Critical,Critical,5,100.0,High,4,5,"Performance, Inventory, Inventory Wastage, Marketing, Audit",Marketing Growth,Immediate management intervention required | Review outlet performance and revenue drivers | Review inventory levels and replenishment | Reduce inventory wastage and improve stock rotation | Review marketing effectiveness and conversion performance | Review audit findings and compliance issues,"Health: Critical | Risk Areas: Performance, Inventory, Inventory Wastage, Marketing, Audit | Recommendation: Immediate management intervention required | Review outlet performance and revenue drivers | Review inventory levels and replenishment | Reduce inventory wastage and improve stock rotation | Review marketing effectiveness and conversion performance | Review audit findings and compliance issues",37.31,Critical,Unknown,,,79.5,2,14,0,40,72.2475,98.05499999999999,927,26697,14.581,52.5,18.000107655454155,5.555522328762257,1420921.97,25576748.43
OUT0742,18.12,Critical,Critical,5,100.0,High,4,5,"Performance, Inventory, Inventory Wastage, Marketing, Audit",Marketing Growth,Immediate management intervention required | Review outlet performance and revenue drivers | Review inventory levels and replenishment | Reduce inventory wastage and improve stock rotation | Review marketing effectiveness and conversion performance | Review audit findings and compliance issues,"Health: Critical | Risk Areas: Performance, Inventory, Inventory Wastage, Marketing, Audit | Recommendation: Immediate management intervention required | Review outlet performance and revenue drivers | Review inventory levels and replenishment | Reduce inventory wastage and improve stock rotation | Review marketing effectiveness and conversion performance | Review audit findings and compliance issues",48.92,Critical,Unknown,,,79.5,2,14,0,40,72.47749999999999,99.4025,310,28914,14.904749999999998,52.5,21.50297462211368,4.650519370336787,2656243.2800000003,57117131.84
OUT0548,18.31,Critical,Critical,5,100.0,High,4,5,"Performance, Inventory, Inventory Wastage, Marketing, Audit",Marketing Growth,Immediate management intervention required | Review outlet performance and revenue drivers | Review inventory levels and replenishment | Reduce inventory wastage and improve stock rotation | Review marketing effectiveness and conversion performance | Review audit findings and compliance issues,"Health: Critical | Risk Areas: Performance, Inventory, Inventory Wastage, Marketing, Audit | Recommendation: Immediate management intervention required | Review outlet performance and revenue drivers | Review inventory levels and replenishment | Reduce inventory wastage and improve stock rotation | Review marketing effectiveness and conversion performance | Review audit findings and compliance issues",33.81,Critical,Unknown,,,80.25,1,15,0,40,69.26,96.70750000000001,423,7813,15.578999999999999,52.5,21.901771973285875,4.565840614265021,914416.72,20027346.49
OUT0681,18.31,Critical,Critical,5,100.0,High,4,5,"Performance, Inventory, Inventory Wastage, Marketing, Audit",Marketing Growth,Immediate management intervention required | Review outlet performance and revenue drivers | Review inventory levels and replenishment | Reduce inventory wastage and improve stock rotation | Review marketing effectiveness and conversion performance | Review audit findings and compliance issues,"Health: Critical | Risk Areas: Performance, Inventory, Inventory Wastage, Marketing, Audit | Recommendation: Immediate management intervention required | Review outlet performance and revenue drivers | Review inventory levels and replenishment | Reduce inventory wastage and improve stock rotation | Review marketing effectiveness and conversion performance | Review audit findings and compliance issues",23.3,Critical,Unknown,,,80.25,1,15,0,40,72.42999999999999,96.905,725,13023,15.376750000000001,52.5,19.36982043372846,5.162670471940518,1088102.45,21076349.07
OUT0133,18.38,Critical,Critical,5,100.0,High,4,5,"Performance, Inventory, Inventory Wastage, Marketing, Audit",Marketing Growth,Immediate management intervention required | Review outlet performance and revenue drivers | Review inventory levels and replenishment | Reduce inventory wastage and improve stock rotation | Review marketing effectiveness and conversion performance | Review audit findings and compliance issues,"Health: Critical | Risk Areas: Performance, Inventory, Inventory Wastage, Marketing, Audit | Recommendation: Immediate management intervention required | Review outlet performance and revenue drivers | Review inventory levels and replenishment | Reduce inventory wastage and improve stock rotation | Review marketing effectiveness and conversion performance | Review audit findings and compliance issues",40.45,Critical,Unknown,,,80.5,3,11,0,40,46.89,96.99249999999999,697,19381,21.87275,52.5,22.39748152785021,4.464787698369333,1739901.71,38969416.41
OUT0634,18.38,Critical,Critical,5,100.0,High,4,5,"Performance, Inventory, Inventory Wastage, Marketing, Audit",Marketing Growth,Immediate management intervention required | Review outlet performance and revenue drivers | Review inventory levels and replenishment | Reduce inventory wastage and improve stock rotation | Review marketing effectiveness and conversion performance | Review audit findings and compliance issues,"Health: Critical | Risk Areas: Performance, Inventory, Inventory Wastage, Marketing, Audit | Recommendation: Immediate management intervention required | Review outlet performance and revenue drivers | Review inventory levels and replenishment | Reduce inventory wastage and improve stock rotation | Review marketing effectiveness and conversion performance | Review audit findings and compliance issues",46.6,Critical,Unknown,,,80.5,3,11,0,40,55.7475,99.235,322,30968,18.532249999999998,52.5,19.39149600373741,5.156899703907659,3763227.43,72974609.67
OUT0434,18.41,Critical,Critical,5,100.0,High,4,5,"Performance, Inventory, Inventory Wastage, Marketing, Audit",Marketing Growth,Immediate management intervention required | Review outlet performance and revenue drivers | Review inventory levels and replenishment | Reduce inventory wastage and improve stock rotation | Review marketing effectiveness and conversion performance | Review audit findings and compliance issues,"Health: Critical | Risk Areas: Performance, Inventory, Inventory Wastage, Marketing, Audit | Recommendation: Immediate management intervention required | Review outlet performance and revenue drivers | Review inventory levels and replenishment | Reduce inventory wastage and improve stock rotation | Review marketing effectiveness and conversion performance | Review audit findings and compliance issues",34.09,Critical,Unknown,,,80.625,4,9,0,40,47.81,99.27250000000001,349,39859,22.1505,52.5,19.149511159526583,5.222065418116511,1226715.12,23490994.88
OUT0663,18.78,Critical,Critical,5,100.0,High,4,5,"Performance, Inventory, Inventory Wastage, Marketing, Audit",Marketing Growth,Immediate management intervention required | Review outlet performance and revenue drivers | Review inventory levels and replenishment | Reduce inventory wastage and improve stock rotation | Review marketing effectiveness and conversion performance | Review audit findings and compliance issues,"Health: Critical | Risk Areas: Performance, Inventory, Inventory Wastage, Marketing, Audit | Recommendation: Immediate management intervention required | Review outlet performance and revenue drivers | Review inventory levels and replenishment | Reduce inventory wastage and improve stock rotation | Review marketing effectiveness and conversion performance | Review audit findings and compliance issues",17.86,Critical,Unknown,,,82.125,2,11,0,40,44.11,97.0475,1386,39931,22.55,52.5,21.481975369799223,4.655065387542832,1043010.58,22405927.59
OUT0060,18.97,Critical,Critical,5,100.0,High,4,5,"Performance, Inventory, Inventory Wastage, Marketing, Audit",Marketing Growth,Immediate management intervention required | Review outlet performance and revenue drivers | Review inventory levels and replenishment | Reduce inventory wastage and improve stock rotation | Review marketing effectiveness and conversion performance | Review audit findings and compliance issues,"Health: Critical | Risk Areas: Performance, Inventory, Inventory Wastage, Marketing, Audit | Recommendation: Immediate management intervention required | Review outlet performance and revenue drivers | Review inventory levels and replenishment | Reduce inventory wastage and improve stock rotation | Review marketing effectiveness and conversion performance | Review audit findings and compliance issues",37.96,Critical,Unknown,,,82.875,1,12,0,40,73.885,97.925,1430,38468,15.318000000000001,52.5,18.389231248161032,5.4379652227169775,2431219.55,44708258.52
OUT0402,19.19,Critical,Critical,5,100.0,High,4,5,"Performance, Inventory, Inventory Wastage, Marketing, Audit",Marketing Growth,Immediate management intervention required | Review outlet performance and revenue drivers | Review inventory levels and replenishment | Reduce inventory wastage and improve stock rotation | Review marketing effectiveness and conversion performance | Review audit findings and compliance issues,"Health: Critical | Risk Areas: Performance, Inventory, Inventory Wastage, Marketing, Audit | Recommendation: Immediate management intervention required | Review outlet performance and revenue drivers | Review inventory levels and replenishment | Reduce inventory wastage and improve stock rotation | Review marketing effectiveness and conversion performance | Review audit findings and compliance issues",34.01,Critical,Unknown,,,83.75,1,11,0,40,80.4425,99.2475,297,18316,14.516749999999998,52.5,19.68210346070006,5.080757765534232,1716089.49,33776250.89
OUT0415,21.03,Critical,Critical,5,100.0,High,3,4,"Performance, Inventory Wastage, Marketing, Audit",Marketing Growth,Immediate management intervention required | Review outlet performance and revenue drivers | Reduce inventory wastage and improve stock rotation | Review marketing effectiveness and conversion performance | Review audit findings and compliance issues,"Health: Critical | Risk Areas: Performance, Inventory Wastage, Marketing, Audit | Recommendation: Immediate management intervention required | Review outlet performance and revenue drivers | Reduce inventory wastage and improve stock rotation | Review marketing effectiveness and conversion performance | Review audit findings and compliance issues",26.21,Critical,Unknown,,,76.625,0,21,0,40,43.269999999999996,98.14750000000001,717,33665,23.11,52.5,19.88762406391489,5.028252730372406,1454421.7,28924992.0
OUT0030,21.91,Critical,Critical,5,100.0,High,3,4,"Performance, Inventory Wastage, Marketing, Audit",Marketing Growth,Immediate management intervention required | Review outlet performance and revenue drivers | Reduce inventory wastage and improve stock rotation | Review marketing effectiveness and conversion performance | Review audit findings and compliance issues,"Health: Critical | Risk Areas: Performance, Inventory Wastage, Marketing, Audit | Recommendation: Immediate management intervention required | Review outlet performance and revenue drivers | Reduce inventory wastage and improve stock rotation | Review marketing effectiveness and conversion performance | Review audit findings and compliance issues",31.14,Critical,Unknown,,,80.125,0,17,0,40,62.432500000000005,98.0675,219,7624,17.17075,52.5,20.973101746142447,4.768011961721058,798288.25,16742580.69
OUT0403,22.03,Critical,Critical,5,100.0,High,3,4,"Performance, Inventory, Inventory Wastage, Audit",Marketing Growth,Immediate management intervention required | Review outlet performance and revenue drivers | Review inventory levels and replenishment | Reduce inventory wastage and improve stock rotation | Review audit findings and compliance issues,"Health: Critical | Risk Areas: Performance, Inventory, Inventory Wastage, Audit | Recommendation: Immediate management intervention required | Review outlet performance and revenue drivers | Review inventory levels and replenishment | Reduce inventory wastage and improve stock rotation | Review audit findings and compliance issues",36.7,Critical,Unknown,,,76.125,3,16,0,40,53.527499999999996,96.74249999999999,1162,27241,19.669249999999998,80.0,19.312912923048497,5.177882818529026,1904508.91,36781614.74
OUT0451,22.03,Critical,Critical,5,100.0,High,3,4,"Performance, Inventory, Inventory Wastage, Audit",Marketing Growth,Immediate management intervention required | Review outlet performance and revenue drivers | Review inventory levels and replenishment | Reduce inventory wastage and improve stock rotation | Review audit findings and compliance issues,"Health: Critical | Risk Areas: Performance, Inventory, Inventory Wastage, Audit | Recommendation: Immediate management intervention required | Review outlet performance and revenue drivers | Review inventory levels and replenishment | Reduce inventory wastage and improve stock rotation | Review audit findings and compliance issues",29.29,Critical,Unknown,,,76.125,3,16,0,40,76.4025,96.66499999999999,2476,37610,13.586500000000001,80.0,21.552896151288344,4.639747683933531,1779273.59,38348498.91
OUT0135,22.06,Critical,Critical,5,100.0,High,3,4,"Performance, Inventory, Inventory Wastage, Audit",Marketing Growth,Immediate management intervention required | Review outlet performance and revenue drivers | Review inventory levels and replenishment | Reduce inventory wastage and improve stock rotation | Review audit findings and compliance issues,"Health: Critical | Risk Areas: Performance, Inventory, Inventory Wastage, Audit | Recommendation: Immediate management intervention required | Review outlet performance and revenue drivers | Review inventory levels and replenishment | Reduce inventory wastage and improve stock rotation | Review audit findings and compliance issues",39.55,Critical,Unknown,,,76.25,4,14,0,40,69.88,97.975,450,13148,15.253,80.0,19.72199829837863,5.070480104859412,1887082.55,37217038.84
OUT0277,22.62,Critical,Critical,5,100.0,High,3,4,"Performance, Inventory, Inventory Wastage, Audit",Marketing Growth,Immediate management intervention required | Review outlet performance and revenue drivers | Review inventory levels and replenishment | Reduce inventory wastage and improve stock rotation | Review audit findings and compliance issues,"Health: Critical | Risk Areas: Performance, Inventory, Inventory Wastage, Audit | Recommendation: Immediate management intervention required | Review outlet performance and revenue drivers | Review inventory levels and replenishment | Reduce inventory wastage and improve stock rotation | Review audit findings and compliance issues",33.46,Critical,Unknown,,,78.5,1,17,0,40,59.325,99.3,364,36788,17.467750000000002,80.0,19.72402545052221,5.069958982300564,1541250.89,30399671.78
OUT0143,22.66,Critical,Critical,5,100.0,High,3,4,"Performance, Inventory, Inventory Wastage, Audit",Marketing Growth,Immediate management intervention required | Review outlet performance and revenue drivers | Review inventory levels and replenishment | Reduce inventory wastage and improve stock rotation | Review audit findings and compliance issues,"Health: Critical | Risk Areas: Performance, Inventory, Inventory Wastage, Audit | Recommendation: Immediate management intervention required | Review outlet performance and revenue drivers | Review inventory levels and replenishment | Reduce inventory wastage and improve stock rotation | Review audit findings and compliance issues",34.0,Critical,Unknown,,,78.625,2,15,0,40,52.7125,96.925,820,20655,19.48425,80.0,20.082948762380912,4.979348460387378,1723888.65,34620767.43
OUT0616,22.82,Critical,Critical,5,100.0,High,3,4,"Inventory, Inventory Wastage, Staff, Audit",Marketing Growth,Immediate management intervention required | Review inventory levels and replenishment | Reduce inventory wastage and improve stock rotation | Review staffing levels and operational efficiency | Review audit findings and compliance issues,"Health: Critical | Risk Areas: Inventory, Inventory Wastage, Staff, Audit | Recommendation: Immediate management intervention required | Review inventory levels and replenishment | Reduce inventory wastage and improve stock rotation | Review staffing levels and operational efficiency | Review audit findings and compliance issues",52.43,Needs Improvement,Unknown,,,75.375,4,15,0,40,63.565,96.6,2021,39197,16.7075,80.0,22.3907144970294,4.466137068259574,3686674.39,82547273.71000001
OUT0015,22.88,Critical,Critical,5,100.0,High,3,4,"Performance, Inventory, Inventory Wastage, Audit",Marketing Growth,Immediate management intervention required | Review outlet performance and revenue drivers | Review inventory levels and replenishment | Reduce inventory wastage and improve stock rotation | Review audit findings and compliance issues,"Health: Critical | Risk Areas: Performance, Inventory, Inventory Wastage, Audit | Recommendation: Immediate management intervention required | Review outlet performance and revenue drivers | Review inventory levels and replenishment | Reduce inventory wastage and improve stock rotation | Review audit findings and compliance issues",49.47,Critical,Unknown,,,79.5,2,14,0,40,70.9475,98.11749999999999,1012,31550,15.616499999999998,80.0,20.428144194373843,4.895207271326251,3047398.51,62252696.18
OUT0645,23.75,Critical,Critical,5,100.0,High,3,4,"Performance, Inventory, Inventory Wastage, Audit",Marketing Growth,Immediate management intervention required | Review outlet performance and revenue drivers | Review inventory levels and replenishment | Reduce inventory wastage and improve stock rotation | Review audit findings and compliance issues,"Health: Critical | Risk Areas: Performance, Inventory, Inventory Wastage, Audit | Recommendation: Immediate management intervention required | Review outlet performance and revenue drivers | Review inventory levels and replenishment | Reduce inventory wastage and improve stock rotation | Review audit findings and compliance issues",28.32,Critical,Unknown,,,83.0,2,10,0,40,77.0525,97.9475,440,11231,14.050999999999998,80.0,20.996634726456527,4.762667984788836,715882.37,15031120.63
OUT0122,23.88,Critical,Critical,5,100.0,High,3,4,"Performance, Inventory, Inventory Wastage, Audit",Marketing Growth,Immediate management intervention required | Review outlet performance and revenue drivers | Review inventory levels and replenishment | Reduce inventory wastage and improve stock rotation | Review audit findings and compliance issues,"Health: Critical | Risk Areas: Performance, Inventory, Inventory Wastage, Audit | Recommendation: Immediate management intervention required | Review outlet performance and revenue drivers | Review inventory levels and replenishment | Reduce inventory wastage and improve stock rotation | Review audit findings and compliance issues",48.87,Critical,Unknown,,,73.0,6,14,0,40,62.835,99.295,281,26052,16.252000000000002,80.0,21.94643905257825,4.556547864572685,2112159.24,46354374.03
OUT0358,23.94,Critical,Critical,5,100.0,High,3,4,"Inventory, Inventory Wastage, Marketing, Audit",Marketing Growth,Immediate management intervention required | Review inventory levels and replenishment | Reduce inventory wastage and improve stock rotation | Review marketing effectiveness and conversion performance | Review audit findings and compliance issues,"Health: Critical | Risk Areas: Inventory, Inventory Wastage, Marketing, Audit | Recommendation: Immediate management intervention required | Review inventory levels and replenishment | Reduce inventory wastage and improve stock rotation | Review marketing effectiveness and conversion performance | Review audit findings and compliance issues",50.01,Needs Improvement,Unknown,,,76.75,1,19,0,40,74.60249999999999,97.09,1965,35504,14.328,37.5,18.82478402430399,5.3121459386144165,5534550.98,104186726.87
OUT0232,24.03,Critical,Critical,5,100.0,High,3,4,"Performance, Inventory, Inventory Wastage, Audit",Marketing Growth,Immediate management intervention required | Review outlet performance and revenue drivers | Review inventory levels and replenishment | Reduce inventory wastage and improve stock rotation | Review audit findings and compliance issues,"Health: Critical | Risk Areas: Performance, Inventory, Inventory Wastage, Audit | Recommendation: Immediate management intervention required | Review outlet performance and revenue drivers | Review inventory levels and replenishment | Reduce inventory wastage and improve stock rotation | Review audit findings and compliance issues",24.54,Critical,Unknown,,,73.625,4,17,0,40,67.66499999999999,99.38250000000001,75,7346,15.028,80.0,19.537251982765326,5.11842709958465,823648.91,16091836.3
OUT0208,24.28,Critical,Critical,5,100.0,High,3,4,"Performance, Inventory, Inventory Wastage, Audit",Marketing Growth,Immediate management intervention required | Review outlet performance and revenue drivers | Review inventory levels and replenishment | Reduce inventory wastage and improve stock rotation | Review audit findings and compliance issues,"Health: Critical | Risk Areas: Performance, Inventory, Inventory Wastage, Audit | Recommendation: Immediate management intervention required | Review outlet performance and revenue drivers | Review inventory levels and replenishment | Reduce inventory wastage and improve stock rotation | Review audit findings and compliance issues",23.03,Critical,Unknown,,,74.625,5,14,0,40,73.65,96.8,743,11989,14.0565,80.0,20.777053322099547,4.813002038823033,981563.0,20393986.79
OUT0377,24.44,Critical,Critical,5,100.0,High,3,4,"Performance, Inventory, Inventory Wastage, Audit",Marketing Growth,Immediate management intervention required | Review outlet performance and revenue drivers | Review inventory levels and replenishment | Reduce inventory wastage and improve stock rotation | Review audit findings and compliance issues,"Health: Critical | Risk Areas: Performance, Inventory, Inventory Wastage, Audit | Recommendation: Immediate management intervention required | Review outlet performance and revenue drivers | Review inventory levels and replenishment | Reduce inventory wastage and improve stock rotation | Review audit findings and compliance issues",38.31,Critical,Unknown,,,75.25,3,17,0,40,67.635,99.345,284,26661,16.024,80.0,19.487813326594868,5.131412043214247,2754810.84,53685239.4
OUT0466,24.5,Critical,Critical,5,100.0,High,3,4,"Performance, Inventory, Inventory Wastage, Audit",Marketing Growth,Immediate management intervention required | Review outlet performance and revenue drivers | Review inventory levels and replenishment | Reduce inventory wastage and improve stock rotation | Review audit findings and compliance issues,"Health: Critical | Risk Areas: Performance, Inventory, Inventory Wastage, Audit | Recommendation: Immediate management intervention required | Review outlet performance and revenue drivers | Review inventory levels and replenishment | Reduce inventory wastage and improve stock rotation | Review audit findings and compliance issues",46.98,Critical,Unknown,,,75.5,5,13,0,40,72.7,97.06,882,16391,14.36225,80.0,20.696667151691376,4.831695812039369,1990276.6,41192092.33
OUT0243,24.81,Critical,Critical,5,100.0,High,3,5,"Performance, Inventory, Inventory Wastage, Inventory Overstock, Audit",Marketing Growth,Immediate management intervention required | Review outlet performance and revenue drivers | Review inventory levels and replenishment | Reduce inventory wastage and improve stock rotation | Reduce excess inventory and avoid unnecessary replenishment | Review audit findings and compliance issues,"Health: Critical | Risk Areas: Performance, Inventory, Inventory Wastage, Inventory Overstock, Audit | Recommendation: Immediate management intervention required | Review outlet performance and revenue drivers | Review inventory levels and replenishment | Reduce inventory wastage and improve stock rotation | Reduce excess inventory and avoid unnecessary replenishment | Review audit findings and compliance issues",38.02,Critical,Unknown,,,73.75,3,18,1,40,44.847500000000004,96.8175,1651,44169,22.844,80.0,20.99530195912758,4.762970315677008,1638568.12,34402232.46
OUT0483,25.05,Critical,Critical,5,100.0,High,3,4,"Inventory, Inventory Wastage, Staff, Audit",Marketing Growth,Immediate management intervention required | Review inventory levels and replenishment | Reduce inventory wastage and improve stock rotation | Review staffing levels and operational efficiency | Review audit findings and compliance issues,"Health: Critical | Risk Areas: Inventory, Inventory Wastage, Staff, Audit | Recommendation: Immediate management intervention required | Review inventory levels and replenishment | Reduce inventory wastage and improve stock rotation | Review staffing levels and operational efficiency | Review audit findings and compliance issues",56.51,Needs Improvement,Unknown,,,79.375,1,16,0,40,54.779999999999994,96.925,1841,44783,19.698500000000003,80.0,20.10786047901048,4.973179523718332,4807861.83,96675814.88
OUT0102,25.2,Critical,Critical,5,100.0,High,3,4,"Inventory, Inventory Wastage, Staff, Audit",Marketing Growth,Immediate management intervention required | Review inventory levels and replenishment | Reduce inventory wastage and improve stock rotation | Review staffing levels and operational efficiency | Review audit findings and compliance issues,"Health: Critical | Risk Areas: Inventory, Inventory Wastage, Staff, Audit | Recommendation: Immediate management intervention required | Review inventory levels and replenishment | Reduce inventory wastage and improve stock rotation | Review staffing levels and operational efficiency | Review audit findings and compliance issues",51.08,Needs Improvement,Unknown,,,76.0,2,18,0,40,49.03,99.275,500,54517,21.03425,80.0,20.73573474382229,4.822592555095862,3559807.61,73815226.34
OUT0704,25.31,Critical,Critical,5,100.0,High,3,4,"Performance, Inventory, Inventory Wastage, Audit",Marketing Growth,Immediate management intervention required | Review outlet performance and revenue drivers | Review inventory levels and replenishment | Reduce inventory wastage and improve stock rotation | Review audit findings and compliance issues,"Health: Critical | Risk Areas: Performance, Inventory, Inventory Wastage, Audit | Recommendation: Immediate management intervention required | Review outlet performance and revenue drivers | Review inventory levels and replenishment | Reduce inventory wastage and improve stock rotation | Review audit findings and compliance issues",24.35,Critical,Unknown,,,78.75,3,13,0,40,48.815,99.4025,113,15652,20.709,80.0,22.96130482705778,4.355153191562494,621338.74,14266748.21
OUT0504,25.34,Critical,Critical,5,100.0,High,3,4,"Performance, Inventory, Inventory Wastage, Audit",Marketing Growth,Immediate management intervention required | Review outlet performance and revenue drivers | Review inventory levels and replenishment | Reduce inventory wastage and improve stock rotation | Review audit findings and compliance issues,"Health: Critical | Risk Areas: Performance, Inventory, Inventory Wastage, Audit | Recommendation: Immediate management intervention required | Review outlet performance and revenue drivers | Review inventory levels and replenishment | Reduce inventory wastage and improve stock rotation | Review audit findings and compliance issues",48.65,Critical,Unknown,,,74.375,3,18,0,40,71.35249999999999,99.3125,201,16712,14.09075,80.0,20.341736600532904,4.916001124376974,2327895.75,47353442.18
OUT0193,25.44,Critical,Critical,5,100.0,High,3,4,"Performance, Inventory Wastage, Marketing, Audit",Marketing Growth,Immediate management intervention required | Review outlet performance and revenue drivers | Reduce inventory wastage and improve stock rotation | Review marketing effectiveness and conversion performance | Review audit findings and compliance issues,"Health: Critical | Risk Areas: Performance, Inventory Wastage, Marketing, Audit | Recommendation: Immediate management intervention required | Review outlet performance and revenue drivers | Reduce inventory wastage and improve stock rotation | Review marketing effectiveness and conversion performance | Review audit findings and compliance issues",37.7,Critical,Unknown,,,79.25,0,18,0,40,67.0025,96.50750000000001,2001,36224,16.1815,52.5,20.803517649902386,4.806879378904905,2462902.29,51237031.26
OUT0439,25.5,Critical,Critical,5,100.0,High,3,4,"Performance, Inventory, Inventory Wastage, Audit",Marketing Growth,Immediate management intervention required | Review outlet performance and revenue drivers | Review inventory levels and replenishment | Reduce inventory wastage and improve stock rotation | Review audit findings and compliance issues,"Health: Critical | Risk Areas: Performance, Inventory, Inventory Wastage, Audit | Recommendation: Immediate management intervention required | Review outlet performance and revenue drivers | Review inventory levels and replenishment | Reduce inventory wastage and improve stock rotation | Review audit findings and compliance issues",35.0,Critical,Unknown,,,79.5,2,14,0,40,44.0475,99.385,311,42946,23.45825,80.0,20.72571568416966,4.824923854203991,1348426.5,27947104.26
OUT0430,25.53,Critical,Critical,5,100.0,High,3,4,"Performance, Inventory, Inventory Wastage, Audit",Marketing Growth,Immediate management intervention required | Review outlet performance and revenue drivers | Review inventory levels and replenishment | Reduce inventory wastage and improve stock rotation | Review audit findings and compliance issues,"Health: Critical | Risk Areas: Performance, Inventory, Inventory Wastage, Audit | Recommendation: Immediate management intervention required | Review outlet performance and revenue drivers | Review inventory levels and replenishment | Reduce inventory wastage and improve stock rotation | Review audit findings and compliance issues",30.61,Critical,Unknown,,,79.625,3,12,0,40,70.6875,98.06,646,19480,15.4435,80.0,20.36209143653708,4.911086874925,871513.32,17745833.91
OUT0166,25.56,Critical,Critical,5,100.0,High,3,4,"Inventory, Inventory Wastage, Marketing, Audit",Marketing Growth,Immediate management intervention required | Review inventory levels and replenishment | Reduce inventory wastage and improve stock rotation | Review marketing effectiveness and conversion performance | Review audit findings and compliance issues,"Health: Critical | Risk Areas: Inventory, Inventory Wastage, Marketing, Audit | Recommendation: Immediate management intervention required | Review inventory levels and replenishment | Reduce inventory wastage and improve stock rotation | Review marketing effectiveness and conversion performance | Review audit findings and compliance issues",58.74,Needs Improvement,Unknown,,,74.25,2,20,0,40,70.60249999999999,96.60249999999999,2715,46320,15.220250000000002,52.5,19.28583778465809,5.185151981292208,5630389.39,108586776.44
OUT0613,25.66,Critical,Critical,5,100.0,High,3,4,"Performance, Inventory Wastage, Marketing, Audit",Marketing Growth,Immediate management intervention required | Review outlet performance and revenue drivers | Reduce inventory wastage and improve stock rotation | Review marketing effectiveness and conversion performance | Review audit findings and compliance issues,"Health: Critical | Risk Areas: Performance, Inventory Wastage, Marketing, Audit | Recommendation: Immediate management intervention required | Review outlet performance and revenue drivers | Reduce inventory wastage and improve stock rotation | Review marketing effectiveness and conversion performance | Review audit findings and compliance issues",40.85,Critical,Unknown,,,80.125,0,17,0,40,73.84,96.80499999999999,2061,34820,14.69275,52.5,18.41270200364435,5.431033423568547,1586176.21,29205789.88
OUT0661,25.71,Critical,Critical,5,100.0,High,3,4,"Inventory, Inventory Wastage, Marketing, Audit",Marketing Growth,Immediate management intervention required | Review inventory levels and replenishment | Reduce inventory wastage and improve stock rotation | Review marketing effectiveness and conversion performance | Review audit findings and compliance issues,"Health: Critical | Risk Areas: Inventory, Inventory Wastage, Marketing, Audit | Recommendation: Immediate management intervention required | Review inventory levels and replenishment | Reduce inventory wastage and improve stock rotation | Review marketing effectiveness and conversion performance | Review audit findings and compliance issues",54.88,Needs Improvement,Unknown,,,79.5,2,14,0,40,49.195,96.7025,2533,61854,21.298,52.5,18.53329928657706,5.395693365423936,4742321.57,87890864.97
OUT0389,25.72,Critical,Critical,5,100.0,High,3,4,"Performance, Inventory, Inventory Wastage, Audit",Marketing Growth,Immediate management intervention required | Review outlet performance and revenue drivers | Review inventory levels and replenishment | Reduce inventory wastage and improve stock rotation | Review audit findings and compliance issues,"Health: Critical | Risk Areas: Performance, Inventory, Inventory Wastage, Audit | Recommendation: Immediate management intervention required | Review outlet performance and revenue drivers | Review inventory levels and replenishment | Reduce inventory wastage and improve stock rotation | Review audit findings and compliance issues",29.17,Critical,Unknown,,,75.875,1,20,0,40,74.1075,99.2675,149,11098,13.87,80.0,21.763899394361868,4.594764852933748,434125.57,9448265.23
OUT0211,25.93,Critical,Critical,5,100.0,High,3,4,"Inventory, Inventory Wastage, Marketing, Audit",Marketing Growth,Immediate management intervention required | Review inventory levels and replenishment | Reduce inventory wastage and improve stock rotation | Review marketing effectiveness and conversion performance | Review audit findings and compliance issues,"Health: Critical | Risk Areas: Inventory, Inventory Wastage, Marketing, Audit | Recommendation: Immediate management intervention required | Review inventory levels and replenishment | Reduce inventory wastage and improve stock rotation | Review marketing effectiveness and conversion performance | Review audit findings and compliance issues",50.9,Needs Improvement,Unknown,,,70.125,4,21,0,40,49.042500000000004,97.015,1437,38766,20.29575,52.5,23.44889844354444,4.264592652007085,3019033.19,70793002.67
OUT0268,25.97,Critical,Critical,5,100.0,High,3,4,"Performance, Inventory, Inventory Wastage, Audit",Marketing Growth,Immediate management intervention required | Review outlet performance and revenue drivers | Review inventory levels and replenishment | Reduce inventory wastage and improve stock rotation | Review audit findings and compliance issues,"Health: Critical | Risk Areas: Performance, Inventory, Inventory Wastage, Audit | Recommendation: Immediate management intervention required | Review outlet performance and revenue drivers | Review inventory levels and replenishment | Reduce inventory wastage and improve stock rotation | Review audit findings and compliance issues",44.67,Critical,Unknown,,,76.875,2,17,0,40,57.955,96.9525,2168,51243,18.845,80.0,19.903271990315293,5.02429952465398,2483320.92,49426211.71
OUT0138,25.97,Critical,Critical,5,100.0,High,3,4,"Performance, Inventory, Inventory Wastage, Audit",Marketing Growth,Immediate management intervention required | Review outlet performance and revenue drivers | Review inventory levels and replenishment | Reduce inventory wastage and improve stock rotation | Review audit findings and compliance issues,"Health: Critical | Risk Areas: Performance, Inventory, Inventory Wastage, Audit | Recommendation: Immediate management intervention required | Review outlet performance and revenue drivers | Review inventory levels and replenishment | Reduce inventory wastage and improve stock rotation | Review audit findings and compliance issues",40.28,Critical,Unknown,,,76.875,2,17,0,40,42.2425,96.705,2030,53551,24.006,80.0,20.779690453887973,4.8123912250718615,2817663.56,58550176.58
OUT0291,26.0,Critical,Critical,5,100.0,High,3,4,"Performance, Inventory, Inventory Wastage, Audit",Marketing Growth,Immediate management intervention required | Review outlet performance and revenue drivers | Review inventory levels and replenishment | Reduce inventory wastage and improve stock rotation | Review audit findings and compliance issues,"Health: Critical | Risk Areas: Performance, Inventory, Inventory Wastage, Audit | Recommendation: Immediate management intervention required | Review outlet performance and revenue drivers | Review inventory levels and replenishment | Reduce inventory wastage and improve stock rotation | Review audit findings and compliance issues",43.81,Critical,Unknown,,,77.0,3,15,0,40,71.4825,96.885,892,16300,14.716999999999999,80.0,20.795213113612814,4.808798998772401,1114074.07,23167407.71
OUT0363,26.0,Critical,Critical,5,100.0,High,3,4,"Performance, Inventory, Inventory Wastage, Audit",Marketing Growth,Immediate management intervention required | Review outlet performance and revenue drivers | Review inventory levels and replenishment | Reduce inventory wastage and improve stock rotation | Review audit findings and compliance issues,"Health: Critical | Risk Areas: Performance, Inventory, Inventory Wastage, Audit | Recommendation: Immediate management intervention required | Review outlet performance and revenue drivers | Review inventory levels and replenishment | Reduce inventory wastage and improve stock rotation | Review audit findings and compliance issues",31.34,Critical,Unknown,,,77.0,3,15,0,40,48.002500000000005,96.4025,954,21748,21.24025,80.0,20.706651011181627,4.829366175438018,1149952.66,23811668.41
OUT0629,26.12,Critical,Critical,5,100.0,High,3,4,"Performance, Inventory, Inventory Wastage, Audit",Marketing Growth,Immediate management intervention required | Review outlet performance and revenue drivers | Review inventory levels and replenishment | Reduce inventory wastage and improve stock rotation | Review audit findings and compliance issues,"Health: Critical | Risk Areas: Performance, Inventory, Inventory Wastage, Audit | Recommendation: Immediate management intervention required | Review outlet performance and revenue drivers | Review inventory levels and replenishment | Reduce inventory wastage and improve stock rotation | Review audit findings and compliance issues",49.46,Critical,Unknown,,,82.0,1,13,0,40,67.2625,99.25,236,19711,16.5155,80.0,20.834814623493354,4.79965873501173,2077558.3,43285542.05
OUT0241,26.19,Critical,Critical,5,100.0,High,3,4,"Performance, Inventory, Inventory Wastage, Marketing",Marketing Growth,Immediate management intervention required | Review outlet performance and revenue drivers | Review inventory levels and replenishment | Reduce inventory wastage and improve stock rotation | Review marketing effectiveness and conversion performance,"Health: Critical | Risk Areas: Performance, Inventory, Inventory Wastage, Marketing | Recommendation: Immediate management intervention required | Review outlet performance and revenue drivers | Review inventory levels and replenishment | Reduce inventory wastage and improve stock rotation | Review marketing effectiveness and conversion performance",12.24,Critical,Unknown,,,76.25,4,14,0,40,46.055,96.58,399,9803,21.97775,52.5,19.13107589297698,5.227097553708937,375133.13,7176700.38
OUT0168,26.28,Critical,Critical,5,100.0,High,3,4,"Performance, Inventory, Inventory Wastage, Audit",Marketing Growth,Immediate management intervention required | Review outlet performance and revenue drivers | Review inventory levels and replenishment | Reduce inventory wastage and improve stock rotation | Review audit findings and compliance issues,"Health: Critical | Risk Areas: Performance, Inventory, Inventory Wastage, Audit | Recommendation: Immediate management intervention required | Review outlet performance and revenue drivers | Review inventory levels and replenishment | Reduce inventory wastage and improve stock rotation | Review audit findings and compliance issues",31.39,Critical,Unknown,,,78.125,5,10,0,40,49.457499999999996,96.67999999999999,1477,36119,21.31525,80.0,19.924141277906145,5.019036886216515,1067842.27,21275840.25
OUT0057,26.28,Critical,Critical,5,100.0,High,3,5,"Performance, Inventory, Inventory Wastage, Inventory Overstock, Audit",Marketing Growth,Immediate management intervention required | Review outlet performance and revenue drivers | Review inventory levels and replenishment | Reduce inventory wastage and improve stock rotation | Reduce excess inventory and avoid unnecessary replenishment | Review audit findings and compliance issues,"Health: Critical | Risk Areas: Performance, Inventory, Inventory Wastage, Inventory Overstock, Audit | Recommendation: Immediate management intervention required | Review outlet performance and revenue drivers | Review inventory levels and replenishment | Reduce inventory wastage and improve stock rotation | Reduce excess inventory and avoid unnecessary replenishment | Review audit findings and compliance issues",37.84,Critical,Unknown,,,79.625,1,15,1,40,65.705,99.275,554,48609,16.632749999999998,80.0,20.26006649195364,4.935817956950704,1660429.48,33640411.67
OUT0155,26.41,Critical,Critical,5,100.0,High,3,4,"Performance, Inventory, Inventory Wastage, Audit",Marketing Growth,Immediate management intervention required | Review outlet performance and revenue drivers | Review inventory levels and replenishment | Reduce inventory wastage and improve stock rotation | Review audit findings and compliance issues,"Health: Critical | Risk Areas: Performance, Inventory, Inventory Wastage, Audit | Recommendation: Immediate management intervention required | Review outlet performance and revenue drivers | Review inventory levels and replenishment | Reduce inventory wastage and improve stock rotation | Review audit findings and compliance issues",47.95,Critical,Unknown,,,78.625,2,15,0,40,61.6375,97.97749999999999,1758,59584,17.329500000000003,80.0,22.12056527844755,4.520680133677765,2493787.63,55163992.06
OUT0036,26.44,Critical,Critical,5,100.0,High,3,4,"Performance, Inventory, Inventory Wastage, Audit",Marketing Growth,Immediate management intervention required | Review outlet performance and revenue drivers | Review inventory levels and replenishment | Reduce inventory wastage and improve stock rotation | Review audit findings and compliance issues,"Health: Critical | Risk Areas: Performance, Inventory, Inventory Wastage, Audit | Recommendation: Immediate management intervention required | Review outlet performance and revenue drivers | Review inventory levels and replenishment | Reduce inventory wastage and improve stock rotation | Review audit findings and compliance issues",49.65,Critical,Unknown,,,78.75,3,13,0,40,43.945,96.5575,2149,53099,23.489250000000002,80.0,20.02608900708041,4.993486245099781,2911740.94,58310783.23
OUT0113,26.5,Critical,Critical,5,100.0,High,3,4,"Performance, Inventory, Inventory Wastage, Audit",Marketing Growth,Immediate management intervention required | Review outlet performance and revenue drivers | Review inventory levels and replenishment | Reduce inventory wastage and improve stock rotation | Review audit findings and compliance issues,"Health: Critical | Risk Areas: Performance, Inventory, Inventory Wastage, Audit | Recommendation: Immediate management intervention required | Review outlet performance and revenue drivers | Review inventory levels and replenishment | Reduce inventory wastage and improve stock rotation | Review audit findings and compliance issues",29.24,Critical,Unknown,,,68.5,5,21,0,40,54.27,96.6925,721,16564,18.0955,80.0,19.69716024474928,5.076873963426136,500458.27,9857606.74
OUT0539,26.61,Critical,Critical,5,100.0,High,3,4,"Inventory, Inventory Wastage, Marketing, Audit",Marketing Growth,Immediate management intervention required | Review inventory levels and replenishment | Reduce inventory wastage and improve stock rotation | Review marketing effectiveness and conversion performance | Review audit findings and compliance issues,"Health: Critical | Risk Areas: Inventory, Inventory Wastage, Marketing, Audit | Recommendation: Immediate management intervention required | Review inventory levels and replenishment | Reduce inventory wastage and improve stock rotation | Review marketing effectiveness and conversion performance | Review audit findings and compliance issues",51.21,Needs Improvement,Unknown,,,77.0,3,15,0,40,59.777499999999996,99.2675,374,35307,17.31625,52.5,19.47988530008432,5.13350045236494,3784110.89,73714046.1
OUT0635,26.62,Critical,Critical,5,100.0,High,3,4,"Performance, Inventory, Inventory Wastage, Audit",Marketing Growth,Immediate management intervention required | Review outlet performance and revenue drivers | Review inventory levels and replenishment | Reduce inventory wastage and improve stock rotation | Review audit findings and compliance issues,"Health: Critical | Risk Areas: Performance, Inventory, Inventory Wastage, Audit | Recommendation: Immediate management intervention required | Review outlet performance and revenue drivers | Review inventory levels and replenishment | Reduce inventory wastage and improve stock rotation | Review audit findings and compliance issues",47.38,Critical,Unknown,,,79.5,2,14,0,40,50.93,98.0925,840,35013,20.792,80.0,19.392821362299227,5.156547267248376,3049641.02,59141143.52
OUT0706,26.66,Critical,Critical,5,100.0,High,3,4,"Performance, Inventory, Inventory Wastage, Audit",Marketing Growth,Immediate management intervention required | Review outlet performance and revenue drivers | Review inventory levels and replenishment | Reduce inventory wastage and improve stock rotation | Review audit findings and compliance issues,"Health: Critical | Risk Areas: Performance, Inventory, Inventory Wastage, Audit | Recommendation: Immediate management intervention required | Review outlet performance and revenue drivers | Review inventory levels and replenishment | Reduce inventory wastage and improve stock rotation | Review audit findings and compliance issues",40.24,Critical,Unknown,,,79.625,3,12,0,40,63.8,96.9975,1751,38287,16.752000000000002,80.0,21.575778857327716,4.634826889043559,1605187.44,34633169.23
OUT0183,26.84,Critical,Critical,5,100.0,High,3,4,"Performance, Inventory, Inventory Wastage, Audit",Marketing Growth,Immediate management intervention required | Review outlet performance and revenue drivers | Review inventory levels and replenishment | Reduce inventory wastage and improve stock rotation | Review audit findings and compliance issues,"Health: Critical | Risk Areas: Performance, Inventory, Inventory Wastage, Audit | Recommendation: Immediate management intervention required | Review outlet performance and revenue drivers | Review inventory levels and replenishment | Reduce inventory wastage and improve stock rotation | Review audit findings and compliance issues",47.24,Critical,Unknown,,,80.375,2,13,0,40,63.0425,96.52000000000001,1796,34626,17.18325,80.0,20.644708957486124,4.843856128266623,2585598.2,53378922.32
OUT0136,26.88,Critical,Critical,5,100.0,High,3,4,"Performance, Inventory, Inventory Wastage, Marketing",Marketing Growth,Immediate management intervention required | Review outlet performance and revenue drivers | Review inventory levels and replenishment | Reduce inventory wastage and improve stock rotation | Review marketing effectiveness and conversion performance,"Health: Critical | Risk Areas: Performance, Inventory, Inventory Wastage, Marketing | Recommendation: Immediate management intervention required | Review outlet performance and revenue drivers | Review inventory levels and replenishment | Reduce inventory wastage and improve stock rotation | Review marketing effectiveness and conversion performance",17.06,Critical,Unknown,,,79.0,5,9,0,40,52.94,96.75750000000001,671,15945,19.1995,52.5,19.67890548282536,5.081583428878926,476586.4,9378698.72
OUT0450,27.06,Critical,Critical,5,100.0,High,3,4,"Performance, Inventory, Inventory Wastage, Audit",Marketing Growth,Immediate management intervention required | Review outlet performance and revenue drivers | Review inventory levels and replenishment | Reduce inventory wastage and improve stock rotation | Review audit findings and compliance issues,"Health: Critical | Risk Areas: Performance, Inventory, Inventory Wastage, Audit | Recommendation: Immediate management intervention required | Review outlet performance and revenue drivers | Review inventory levels and replenishment | Reduce inventory wastage and improve stock rotation | Review audit findings and compliance issues",40.51,Critical,Unknown,,,70.75,2,24,0,40,47.6925,97.9375,875,34863,20.8035,80.0,21.01212222701023,4.759157543422913,2300236.58,48332852.17
OUT0170,27.19,Critical,Critical,5,100.0,High,3,4,"Performance, Inventory Wastage, Marketing, Audit",Marketing Growth,Immediate management intervention required | Review outlet performance and revenue drivers | Reduce inventory wastage and improve stock rotation | Review marketing effectiveness and conversion performance | Review audit findings and compliance issues,"Health: Critical | Risk Areas: Performance, Inventory Wastage, Marketing, Audit | Recommendation: Immediate management intervention required | Review outlet performance and revenue drivers | Reduce inventory wastage and improve stock rotation | Review marketing effectiveness and conversion performance | Review audit findings and compliance issues",27.63,Critical,Unknown,,,75.75,0,22,0,40,40.5675,97.89500000000001,824,34994,24.30275,52.5,18.492167697719918,5.407694848686128,1616878.99,29899597.43
OUT0309,27.34,Critical,Critical,5,100.0,High,3,4,"Performance, Inventory, Inventory Wastage, Audit",Marketing Growth,Immediate management intervention required | Review outlet performance and revenue drivers | Review inventory levels and replenishment | Reduce inventory wastage and improve stock rotation | Review audit findings and compliance issues,"Health: Critical | Risk Areas: Performance, Inventory, Inventory Wastage, Audit | Recommendation: Immediate management intervention required | Review outlet performance and revenue drivers | Review inventory levels and replenishment | Reduce inventory wastage and improve stock rotation | Review audit findings and compliance issues",32.38,Critical,Unknown,,,71.875,4,19,0,40,50.295,99.275,175,19303,20.674500000000002,80.0,20.225946221655395,4.944144461974917,1112883.27,22509117.17
OUT0058,27.5,Critical,Critical,5,100.0,High,3,4,"Performance, Inventory, Inventory Wastage, Audit",Marketing Growth,Immediate management intervention required | Review outlet performance and revenue drivers | Review inventory levels and replenishment | Reduce inventory wastage and improve stock rotation | Review audit findings and compliance issues,"Health: Critical | Risk Areas: Performance, Inventory, Inventory Wastage, Audit | Recommendation: Immediate management intervention required | Review outlet performance and revenue drivers | Review inventory levels and replenishment | Reduce inventory wastage and improve stock rotation | Review audit findings and compliance issues",25.67,Critical,Unknown,,,83.0,2,10,0,40,50.0075,96.965,1352,35854,20.93775,80.0,20.571294773282528,4.861142728355506,1444425.31,29713698.83
OUT0188,27.53,Critical,Critical,5,100.0,High,3,4,"Performance, Inventory, Inventory Wastage, Marketing",Marketing Growth,Immediate management intervention required | Review outlet performance and revenue drivers | Review inventory levels and replenishment | Reduce inventory wastage and improve stock rotation | Review marketing effectiveness and conversion performance,"Health: Critical | Risk Areas: Performance, Inventory, Inventory Wastage, Marketing | Recommendation: Immediate management intervention required | Review outlet performance and revenue drivers | Review inventory levels and replenishment | Reduce inventory wastage and improve stock rotation | Review marketing effectiveness and conversion performance",22.0,Critical,Unknown,,,81.625,5,6,0,40,58.665,96.9125,609,14097,18.45025,52.5,18.2386138846144,5.482872801225168,1439438.03,26253354.44
OUT0575,27.53,Critical,Critical,5,100.0,High,3,4,"Performance, Inventory, Inventory Wastage, Audit",Marketing Growth,Immediate management intervention required | Review outlet performance and revenue drivers | Review inventory levels and replenishment | Reduce inventory wastage and improve stock rotation | Review audit findings and compliance issues,"Health: Critical | Risk Areas: Performance, Inventory, Inventory Wastage, Audit | Recommendation: Immediate management intervention required | Review outlet performance and revenue drivers | Review inventory levels and replenishment | Reduce inventory wastage and improve stock rotation | Review audit findings and compliance issues",48.06,Critical,Unknown,,,72.625,3,20,0,40,40.792500000000004,97.9725,732,32469,23.983,80.0,19.501940190554603,5.127694938190464,2888767.8,56336576.86
OUT0676,27.56,Critical,Critical,5,100.0,High,3,4,"Performance, Inventory, Inventory Wastage, Audit",Marketing Growth,Immediate management intervention required | Review outlet performance and revenue drivers | Review inventory levels and replenishment | Reduce inventory wastage and improve stock rotation | Review audit findings and compliance issues,"Health: Critical | Risk Areas: Performance, Inventory, Inventory Wastage, Audit | Recommendation: Immediate management intervention required | Review outlet performance and revenue drivers | Review inventory levels and replenishment | Reduce inventory wastage and improve stock rotation | Review audit findings and compliance issues",47.6,Critical,Unknown,,,72.75,4,18,0,40,65.08250000000001,96.635,1306,25357,15.925999999999998,80.0,20.687144570203436,4.8339199090837415,1679341.83,34740787.22
OUT0296,27.59,Critical,Critical,5,100.0,High,3,4,"Performance, Inventory, Inventory Wastage, Audit",Marketing Growth,Immediate management intervention required | Review outlet performance and revenue drivers | Review inventory levels and replenishment | Reduce inventory wastage and improve stock rotation | Review audit findings and compliance issues,"Health: Critical | Risk Areas: Performance, Inventory, Inventory Wastage, Audit | Recommendation: Immediate management intervention required | Review outlet performance and revenue drivers | Review inventory levels and replenishment | Reduce inventory wastage and improve stock rotation | Review audit findings and compliance issues",43.81,Critical,Unknown,,,72.875,5,16,0,40,60.364999999999995,96.83500000000001,1960,43528,17.364250000000002,80.0,20.110262637709816,4.972585480434488,1867195.31,37549788.08
OUT0687,27.59,Critical,Critical,5,100.0,High,3,4,"Performance, Inventory, Inventory Wastage, Audit",Marketing Growth,Immediate management intervention required | Review outlet performance and revenue drivers | Review inventory levels and replenishment | Reduce inventory wastage and improve stock rotation | Review audit findings and compliance issues,"Health: Critical | Risk Areas: Performance, Inventory, Inventory Wastage, Audit | Recommendation: Immediate management intervention required | Review outlet performance and revenue drivers | Review inventory levels and replenishment | Reduce inventory wastage and improve stock rotation | Review audit findings and compliance issues",43.03,Critical,Unknown,,,72.875,5,16,0,40,51.815,99.315,361,40699,19.638749999999998,80.0,20.42773475468958,4.895305387546363,2268969.05,46349897.92
OUT0376,27.62,Critical,Critical,5,100.0,High,3,4,"Performance, Inventory, Inventory Wastage, Audit",Marketing Growth,Immediate management intervention required | Review outlet performance and revenue drivers | Review inventory levels and replenishment | Reduce inventory wastage and improve stock rotation | Review audit findings and compliance issues,"Health: Critical | Risk Areas: Performance, Inventory, Inventory Wastage, Audit | Recommendation: Immediate management intervention required | Review outlet performance and revenue drivers | Review inventory levels and replenishment | Reduce inventory wastage and improve stock rotation | Review audit findings and compliance issues",44.87,Critical,Unknown,,,73.0,6,14,0,40,42.2875,96.97749999999999,2088,60210,23.29925,80.0,19.84412813331562,5.039274052666162,2962819.14,58794562.65
OUT0345,27.62,Critical,Critical,5,100.0,High,3,4,"Performance, Inventory, Inventory Wastage, Audit",Marketing Growth,Immediate management intervention required | Review outlet performance and revenue drivers | Review inventory levels and replenishment | Reduce inventory wastage and improve stock rotation | Review audit findings and compliance issues,"Health: Critical | Risk Areas: Performance, Inventory, Inventory Wastage, Audit | Recommendation: Immediate management intervention required | Review outlet performance and revenue drivers | Review inventory levels and replenishment | Reduce inventory wastage and improve stock rotation | Review audit findings and compliance issues",25.97,Critical,Unknown,,,73.0,6,14,0,40,70.6275,98.0775,805,24238,14.5095,80.0,20.36627174958516,4.910078841604228,1010641.69,20583003.3
OUT0383,27.62,Critical,Critical,5,100.0,High,3,4,"Performance, Inventory Wastage, Marketing, Audit",Marketing Growth,Immediate management intervention required | Review outlet performance and revenue drivers | Reduce inventory wastage and improve stock rotation | Review marketing effectiveness and conversion performance | Review audit findings and compliance issues,"Health: Critical | Risk Areas: Performance, Inventory Wastage, Marketing, Audit | Recommendation: Immediate management intervention required | Review outlet performance and revenue drivers | Reduce inventory wastage and improve stock rotation | Review marketing effectiveness and conversion performance | Review audit findings and compliance issues",49.66,Critical,Unknown,,,77.5,0,20,0,40,74.905,96.83,1021,17058,14.02825,52.5,20.529040964609752,4.8711481540901564,2510547.29,51539128.16
OUT0008,27.75,Critical,Critical,5,100.0,High,3,4,"Performance, Inventory, Inventory Wastage, Audit",Marketing Growth,Immediate management intervention required | Review outlet performance and revenue drivers | Review inventory levels and replenishment | Reduce inventory wastage and improve stock rotation | Review audit findings and compliance issues,"Health: Critical | Risk Areas: Performance, Inventory, Inventory Wastage, Audit | Recommendation: Immediate management intervention required | Review outlet performance and revenue drivers | Review inventory levels and replenishment | Reduce inventory wastage and improve stock rotation | Review audit findings and compliance issues",40.56,Critical,Unknown,,,73.5,3,19,0,40,64.69,96.94,712,15054,15.77425,80.0,19.49192460050202,5.130329716000669,1568470.39,30572506.58
OUT0537,27.75,Critical,Critical,5,100.0,High,3,4,"Inventory, Inventory Wastage, Marketing, Audit",Marketing Growth,Immediate management intervention required | Review inventory levels and replenishment | Reduce inventory wastage and improve stock rotation | Review marketing effectiveness and conversion performance | Review audit findings and compliance issues,"Health: Critical | Risk Areas: Inventory, Inventory Wastage, Marketing, Audit | Recommendation: Immediate management intervention required | Review inventory levels and replenishment | Reduce inventory wastage and improve stock rotation | Review marketing effectiveness and conversion performance | Review audit findings and compliance issues",55.61,Needs Improvement,Unknown,,,71.75,3,21,0,40,55.447500000000005,99.285,542,57611,18.217750000000002,52.5,18.984182671600383,5.26754307677392,4232085.11,80342676.81
OUT0550,27.78,Critical,Critical,5,100.0,High,3,4,"Inventory, Inventory Wastage, Marketing, Audit",Marketing Growth,Immediate management intervention required | Review inventory levels and replenishment | Reduce inventory wastage and improve stock rotation | Review marketing effectiveness and conversion performance | Review audit findings and compliance issues,"Health: Critical | Risk Areas: Inventory, Inventory Wastage, Marketing, Audit | Recommendation: Immediate management intervention required | Review inventory levels and replenishment | Reduce inventory wastage and improve stock rotation | Review marketing effectiveness and conversion performance | Review audit findings and compliance issues",50.11,Needs Improvement,Unknown,,,78.5,1,17,0,40,70.485,97.9425,1465,42386,15.19075,52.5,18.955194092992183,5.275598841637313,2469939.51,46818182.81
OUT0517,27.81,Critical,Critical,5,100.0,High,3,4,"Performance, Inventory, Inventory Wastage, Audit",Marketing Growth,Immediate management intervention required | Review outlet performance and revenue drivers | Review inventory levels and replenishment | Reduce inventory wastage and improve stock rotation | Review audit findings and compliance issues,"Health: Critical | Risk Areas: Performance, Inventory, Inventory Wastage, Audit | Recommendation: Immediate management intervention required | Review outlet performance and revenue drivers | Review inventory levels and replenishment | Reduce inventory wastage and improve stock rotation | Review audit findings and compliance issues",40.08,Critical,Unknown,,,73.75,5,15,0,40,70.8375,99.345,521,45888,14.37775,80.0,22.142533510059,4.516195039495892,1886781.22,41778116.39
OUT0684,27.91,Critical,Critical,5,100.0,High,3,4,"Performance, Inventory, Inventory Wastage, Marketing",Marketing Growth,Immediate management intervention required | Review outlet performance and revenue drivers | Review inventory levels and replenishment | Reduce inventory wastage and improve stock rotation | Review marketing effectiveness and conversion performance,"Health: Critical | Risk Areas: Performance, Inventory, Inventory Wastage, Marketing | Recommendation: Immediate management intervention required | Review outlet performance and revenue drivers | Review inventory levels and replenishment | Reduce inventory wastage and improve stock rotation | Review marketing effectiveness and conversion performance",31.76,Critical,Unknown,,,77.125,4,13,0,40,75.3725,99.365,111,8584,14.239250000000002,37.5,19.111765064702865,5.2323790953609,1462963.14,27959807.83
OUT0493,27.91,Critical,Critical,5,100.0,High,3,4,"Performance, Inventory, Inventory Wastage, Audit",Marketing Growth,Immediate management intervention required | Review outlet performance and revenue drivers | Review inventory levels and replenishment | Reduce inventory wastage and improve stock rotation | Review audit findings and compliance issues,"Health: Critical | Risk Areas: Performance, Inventory, Inventory Wastage, Audit | Recommendation: Immediate management intervention required | Review outlet performance and revenue drivers | Review inventory levels and replenishment | Reduce inventory wastage and improve stock rotation | Review audit findings and compliance issues",32.78,Critical,Unknown,,,74.125,1,22,0,40,68.49249999999999,96.79249999999999,2370,44605,15.315999999999999,80.0,20.64728487800858,4.843251816925816,2379546.12,49131166.62
OUT0729,28.03,Critical,Critical,5,100.0,High,3,4,"Performance, Inventory, Inventory Wastage, Audit",Marketing Growth,Immediate management intervention required | Review outlet performance and revenue drivers | Review inventory levels and replenishment | Reduce inventory wastage and improve stock rotation | Review audit findings and compliance issues,"Health: Critical | Risk Areas: Performance, Inventory, Inventory Wastage, Audit | Recommendation: Immediate management intervention required | Review outlet performance and revenue drivers | Review inventory levels and replenishment | Reduce inventory wastage and improve stock rotation | Review audit findings and compliance issues",33.7,Critical,Unknown,,,74.625,5,14,0,40,58.160000000000004,99.345,393,42371,17.83875,80.0,20.130948258966693,4.96747588407606,1954472.95,39345393.83
OUT0110,28.06,Critical,Critical,5,100.0,High,3,4,"Performance, Inventory Wastage, Marketing, Audit",Marketing Growth,Immediate management intervention required | Review outlet performance and revenue drivers | Reduce inventory wastage and improve stock rotation | Review marketing effectiveness and conversion performance | Review audit findings and compliance issues,"Health: Critical | Risk Areas: Performance, Inventory Wastage, Marketing, Audit | Recommendation: Immediate management intervention required | Review outlet performance and revenue drivers | Reduce inventory wastage and improve stock rotation | Review marketing effectiveness and conversion performance | Review audit findings and compliance issues",43.0,Critical,Unknown,,,79.25,0,18,0,40,71.3425,98.02000000000001,1564,45688,15.2085,52.5,17.712403122714964,5.645761295470785,2911070.69,51562057.58
OUT0200,28.06,Critical,Critical,5,100.0,High,3,4,"Performance, Inventory Wastage, Marketing, Audit",Marketing Growth,Immediate management intervention required | Review outlet performance and revenue drivers | Reduce inventory wastage and improve stock rotation | Review marketing effectiveness and conversion performance | Review audit findings and compliance issues,"Health: Critical | Risk Areas: Performance, Inventory Wastage, Marketing, Audit | Recommendation: Immediate management intervention required | Review outlet performance and revenue drivers | Reduce inventory wastage and improve stock rotation | Review marketing effectiveness and conversion performance | Review audit findings and compliance issues",38.54,Critical,Unknown,,,79.25,0,18,0,40,78.1925,98.175,791,21459,13.76425,52.5,19.00660079379662,5.261330055011101,1176938.75,22369604.98
OUT0246,28.16,Critical,Critical,5,100.0,High,3,4,"Performance, Inventory, Inventory Wastage, Audit",Marketing Growth,Immediate management intervention required | Review outlet performance and revenue drivers | Review inventory levels and replenishment | Reduce inventory wastage and improve stock rotation | Review audit findings and compliance issues,"Health: Critical | Risk Areas: Performance, Inventory, Inventory Wastage, Audit | Recommendation: Immediate management intervention required | Review outlet performance and revenue drivers | Review inventory levels and replenishment | Reduce inventory wastage and improve stock rotation | Review audit findings and compliance issues",33.88,Critical,Unknown,,,75.125,2,19,0,40,45.0575,96.845,893,24281,22.24875,80.0,21.13191195638231,4.732179473698675,1627743.2,34397325.99
OUT0418,28.16,Critical,Critical,5,100.0,High,3,4,"Performance, Inventory, Inventory Wastage, Audit","Marketing Growth, Healthy Inventory",Immediate management intervention required | Review outlet performance and revenue drivers | Review inventory levels and replenishment | Reduce inventory wastage and improve stock rotation | Review audit findings and compliance issues,"Health: Critical | Risk Areas: Performance, Inventory, Inventory Wastage, Audit | Recommendation: Immediate management intervention required | Review outlet performance and revenue drivers | Review inventory levels and replenishment | Reduce inventory wastage and improve stock rotation | Review audit findings and compliance issues",34.89,Critical,Unknown,,,85.625,2,7,0,40,50.625,96.97749999999999,1364,35909,21.17625,80.0,19.639089465712527,5.091885760517966,1403619.85,27565815.81
OUT0327,28.19,Critical,Critical,5,100.0,High,3,4,"Performance, Inventory, Inventory Wastage, Audit",Marketing Growth,Immediate management intervention required | Review outlet performance and revenue drivers | Review inventory levels and replenishment | Reduce inventory wastage and improve stock rotation | Review audit findings and compliance issues,"Health: Critical | Risk Areas: Performance, Inventory, Inventory Wastage, Audit | Recommendation: Immediate management intervention required | Review outlet performance and revenue drivers | Review inventory levels and replenishment | Reduce inventory wastage and improve stock rotation | Review audit findings and compliance issues",47.55,Critical,Unknown,,,75.25,3,17,0,40,48.06,99.235,854,91689,20.889000000000003,80.0,21.51457394458381,4.648012099034594,3100317.47,66702009.46
OUT0726,28.22,Critical,Critical,5,100.0,High,3,4,"Inventory, Inventory Wastage, Marketing, Audit",Marketing Growth,Immediate management intervention required | Review inventory levels and replenishment | Reduce inventory wastage and improve stock rotation | Review marketing effectiveness and conversion performance | Review audit findings and compliance issues,"Health: Critical | Risk Areas: Inventory, Inventory Wastage, Marketing, Audit | Recommendation: Immediate management intervention required | Review inventory levels and replenishment | Reduce inventory wastage and improve stock rotation | Review marketing effectiveness and conversion performance | Review audit findings and compliance issues",51.46,Needs Improvement,Unknown,,,77.125,4,13,0,40,46.230000000000004,96.6725,2093,52321,22.3695,37.5,18.870921197128435,5.299158369397296,3636620.65,68626381.71
OUT0308,28.23,Critical,Critical,5,100.0,High,3,4,"Inventory, Inventory Wastage, Marketing, Audit",Marketing Growth,Immediate management intervention required | Review inventory levels and replenishment | Reduce inventory wastage and improve stock rotation | Review marketing effectiveness and conversion performance | Review audit findings and compliance issues,"Health: Critical | Risk Areas: Inventory, Inventory Wastage, Marketing, Audit | Recommendation: Immediate management intervention required | Review inventory levels and replenishment | Reduce inventory wastage and improve stock rotation | Review marketing effectiveness and conversion performance | Review audit findings and compliance issues",55.97,Needs Improvement,Unknown,,,73.25,1,23,0,40,57.745000000000005,96.9,2533,57958,17.643,52.5,18.40424803134298,5.433528163155431,5337858.45,98239270.87
OUT0302,28.28,Critical,Critical,5,100.0,High,3,4,"Performance, Inventory, Inventory Wastage, Marketing",Marketing Growth,Immediate management intervention required | Review outlet performance and revenue drivers | Review inventory levels and replenishment | Reduce inventory wastage and improve stock rotation | Review marketing effectiveness and conversion performance,"Health: Critical | Risk Areas: Performance, Inventory, Inventory Wastage, Marketing | Recommendation: Immediate management intervention required | Review outlet performance and revenue drivers | Review inventory levels and replenishment | Reduce inventory wastage and improve stock rotation | Review marketing effectiveness and conversion performance",23.46,Critical,Unknown,,,84.625,1,10,0,40,78.2375,99.29249999999999,116,8180,14.469,52.5,20.088269463745554,4.978029599835651,995784.57,20003588.77
OUT0668,28.33,Critical,Critical,5,100.0,High,3,4,"Inventory, Inventory Wastage, Marketing, Audit",Marketing Growth,Immediate management intervention required | Review inventory levels and replenishment | Reduce inventory wastage and improve stock rotation | Review marketing effectiveness and conversion performance | Review audit findings and compliance issues,"Health: Critical | Risk Areas: Inventory, Inventory Wastage, Marketing, Audit | Recommendation: Immediate management intervention required | Review inventory levels and replenishment | Reduce inventory wastage and improve stock rotation | Review marketing effectiveness and conversion performance | Review audit findings and compliance issues",55.69,Needs Improvement,Unknown,,,78.5,1,17,0,40,77.1925,96.78999999999999,1491,22788,14.486250000000002,52.5,18.849504255049816,5.305179311185854,4410024.75,83126780.29
OUT0274,28.38,Critical,Critical,5,100.0,High,3,4,"Performance, Inventory, Inventory Wastage, Audit",Marketing Growth,Immediate management intervention required | Review outlet performance and revenue drivers | Review inventory levels and replenishment | Reduce inventory wastage and improve stock rotation | Review audit findings and compliance issues,"Health: Critical | Risk Areas: Performance, Inventory, Inventory Wastage, Audit | Recommendation: Immediate management intervention required | Review outlet performance and revenue drivers | Review inventory levels and replenishment | Reduce inventory wastage and improve stock rotation | Review audit findings and compliance issues",37.18,Critical,Unknown,,,76.0,2,18,0,40,73.58250000000001,99.3,295,22385,13.855500000000001,80.0,20.95199383628783,4.772815455243448,1667099.26,34929053.42
OUT0095,28.38,Critical,Critical,5,100.0,High,3,4,"Performance, Inventory, Inventory Wastage, Audit",Marketing Growth,Immediate management intervention required | Review outlet performance and revenue drivers | Review inventory levels and replenishment | Reduce inventory wastage and improve stock rotation | Review audit findings and compliance issues,"Health: Critical | Risk Areas: Performance, Inventory, Inventory Wastage, Audit | Recommendation: Immediate management intervention required | Review outlet performance and revenue drivers | Review inventory levels and replenishment | Reduce inventory wastage and improve stock rotation | Review audit findings and compliance issues",37.29,Critical,Unknown,,,76.0,2,18,0,40,71.04249999999999,98.075,781,23055,14.655750000000001,80.0,20.366891662906564,4.909929392030211,1783927.59,36333059.96
OUT0733,28.41,Critical,Critical,5,100.0,High,3,4,"Performance, Inventory, Inventory Wastage, Audit",Marketing Growth,Immediate management intervention required | Review outlet performance and revenue drivers | Review inventory levels and replenishment | Reduce inventory wastage and improve stock rotation | Review audit findings and compliance issues,"Health: Critical | Risk Areas: Performance, Inventory, Inventory Wastage, Audit | Recommendation: Immediate management intervention required | Review outlet performance and revenue drivers | Review inventory levels and replenishment | Reduce inventory wastage and improve stock rotation | Review audit findings and compliance issues",48.95,Critical,Unknown,,,76.125,3,16,0,40,75.955,96.97749999999999,1622,27408,13.55625,80.0,19.735954437051312,5.066894551208778,1564994.41,30886658.37
OUT0024,28.41,Critical,Critical,5,100.0,High,3,4,"Performance, Inventory, Inventory Wastage, Audit",Marketing Growth,Immediate management intervention required | Review outlet performance and revenue drivers | Review inventory levels and replenishment | Reduce inventory wastage and improve stock rotation | Review audit findings and compliance issues,"Health: Critical | Risk Areas: Performance, Inventory, Inventory Wastage, Audit | Recommendation: Immediate management intervention required | Review outlet performance and revenue drivers | Review inventory levels and replenishment | Reduce inventory wastage and improve stock rotation | Review audit findings and compliance issues",40.83,Critical,Unknown,,,76.125,3,16,0,40,75.215,99.3025,309,22270,14.11275,80.0,19.99680932394173,5.000797796290045,1799477.57,35983809.85
OUT0336,28.41,Critical,Critical,5,100.0,High,3,4,"Performance, Inventory, Inventory Wastage, Audit",Marketing Growth,Immediate management intervention required | Review outlet performance and revenue drivers | Review inventory levels and replenishment | Reduce inventory wastage and improve stock rotation | Review audit findings and compliance issues,"Health: Critical | Risk Areas: Performance, Inventory, Inventory Wastage, Audit | Recommendation: Immediate management intervention required | Review outlet performance and revenue drivers | Review inventory levels and replenishment | Reduce inventory wastage and improve stock rotation | Review audit findings and compliance issues",35.93,Critical,Unknown,,,76.125,3,16,0,40,70.3725,96.7825,995,17850,14.88175,80.0,21.18496270849824,4.720329290921316,741978.7,15718791.09
OUT0744,28.47,Critical,Critical,5,100.0,High,3,4,"Performance, Inventory, Inventory Wastage, Audit",Marketing Growth,Immediate management intervention required | Review outlet performance and revenue drivers | Review inventory levels and replenishment | Reduce inventory wastage and improve stock rotation | Review audit findings and compliance issues,"Health: Critical | Risk Areas: Performance, Inventory, Inventory Wastage, Audit | Recommendation: Immediate management intervention required | Review outlet performance and revenue drivers | Review inventory levels and replenishment | Reduce inventory wastage and improve stock rotation | Review audit findings and compliance issues",45.75,Critical,Unknown,,,76.375,5,12,0,40,52.06,99.2625,228,23393,20.28425,80.0,20.279237615996816,4.931151845724084,1354903.56,27476411.24
OUT0321,28.53,Critical,Critical,5,100.0,High,3,4,"Performance, Inventory, Inventory Wastage, Marketing",Marketing Growth,Immediate management intervention required | Review outlet performance and revenue drivers | Review inventory levels and replenishment | Reduce inventory wastage and improve stock rotation | Review marketing effectiveness and conversion performance,"Health: Critical | Risk Areas: Performance, Inventory, Inventory Wastage, Marketing | Recommendation: Immediate management intervention required | Review outlet performance and revenue drivers | Review inventory levels and replenishment | Reduce inventory wastage and improve stock rotation | Review marketing effectiveness and conversion performance",38.9,Critical,Unknown,,,79.625,3,12,0,40,54.089999999999996,96.81,846,20118,20.07875,37.5,18.36107176424837,5.446305165840824,2058282.13,37792265.9
OUT0626,28.59,Critical,Critical,5,100.0,High,3,4,"Performance, Inventory, Inventory Wastage, Audit",Marketing Growth,Immediate management intervention required | Review outlet performance and revenue drivers | Review inventory levels and replenishment | Reduce inventory wastage and improve stock rotation | Review audit findings and compliance issues,"Health: Critical | Risk Areas: Performance, Inventory, Inventory Wastage, Audit | Recommendation: Immediate management intervention required | Review outlet performance and revenue drivers | Review inventory levels and replenishment | Reduce inventory wastage and improve stock rotation | Review audit findings and compliance issues",42.2,Critical,Unknown,,,76.875,2,17,0,40,47.7625,96.6125,2842,68813,21.6085,80.0,19.767234567128597,5.058876579847562,3355816.37,66335209.35
OUT0007,28.59,Critical,Critical,5,100.0,High,3,4,"Performance, Inventory, Inventory Wastage, Audit",Marketing Growth,Immediate management intervention required | Review outlet performance and revenue drivers | Review inventory levels and replenishment | Reduce inventory wastage and improve stock rotation | Review audit findings and compliance issues,"Health: Critical | Risk Areas: Performance, Inventory, Inventory Wastage, Audit | Recommendation: Immediate management intervention required | Review outlet performance and revenue drivers | Review inventory levels and replenishment | Reduce inventory wastage and improve stock rotation | Review audit findings and compliance issues",40.68,Critical,Unknown,,,76.875,2,17,0,40,45.625,99.245,259,28669,22.1235,80.0,20.018778130524705,4.995309870961587,1372743.68,27480651.16
OUT0052,28.59,Critical,Critical,5,100.0,High,3,4,"Performance, Inventory, Inventory Wastage, Audit",Marketing Growth,Immediate management intervention required | Review outlet performance and revenue drivers | Review inventory levels and replenishment | Reduce inventory wastage and improve stock rotation | Review audit findings and compliance issues,"Health: Critical | Risk Areas: Performance, Inventory, Inventory Wastage, Audit | Recommendation: Immediate management intervention required | Review outlet performance and revenue drivers | Review inventory levels and replenishment | Reduce inventory wastage and improve stock rotation | Review audit findings and compliance issues",30.99,Critical,Unknown,,,76.875,2,17,0,40,48.3825,99.225,337,35306,20.3325,80.0,19.788165069589294,5.053525662855991,1133036.32,22420709.73
OUT0260,28.59,Critical,Critical,5,100.0,High,3,4,"Performance, Inventory, Inventory Wastage, Audit",Marketing Growth,Immediate management intervention required | Review outlet performance and revenue drivers | Review inventory levels and replenishment | Reduce inventory wastage and improve stock rotation | Review audit findings and compliance issues,"Health: Critical | Risk Areas: Performance, Inventory, Inventory Wastage, Audit | Recommendation: Immediate management intervention required | Review outlet performance and revenue drivers | Review inventory levels and replenishment | Reduce inventory wastage and improve stock rotation | Review audit findings and compliance issues",19.27,Critical,Unknown,,,76.875,2,17,0,40,63.94,97.8375,286,8741,16.583000000000002,80.0,21.077011758932965,4.744505584745308,630081.83,13280242.14
OUT0331,28.61,Critical,Critical,5,100.0,High,3,4,"Inventory, Inventory Wastage, Marketing, Audit",Marketing Growth,Immediate management intervention required | Review inventory levels and replenishment | Reduce inventory wastage and improve stock rotation | Review marketing effectiveness and conversion performance | Review audit findings and compliance issues,"Health: Critical | Risk Areas: Inventory, Inventory Wastage, Marketing, Audit | Recommendation: Immediate management intervention required | Review inventory levels and replenishment | Reduce inventory wastage and improve stock rotation | Review marketing effectiveness and conversion performance | Review audit findings and compliance issues",54.23,Needs Improvement,Unknown,,,76.875,2,17,0,40,60.6225,96.785,1764,37738,17.173750000000002,52.5,18.801522549824217,5.318718190774127,4297245.25,80794753.47
OUT0692,28.78,Critical,Critical,5,100.0,High,3,4,"Performance, Inventory, Inventory Wastage, Audit",Marketing Growth,Immediate management intervention required | Review outlet performance and revenue drivers | Review inventory levels and replenishment | Reduce inventory wastage and improve stock rotation | Review audit findings and compliance issues,"Health: Critical | Risk Areas: Performance, Inventory, Inventory Wastage, Audit | Recommendation: Immediate management intervention required | Review outlet performance and revenue drivers | Review inventory levels and replenishment | Reduce inventory wastage and improve stock rotation | Review audit findings and compliance issues",34.53,Critical,Unknown,,,77.625,1,18,0,40,72.29249999999999,99.3775,204,18094,14.7005,80.0,19.490883134595386,5.130603847421607,1907372.68,37176378.0
OUT0621,28.78,Critical,Critical,5,100.0,High,3,4,"Performance, Inventory, Inventory Wastage, Audit",Marketing Growth,Immediate management intervention required | Review outlet performance and revenue drivers | Review inventory levels and replenishment | Reduce inventory wastage and improve stock rotation | Review audit findings and compliance issues,"Health: Critical | Risk Areas: Performance, Inventory, Inventory Wastage, Audit | Recommendation: Immediate management intervention required | Review outlet performance and revenue drivers | Review inventory levels and replenishment | Reduce inventory wastage and improve stock rotation | Review audit findings and compliance issues",33.78,Critical,Unknown,,,77.625,1,18,0,40,60.472500000000004,96.77250000000001,1195,25375,17.94475,80.0,20.459689221889217,4.887659774079704,998193.21,20422722.86
OUT0427,28.81,Critical,Critical,5,100.0,High,3,4,"Performance, Inventory, Inventory Wastage, Audit",Marketing Growth,Immediate management intervention required | Review outlet performance and revenue drivers | Review inventory levels and replenishment | Reduce inventory wastage and improve stock rotation | Review audit findings and compliance issues,"Health: Critical | Risk Areas: Performance, Inventory, Inventory Wastage, Audit | Recommendation: Immediate management intervention required | Review outlet performance and revenue drivers | Review inventory levels and replenishment | Reduce inventory wastage and improve stock rotation | Review audit findings and compliance issues",44.11,Critical,Unknown,,,77.75,2,16,0,40,73.24,99.3475,147,12004,14.535749999999998,80.0,20.007975920880494,4.998006814654308,1255839.94,25126815.28
OUT0229,28.81,Critical,Critical,5,100.0,High,3,4,"Performance, Inventory, Inventory Wastage, Audit",Marketing Growth,Immediate management intervention required | Review outlet performance and revenue drivers | Review inventory levels and replenishment | Reduce inventory wastage and improve stock rotation | Review audit findings and compliance issues,"Health: Critical | Risk Areas: Performance, Inventory, Inventory Wastage, Audit | Recommendation: Immediate management intervention required | Review outlet performance and revenue drivers | Review inventory levels and replenishment | Reduce inventory wastage and improve stock rotation | Review audit findings and compliance issues",34.14,Critical,Unknown,,,77.75,2,16,0,40,62.165,99.3175,219,21783,16.6785,80.0,20.68948263781256,4.833373639669355,1503852.27,31113925.43
OUT0678,28.88,Critical,Critical,5,100.0,High,3,4,"Performance, Inventory, Inventory Wastage, Audit",Marketing Growth,Immediate management intervention required | Review outlet performance and revenue drivers | Review inventory levels and replenishment | Reduce inventory wastage and improve stock rotation | Review audit findings and compliance issues,"Health: Critical | Risk Areas: Performance, Inventory, Inventory Wastage, Audit | Recommendation: Immediate management intervention required | Review outlet performance and revenue drivers | Review inventory levels and replenishment | Reduce inventory wastage and improve stock rotation | Review audit findings and compliance issues",39.35,Critical,Unknown,,,78.0,4,12,0,40,46.667500000000004,96.91,631,16973,22.082749999999997,80.0,21.15707300633916,4.726551729061843,1147995.79,24288230.74
OUT0593,28.88,Critical,Critical,5,100.0,High,3,4,"Performance, Inventory, Inventory Wastage, Audit",Marketing Growth,Immediate management intervention required | Review outlet performance and revenue drivers | Review inventory levels and replenishment | Reduce inventory wastage and improve stock rotation | Review audit findings and compliance issues,"Health: Critical | Risk Areas: Performance, Inventory, Inventory Wastage, Audit | Recommendation: Immediate management intervention required | Review outlet performance and revenue drivers | Review inventory levels and replenishment | Reduce inventory wastage and improve stock rotation | Review audit findings and compliance issues",29.12,Critical,Unknown,,,78.0,4,12,0,40,52.5025,96.85249999999999,720,17702,20.384,80.0,20.38543254832144,4.905463730679294,1111587.83,22660198.73
OUT0502,28.88,Critical,Critical,5,100.0,High,3,4,"Performance, Inventory, Inventory Wastage, Audit",Marketing Growth,Immediate management intervention required | Review outlet performance and revenue drivers | Review inventory levels and replenishment | Reduce inventory wastage and improve stock rotation | Review audit findings and compliance issues,"Health: Critical | Risk Areas: Performance, Inventory, Inventory Wastage, Audit | Recommendation: Immediate management intervention required | Review outlet performance and revenue drivers | Review inventory levels and replenishment | Reduce inventory wastage and improve stock rotation | Review audit findings and compliance issues",44.33,Critical,Unknown,,,78.0,4,12,0,40,69.17,99.315,452,39986,15.822999999999999,80.0,20.795007865670527,4.808846461899404,2576023.23,53568423.33
OUT0447,29.0,Critical,Critical,5,100.0,High,3,4,"Performance, Inventory, Inventory Wastage, Audit",Marketing Growth,Immediate management intervention required | Review outlet performance and revenue drivers | Review inventory levels and replenishment | Reduce inventory wastage and improve stock rotation | Review audit findings and compliance issues,"Health: Critical | Risk Areas: Performance, Inventory, Inventory Wastage, Audit | Recommendation: Immediate management intervention required | Review outlet performance and revenue drivers | Review inventory levels and replenishment | Reduce inventory wastage and improve stock rotation | Review audit findings and compliance issues",38.24,Critical,Unknown,,,78.5,1,17,0,40,52.485,99.25750000000001,432,45570,20.162,80.0,20.1052794857774,4.973817950192665,1457790.46,29309284.63
OUT0084,29.03,Critical,Critical,5,100.0,High,3,4,"Performance, Inventory, Inventory Wastage, Audit",Marketing Growth,Immediate management intervention required | Review outlet performance and revenue drivers | Review inventory levels and replenishment | Reduce inventory wastage and improve stock rotation | Review audit findings and compliance issues,"Health: Critical | Risk Areas: Performance, Inventory, Inventory Wastage, Audit | Recommendation: Immediate management intervention required | Review outlet performance and revenue drivers | Review inventory levels and replenishment | Reduce inventory wastage and improve stock rotation | Review audit findings and compliance issues",45.33,Critical,Unknown,,,78.625,2,15,0,40,72.81,99.35249999999999,181,16043,14.646,80.0,20.691856778791017,4.83281906834476,1985149.56,41076430.38
OUT0544,29.03,Critical,Critical,5,100.0,High,3,4,"Performance, Inventory, Inventory Wastage, Marketing",Marketing Growth,Immediate management intervention required | Review outlet performance and revenue drivers | Review inventory levels and replenishment | Reduce inventory wastage and improve stock rotation | Review marketing effectiveness and conversion performance,"Health: Critical | Risk Areas: Performance, Inventory, Inventory Wastage, Marketing | Recommendation: Immediate management intervention required | Review outlet performance and revenue drivers | Review inventory levels and replenishment | Reduce inventory wastage and improve stock rotation | Review marketing effectiveness and conversion performance",48.78,Critical,Unknown,,,72.625,3,20,0,40,46.722500000000004,99.4375,134,19590,21.22025,52.5,17.616740484856177,5.676418976936323,2022931.85,35637465.42
OUT0741,29.03,Critical,Critical,5,100.0,High,3,4,"Performance, Inventory, Inventory Wastage, Audit",Marketing Growth,Immediate management intervention required | Review outlet performance and revenue drivers | Review inventory levels and replenishment | Reduce inventory wastage and improve stock rotation | Review audit findings and compliance issues,"Health: Critical | Risk Areas: Performance, Inventory, Inventory Wastage, Audit | Recommendation: Immediate management intervention required | Review outlet performance and revenue drivers | Review inventory levels and replenishment | Reduce inventory wastage and improve stock rotation | Review audit findings and compliance issues",48.01,Critical,Unknown,,,78.625,2,15,0,40,72.8125,96.78999999999999,1401,24459,14.673750000000002,80.0,21.67615854681208,4.613363561815572,2821640.84,61162334.21
OUT0664,29.06,Critical,Critical,5,100.0,High,3,4,"Performance, Inventory, Inventory Wastage, Audit",Marketing Growth,Immediate management intervention required | Review outlet performance and revenue drivers | Review inventory levels and replenishment | Reduce inventory wastage and improve stock rotation | Review audit findings and compliance issues,"Health: Critical | Risk Areas: Performance, Inventory, Inventory Wastage, Audit | Recommendation: Immediate management intervention required | Review outlet performance and revenue drivers | Review inventory levels and replenishment | Reduce inventory wastage and improve stock rotation | Review audit findings and compliance issues",47.71,Critical,Unknown,,,78.75,3,13,0,40,48.765,99.28999999999999,320,36812,21.32775,80.0,21.66461764319932,4.615821135038159,1650469.14,35756782.85
OUT0549,29.16,Critical,Critical,5,100.0,High,3,4,"Inventory, Inventory Wastage, Marketing, Audit",Marketing Growth,Immediate management intervention required | Review inventory levels and replenishment | Reduce inventory wastage and improve stock rotation | Review marketing effectiveness and conversion performance | Review audit findings and compliance issues,"Health: Critical | Risk Areas: Inventory, Inventory Wastage, Marketing, Audit | Recommendation: Immediate management intervention required | Review inventory levels and replenishment | Reduce inventory wastage and improve stock rotation | Review marketing effectiveness and conversion performance | Review audit findings and compliance issues",62.62,Needs Improvement,Unknown,,,73.5,3,19,0,40,57.9525,99.37,335,38336,17.455000000000002,52.5,19.76141787532772,5.060365639292044,4739076.75,93650876.0
OUT0720,29.16,Critical,Critical,5,100.0,High,3,4,"Performance, Inventory Wastage, Marketing, Audit",Marketing Growth,Immediate management intervention required | Review outlet performance and revenue drivers | Reduce inventory wastage and improve stock rotation | Review marketing effectiveness and conversion performance | Review audit findings and compliance issues,"Health: Critical | Risk Areas: Performance, Inventory Wastage, Marketing, Audit | Recommendation: Immediate management intervention required | Review outlet performance and revenue drivers | Reduce inventory wastage and improve stock rotation | Review marketing effectiveness and conversion performance | Review audit findings and compliance issues",25.74,Critical,Unknown,,,83.625,0,13,0,40,70.47999999999999,97.9825,546,16060,15.67175,52.5,19.34718155306893,5.168711511064389,936558.17,18119760.95
OUT0146,29.22,Critical,Critical,5,100.0,High,3,4,"Performance, Inventory, Inventory Wastage, Audit",Marketing Growth,Immediate management intervention required | Review outlet performance and revenue drivers | Review inventory levels and replenishment | Reduce inventory wastage and improve stock rotation | Review audit findings and compliance issues,"Health: Critical | Risk Areas: Performance, Inventory, Inventory Wastage, Audit | Recommendation: Immediate management intervention required | Review outlet performance and revenue drivers | Review inventory levels and replenishment | Reduce inventory wastage and improve stock rotation | Review audit findings and compliance issues",41.89,Critical,Unknown,,,79.375,1,16,0,40,75.765,96.7475,2703,43090,13.80225,80.0,20.42060302537124,4.897015033089701,2015739.4,41162614.09
OUT0507,29.25,Critical,Critical,5,100.0,High,3,4,"Performance, Inventory, Inventory Wastage, Audit",Marketing Growth,Immediate management intervention required | Review outlet performance and revenue drivers | Review inventory levels and replenishment | Reduce inventory wastage and improve stock rotation | Review audit findings and compliance issues,"Health: Critical | Risk Areas: Performance, Inventory, Inventory Wastage, Audit | Recommendation: Immediate management intervention required | Review outlet performance and revenue drivers | Review inventory levels and replenishment | Reduce inventory wastage and improve stock rotation | Review audit findings and compliance issues",25.45,Critical,Unknown,,,79.5,2,14,0,40,64.8025,99.28999999999999,222,20053,16.68225,80.0,20.694350269309933,4.832236755376741,1009372.36,20888305.17
OUT0273,29.25,Critical,Critical,5,100.0,High,3,4,"Performance, Inventory, Inventory Wastage, Audit",Marketing Growth,Immediate management intervention required | Review outlet performance and revenue drivers | Review inventory levels and replenishment | Reduce inventory wastage and improve stock rotation | Review audit findings and compliance issues,"Health: Critical | Risk Areas: Performance, Inventory, Inventory Wastage, Audit | Recommendation: Immediate management intervention required | Review outlet performance and revenue drivers | Review inventory levels and replenishment | Reduce inventory wastage and improve stock rotation | Review audit findings and compliance issues",39.95,Critical,Unknown,,,79.5,2,14,0,40,47.13,96.675,867,21577,21.58425,80.0,20.561995345281268,4.863341242947456,1645500.07,33834764.78
OUT0307,29.25,Critical,Critical,5,100.0,High,3,4,"Performance, Inventory, Inventory Wastage, Audit",Marketing Growth,Immediate management intervention required | Review outlet performance and revenue drivers | Review inventory levels and replenishment | Reduce inventory wastage and improve stock rotation | Review audit findings and compliance issues,"Health: Critical | Risk Areas: Performance, Inventory, Inventory Wastage, Audit | Recommendation: Immediate management intervention required | Review outlet performance and revenue drivers | Review inventory levels and replenishment | Reduce inventory wastage and improve stock rotation | Review audit findings and compliance issues",49.97,Critical,Unknown,,,79.5,2,14,0,40,56.02,99.2675,229,23527,18.88375,80.0,20.924021432810765,4.77919602219442,2230874.92,46678874.64
OUT0144,29.31,Critical,Critical,5,100.0,High,3,4,"Performance, Inventory, Inventory Wastage, Audit",Marketing Growth,Immediate management intervention required | Review outlet performance and revenue drivers | Review inventory levels and replenishment | Reduce inventory wastage and improve stock rotation | Review audit findings and compliance issues,"Health: Critical | Risk Areas: Performance, Inventory, Inventory Wastage, Audit | Recommendation: Immediate management intervention required | Review outlet performance and revenue drivers | Review inventory levels and replenishment | Reduce inventory wastage and improve stock rotation | Review audit findings and compliance issues",22.66,Critical,Unknown,,,79.75,4,10,0,40,56.14,99.3375,243,27173,18.339,80.0,21.901850188503133,4.5658243088747215,921968.76,20192821.66
OUT0360,29.35,Critical,Critical,5,100.0,High,3,4,"Inventory, Inventory Wastage, Marketing, Audit",Marketing Growth,Immediate management intervention required | Review inventory levels and replenishment | Reduce inventory wastage and improve stock rotation | Review marketing effectiveness and conversion performance | Review audit findings and compliance issues,"Health: Critical | Risk Areas: Inventory, Inventory Wastage, Marketing, Audit | Recommendation: Immediate management intervention required | Review inventory levels and replenishment | Reduce inventory wastage and improve stock rotation | Review marketing effectiveness and conversion performance | Review audit findings and compliance issues",53.13,Needs Improvement,Unknown,,,81.125,1,14,0,40,71.81750000000001,98.2025,737,23789,14.95275,52.5,18.837979393392988,5.308424959583129,2966458.28,55882079.95
OUT0574,29.44,Critical,Critical,5,100.0,High,3,4,"Performance, Inventory, Inventory Wastage, Audit",Marketing Growth,Immediate management intervention required | Review outlet performance and revenue drivers | Review inventory levels and replenishment | Reduce inventory wastage and improve stock rotation | Review audit findings and compliance issues,"Health: Critical | Risk Areas: Performance, Inventory, Inventory Wastage, Audit | Recommendation: Immediate management intervention required | Review outlet performance and revenue drivers | Review inventory levels and replenishment | Reduce inventory wastage and improve stock rotation | Review audit findings and compliance issues",44.71,Critical,Unknown,,,80.25,1,15,0,40,43.265,99.39,451,62383,23.3875,80.0,20.04229203048266,4.989449302899504,3397619.56,68096083.43
OUT0035,29.44,Critical,Critical,5,100.0,High,3,4,"Performance, Inventory, Inventory Wastage, Audit",Marketing Growth,Immediate management intervention required | Review outlet performance and revenue drivers | Review inventory levels and replenishment | Reduce inventory wastage and improve stock rotation | Review audit findings and compliance issues,"Health: Critical | Risk Areas: Performance, Inventory, Inventory Wastage, Audit | Recommendation: Immediate management intervention required | Review outlet performance and revenue drivers | Review inventory levels and replenishment | Reduce inventory wastage and improve stock rotation | Review audit findings and compliance issues",46.97,Critical,Unknown,,,80.25,1,15,0,40,77.4225,98.13,1274,33209,14.24725,80.0,20.107489154813965,4.9732713632253205,1603501.77,32242394.45
OUT0262,29.47,Critical,Critical,5,100.0,High,3,4,"Performance, Inventory, Inventory Wastage, Audit",Marketing Growth,Immediate management intervention required | Review outlet performance and revenue drivers | Review inventory levels and replenishment | Reduce inventory wastage and improve stock rotation | Review audit findings and compliance issues,"Health: Critical | Risk Areas: Performance, Inventory, Inventory Wastage, Audit | Recommendation: Immediate management intervention required | Review outlet performance and revenue drivers | Review inventory levels and replenishment | Reduce inventory wastage and improve stock rotation | Review audit findings and compliance issues",37.72,Critical,Unknown,,,80.375,2,13,0,40,51.245000000000005,99.285,616,67055,20.6755,80.0,20.23761066024099,4.941294784194114,2445720.32,49495535.62
OUT0697,29.65,Critical,Critical,5,100.0,High,3,4,"Inventory, Inventory Wastage, Marketing, Audit",Marketing Growth,Immediate management intervention required | Review inventory levels and replenishment | Reduce inventory wastage and improve stock rotation | Review marketing effectiveness and conversion performance | Review audit findings and compliance issues,"Health: Critical | Risk Areas: Inventory, Inventory Wastage, Marketing, Audit | Recommendation: Immediate management intervention required | Review inventory levels and replenishment | Reduce inventory wastage and improve stock rotation | Review marketing effectiveness and conversion performance | Review audit findings and compliance issues",61.24,Needs Improvement,Unknown,,,72.625,3,20,0,40,66.685,99.33,513,48437,15.6915,52.5,19.03948577564412,5.252242690709798,4533690.35,86319132.93
OUT0292,29.66,Critical,Critical,5,100.0,High,3,4,"Performance, Inventory, Inventory Wastage, Audit",Marketing Growth,Immediate management intervention required | Review outlet performance and revenue drivers | Review inventory levels and replenishment | Reduce inventory wastage and improve stock rotation | Review audit findings and compliance issues,"Health: Critical | Risk Areas: Performance, Inventory, Inventory Wastage, Audit | Recommendation: Immediate management intervention required | Review outlet performance and revenue drivers | Review inventory levels and replenishment | Reduce inventory wastage and improve stock rotation | Review audit findings and compliance issues",43.49,Critical,Unknown,,,81.125,1,14,0,40,56.154999999999994,99.245,329,32092,19.235,80.0,19.91168843981721,5.02217580906052,1394699.4,27770819.92
OUT0216,29.69,Critical,Critical,5,100.0,High,3,4,"Performance, Inventory, Inventory Wastage, Audit",Marketing Growth,Immediate management intervention required | Review outlet performance and revenue drivers | Review inventory levels and replenishment | Reduce inventory wastage and improve stock rotation | Review audit findings and compliance issues,"Health: Critical | Risk Areas: Performance, Inventory, Inventory Wastage, Audit | Recommendation: Immediate management intervention required | Review outlet performance and revenue drivers | Review inventory levels and replenishment | Reduce inventory wastage and improve stock rotation | Review audit findings and compliance issues",44.19,Critical,Unknown,,,81.25,2,12,0,40,54.1075,96.72999999999999,1425,32667,19.42725,80.0,19.6170407476618,5.097608823181918,1736520.99,34065403.02
OUT0023,29.69,Critical,Critical,5,100.0,High,3,4,"Performance, Inventory, Inventory Wastage, Audit",Marketing Growth,Immediate management intervention required | Review outlet performance and revenue drivers | Review inventory levels and replenishment | Reduce inventory wastage and improve stock rotation | Review audit findings and compliance issues,"Health: Critical | Risk Areas: Performance, Inventory, Inventory Wastage, Audit | Recommendation: Immediate management intervention required | Review outlet performance and revenue drivers | Review inventory levels and replenishment | Reduce inventory wastage and improve stock rotation | Review audit findings and compliance issues",35.33,Critical,Unknown,,,81.25,2,12,0,40,50.722500000000004,96.94500000000001,665,17290,20.85475,80.0,19.85183392732849,5.037317981102879,1386492.78,27524424.41
OUT0069,29.69,Critical,Critical,5,100.0,High,3,4,"Performance, Inventory, Inventory Wastage, Marketing",Marketing Growth,Immediate management intervention required | Review outlet performance and revenue drivers | Review inventory levels and replenishment | Reduce inventory wastage and improve stock rotation | Review marketing effectiveness and conversion performance,"Health: Critical | Risk Areas: Performance, Inventory, Inventory Wastage, Marketing | Recommendation: Immediate management intervention required | Review outlet performance and revenue drivers | Review inventory levels and replenishment | Reduce inventory wastage and improve stock rotation | Review marketing effectiveness and conversion performance",27.17,Critical,Unknown,,,75.25,3,17,0,40,39.6375,99.2875,352,44528,24.32075,52.5,20.21010006282441,4.948021023604214,1635160.72,33046761.77
OUT0619,29.72,Critical,Critical,5,100.0,High,3,4,"Performance, Inventory, Inventory Wastage, Audit",Marketing Growth,Immediate management intervention required | Review outlet performance and revenue drivers | Review inventory levels and replenishment | Reduce inventory wastage and improve stock rotation | Review audit findings and compliance issues,"Health: Critical | Risk Areas: Performance, Inventory, Inventory Wastage, Audit | Recommendation: Immediate management intervention required | Review outlet performance and revenue drivers | Review inventory levels and replenishment | Reduce inventory wastage and improve stock rotation | Review audit findings and compliance issues",34.88,Critical,Unknown,,,81.375,3,10,0,40,45.165,99.30499999999999,115,13954,23.719,80.0,19.306741937664963,5.179537817559622,1361110.33,26278605.89
OUT0252,29.72,Critical,Critical,5,100.0,High,3,4,"Performance, Inventory, Inventory Wastage, Audit",Marketing Growth,Immediate management intervention required | Review outlet performance and revenue drivers | Review inventory levels and replenishment | Reduce inventory wastage and improve stock rotation | Review audit findings and compliance issues,"Health: Critical | Risk Areas: Performance, Inventory, Inventory Wastage, Audit | Recommendation: Immediate management intervention required | Review outlet performance and revenue drivers | Review inventory levels and replenishment | Reduce inventory wastage and improve stock rotation | Review audit findings and compliance issues",41.51,Critical,Unknown,,,81.375,3,10,0,40,65.3725,99.2625,337,29763,16.61575,80.0,19.613864670249956,5.098434280097725,1560227.37,30602088.49
OUT0063,29.88,Critical,Critical,5,100.0,High,3,4,"Performance, Inventory, Inventory Wastage, Audit",Marketing Growth,Immediate management intervention required | Review outlet performance and revenue drivers | Review inventory levels and replenishment | Reduce inventory wastage and improve stock rotation | Review audit findings and compliance issues,"Health: Critical | Risk Areas: Performance, Inventory, Inventory Wastage, Audit | Recommendation: Immediate management intervention required | Review outlet performance and revenue drivers | Review inventory levels and replenishment | Reduce inventory wastage and improve stock rotation | Review audit findings and compliance issues",43.66,Critical,Unknown,,,82.0,1,13,0,40,57.2025,96.71000000000001,1747,38424,18.48125,80.0,19.400795053938687,5.154427935658148,3588735.13,69624314.76
OUT0432,29.88,Critical,Critical,5,100.0,High,3,4,"Performance, Inventory, Inventory Wastage, Audit",Marketing Growth,Immediate management intervention required | Review outlet performance and revenue drivers | Review inventory levels and replenishment | Reduce inventory wastage and improve stock rotation | Review audit findings and compliance issues,"Health: Critical | Risk Areas: Performance, Inventory, Inventory Wastage, Audit | Recommendation: Immediate management intervention required | Review outlet performance and revenue drivers | Review inventory levels and replenishment | Reduce inventory wastage and improve stock rotation | Review audit findings and compliance issues",18.5,Critical,Unknown,,,82.0,1,13,0,40,72.9825,99.295,184,15023,15.2945,80.0,19.909786896885212,5.022655466776719,807199.37,16071167.44
OUT0523,29.95,Critical,Critical,5,100.0,High,3,4,"Inventory, Inventory Wastage, Marketing, Audit",Marketing Growth,Immediate management intervention required | Review inventory levels and replenishment | Reduce inventory wastage and improve stock rotation | Review marketing effectiveness and conversion performance | Review audit findings and compliance issues,"Health: Critical | Risk Areas: Inventory, Inventory Wastage, Marketing, Audit | Recommendation: Immediate management intervention required | Review inventory levels and replenishment | Reduce inventory wastage and improve stock rotation | Review marketing effectiveness and conversion performance | Review audit findings and compliance issues",51.93,Needs Improvement,Unknown,,,74.5,4,16,0,40,47.775,96.64750000000001,1667,41434,21.067,52.5,18.60442715184919,5.375064718940323,1543476.31,28715492.57
OUT0265,30.09,Critical,Critical,5,100.0,High,3,4,"Performance, Inventory, Inventory Wastage, Audit",Marketing Growth,Immediate management intervention required | Review outlet performance and revenue drivers | Review inventory levels and replenishment | Reduce inventory wastage and improve stock rotation | Review audit findings and compliance issues,"Health: Critical | Risk Areas: Performance, Inventory, Inventory Wastage, Audit | Recommendation: Immediate management intervention required | Review outlet performance and revenue drivers | Review inventory levels and replenishment | Reduce inventory wastage and improve stock rotation | Review audit findings and compliance issues",46.88,Critical,Unknown,,,82.875,1,12,0,40,82.11,97.79249999999999,1047,19714,13.3245,80.0,21.55271876846697,4.639785869906422,1972068.26,42503432.6
OUT0730,30.09,Critical,Critical,5,100.0,High,3,4,"Performance, Inventory, Inventory Wastage, Marketing",Marketing Growth,Immediate management intervention required | Review outlet performance and revenue drivers | Review inventory levels and replenishment | Reduce inventory wastage and improve stock rotation | Review marketing effectiveness and conversion performance,"Health: Critical | Risk Areas: Performance, Inventory, Inventory Wastage, Marketing | Recommendation: Immediate management intervention required | Review outlet performance and revenue drivers | Review inventory levels and replenishment | Reduce inventory wastage and improve stock rotation | Review marketing effectiveness and conversion performance",41.59,Critical,Unknown,,,76.875,2,17,0,40,64.72,98.01,531,17225,16.22925,52.5,19.45108709010302,5.141100830856975,1832868.77,35651290.07
OUT0261,30.12,Critical,Critical,5,100.0,High,3,4,"Performance, Inventory, Inventory Wastage, Marketing",Marketing Growth,Immediate management intervention required | Review outlet performance and revenue drivers | Review inventory levels and replenishment | Reduce inventory wastage and improve stock rotation | Review marketing effectiveness and conversion performance,"Health: Critical | Risk Areas: Performance, Inventory, Inventory Wastage, Marketing | Recommendation: Immediate management intervention required | Review outlet performance and revenue drivers | Review inventory levels and replenishment | Reduce inventory wastage and improve stock rotation | Review marketing effectiveness and conversion performance",18.05,Critical,Unknown,,,77.0,3,15,0,40,71.45750000000001,96.515,1155,18949,15.15125,52.5,20.282911426753,4.930258674210882,1065787.28,21617269.0
OUT0648,30.26,Critical,Critical,5,100.0,High,3,4,"Inventory, Inventory Wastage, Marketing, Audit",Marketing Growth,Immediate management intervention required | Review inventory levels and replenishment | Reduce inventory wastage and improve stock rotation | Review marketing effectiveness and conversion performance | Review audit findings and compliance issues,"Health: Critical | Risk Areas: Inventory, Inventory Wastage, Marketing, Audit | Recommendation: Immediate management intervention required | Review inventory levels and replenishment | Reduce inventory wastage and improve stock rotation | Review marketing effectiveness and conversion performance | Review audit findings and compliance issues",51.79,Needs Improvement,Unknown,,,75.875,1,20,0,40,62.135000000000005,96.61749999999999,3045,61584,17.07675,52.5,18.637323346881345,5.365577349213795,2667835.72,49721316.95
OUT0380,30.33,Critical,Critical,5,100.0,High,3,4,"Inventory, Inventory Wastage, Marketing, Audit",Marketing Growth,Immediate management intervention required | Review inventory levels and replenishment | Reduce inventory wastage and improve stock rotation | Review marketing effectiveness and conversion performance | Review audit findings and compliance issues,"Health: Critical | Risk Areas: Inventory, Inventory Wastage, Marketing, Audit | Recommendation: Immediate management intervention required | Review inventory levels and replenishment | Reduce inventory wastage and improve stock rotation | Review marketing effectiveness and conversion performance | Review audit findings and compliance issues",54.53,Needs Improvement,Unknown,,,72.875,5,16,0,40,50.302499999999995,97.8725,642,23949,20.352,52.5,19.245610515560596,5.1959900112884085,1573476.93,30282524.15
OUT0612,30.36,Critical,Critical,5,100.0,High,3,4,"Inventory, Inventory Wastage, Marketing, Audit",Marketing Growth,Immediate management intervention required | Review inventory levels and replenishment | Reduce inventory wastage and improve stock rotation | Review marketing effectiveness and conversion performance | Review audit findings and compliance issues,"Health: Critical | Risk Areas: Inventory, Inventory Wastage, Marketing, Audit | Recommendation: Immediate management intervention required | Review inventory levels and replenishment | Reduce inventory wastage and improve stock rotation | Review marketing effectiveness and conversion performance | Review audit findings and compliance issues",54.11,Needs Improvement,Unknown,,,73.5,3,19,0,40,54.69,99.3,385,41114,17.465,52.5,19.408705216816625,5.152327210027139,4748867.13,92169362.24
OUT0228,30.41,Critical,Critical,5,100.0,High,3,4,"Inventory, Inventory Wastage, Marketing, Audit",Marketing Growth,Immediate management intervention required | Review inventory levels and replenishment | Reduce inventory wastage and improve stock rotation | Review marketing effectiveness and conversion performance | Review audit findings and compliance issues,"Health: Critical | Risk Areas: Inventory, Inventory Wastage, Marketing, Audit | Recommendation: Immediate management intervention required | Review inventory levels and replenishment | Reduce inventory wastage and improve stock rotation | Review marketing effectiveness and conversion performance | Review audit findings and compliance issues",63.46,Needs Improvement,Unknown,,,73.0,6,14,0,40,58.5125,96.8075,1843,41300,17.699,52.5,20.2418877069643,4.94025070426582,3495740.03,70760377.14
OUT0303,30.45,Critical,Critical,5,100.0,High,3,4,"Inventory, Inventory Wastage, Marketing, Audit",Marketing Growth,Immediate management intervention required | Review inventory levels and replenishment | Reduce inventory wastage and improve stock rotation | Review marketing effectiveness and conversion performance | Review audit findings and compliance issues,"Health: Critical | Risk Areas: Inventory, Inventory Wastage, Marketing, Audit | Recommendation: Immediate management intervention required | Review inventory levels and replenishment | Reduce inventory wastage and improve stock rotation | Review marketing effectiveness and conversion performance | Review audit findings and compliance issues",59.61,Needs Improvement,Unknown,,,77.75,2,16,0,40,42.489999999999995,96.685,2831,75223,23.718,52.5,18.707061194831944,5.34557507234895,6244937.16,116824421.61
OUT0750,30.48,Critical,Critical,5,100.0,High,3,4,"Inventory, Inventory Wastage, Marketing, Audit",Marketing Growth,Immediate management intervention required | Review inventory levels and replenishment | Reduce inventory wastage and improve stock rotation | Review marketing effectiveness and conversion performance | Review audit findings and compliance issues,"Health: Critical | Risk Areas: Inventory, Inventory Wastage, Marketing, Audit | Recommendation: Immediate management intervention required | Review inventory levels and replenishment | Reduce inventory wastage and improve stock rotation | Review marketing effectiveness and conversion performance | Review audit findings and compliance issues",52.42,Needs Improvement,Unknown,,,76.0,2,18,0,40,41.5175,97.8625,1886,78725,23.2445,52.5,19.26169629751008,5.191650748481939,2507617.9,48300974.42
OUT0487,30.53,Critical,Critical,5,100.0,High,3,4,"Performance, Inventory, Inventory Wastage, Marketing",Marketing Growth,Immediate management intervention required | Review outlet performance and revenue drivers | Review inventory levels and replenishment | Reduce inventory wastage and improve stock rotation | Review marketing effectiveness and conversion performance,"Health: Critical | Risk Areas: Performance, Inventory, Inventory Wastage, Marketing | Recommendation: Immediate management intervention required | Review outlet performance and revenue drivers | Review inventory levels and replenishment | Reduce inventory wastage and improve stock rotation | Review marketing effectiveness and conversion performance",21.37,Critical,Unknown,,,78.625,2,15,0,40,59.295,99.29249999999999,112,11247,18.31175,52.5,21.82262034774368,4.58240112353599,673479.39,14697085.04
OUT0123,30.56,Critical,Critical,5,100.0,High,3,4,"Inventory, Inventory Wastage, Marketing, Audit",Marketing Growth,Immediate management intervention required | Review inventory levels and replenishment | Reduce inventory wastage and improve stock rotation | Review marketing effectiveness and conversion performance | Review audit findings and compliance issues,"Health: Critical | Risk Areas: Inventory, Inventory Wastage, Marketing, Audit | Recommendation: Immediate management intervention required | Review inventory levels and replenishment | Reduce inventory wastage and improve stock rotation | Review marketing effectiveness and conversion performance | Review audit findings and compliance issues",51.88,Needs Improvement,Unknown,,,77.0,3,15,0,40,64.155,97.095,1436,31756,16.611250000000002,52.5,19.128957119105834,5.227676520855436,3390603.97,64858717.95
OUT0677,30.62,Critical,Critical,5,100.0,High,3,4,"Inventory, Inventory Wastage, Marketing, Audit",Marketing Growth,Immediate management intervention required | Review inventory levels and replenishment | Reduce inventory wastage and improve stock rotation | Review marketing effectiveness and conversion performance | Review audit findings and compliance issues,"Health: Critical | Risk Areas: Inventory, Inventory Wastage, Marketing, Audit | Recommendation: Immediate management intervention required | Review inventory levels and replenishment | Reduce inventory wastage and improve stock rotation | Review marketing effectiveness and conversion performance | Review audit findings and compliance issues",62.06,Needs Improvement,Unknown,,,75.5,5,13,0,40,60.592499999999994,99.275,655,63020,17.3945,52.5,19.17478769728237,5.2151816008984,5349359.22,102572827.36
OUT0424,30.75,Critical,Critical,5,100.0,High,3,4,"Performance, Inventory, Inventory Wastage, Audit","Marketing Growth, Healthy Inventory",Immediate management intervention required | Review outlet performance and revenue drivers | Review inventory levels and replenishment | Reduce inventory wastage and improve stock rotation | Review audit findings and compliance issues,"Health: Critical | Risk Areas: Performance, Inventory, Inventory Wastage, Audit | Recommendation: Immediate management intervention required | Review outlet performance and revenue drivers | Review inventory levels and replenishment | Reduce inventory wastage and improve stock rotation | Review audit findings and compliance issues",32.84,Critical,Unknown,,,85.5,1,9,0,40,68.21000000000001,99.25,187,15859,16.176499999999997,80.0,19.628050935773995,5.094749362899831,1206506.06,23681362.4
OUT0655,30.78,Critical,Critical,5,100.0,High,3,4,"Performance, Inventory, Inventory Wastage, Marketing",Marketing Growth,Immediate management intervention required | Review outlet performance and revenue drivers | Review inventory levels and replenishment | Reduce inventory wastage and improve stock rotation | Review marketing effectiveness and conversion performance,"Health: Critical | Risk Areas: Performance, Inventory, Inventory Wastage, Marketing | Recommendation: Immediate management intervention required | Review outlet performance and revenue drivers | Review inventory levels and replenishment | Reduce inventory wastage and improve stock rotation | Review marketing effectiveness and conversion performance",47.32,Critical,Unknown,,,79.625,3,12,0,40,63.092499999999994,98.135,1640,58008,17.176750000000002,52.5,19.29416403529727,5.182914368150766,2926248.85,56459525.32
OUT0485,30.82,Critical,Critical,5,100.0,High,3,4,"Inventory, Inventory Wastage, Marketing, Audit",Marketing Growth,Immediate management intervention required | Review inventory levels and replenishment | Reduce inventory wastage and improve stock rotation | Review marketing effectiveness and conversion performance | Review audit findings and compliance issues,"Health: Critical | Risk Areas: Inventory, Inventory Wastage, Marketing, Audit | Recommendation: Immediate management intervention required | Review inventory levels and replenishment | Reduce inventory wastage and improve stock rotation | Review marketing effectiveness and conversion performance | Review audit findings and compliance issues",50.77,Needs Improvement,Unknown,,,79.375,1,16,0,40,63.557500000000005,97.88250000000001,910,28481,16.773,52.5,18.170294127209917,5.503488237444135,1767562.07,32117122.7
OUT0237,30.94,Critical,Critical,5,100.0,High,3,4,"Performance, Inventory, Inventory Wastage, Marketing",Marketing Growth,Immediate management intervention required | Review outlet performance and revenue drivers | Review inventory levels and replenishment | Reduce inventory wastage and improve stock rotation | Review marketing effectiveness and conversion performance,"Health: Critical | Risk Areas: Performance, Inventory, Inventory Wastage, Marketing | Recommendation: Immediate management intervention required | Review outlet performance and revenue drivers | Review inventory levels and replenishment | Reduce inventory wastage and improve stock rotation | Review marketing effectiveness and conversion performance",27.96,Critical,Unknown,,,80.25,1,15,0,40,67.3175,99.215,613,48703,16.5685,52.5,19.13197731856492,5.22685127286681,1796632.35,34373129.37
OUT0002,31.0,Critical,Critical,5,100.0,High,3,4,"Performance, Inventory, Inventory Wastage, Marketing",Marketing Growth,Immediate management intervention required | Review outlet performance and revenue drivers | Review inventory levels and replenishment | Reduce inventory wastage and improve stock rotation | Review marketing effectiveness and conversion performance,"Health: Critical | Risk Areas: Performance, Inventory, Inventory Wastage, Marketing | Recommendation: Immediate management intervention required | Review outlet performance and revenue drivers | Review inventory levels and replenishment | Reduce inventory wastage and improve stock rotation | Review marketing effectiveness and conversion performance",29.85,Critical,Unknown,,,80.5,3,11,0,40,77.5375,99.25750000000001,204,13835,14.75975,52.5,17.994917432736955,5.557124692224297,1386220.71,24944927.22
OUT0167,31.11,Critical,Critical,5,100.0,High,3,4,"Inventory, Inventory Wastage, Marketing, Audit",Marketing Growth,Immediate management intervention required | Review inventory levels and replenishment | Reduce inventory wastage and improve stock rotation | Review marketing effectiveness and conversion performance | Review audit findings and compliance issues,"Health: Critical | Risk Areas: Inventory, Inventory Wastage, Marketing, Audit | Recommendation: Immediate management intervention required | Review inventory levels and replenishment | Reduce inventory wastage and improve stock rotation | Review marketing effectiveness and conversion performance | Review audit findings and compliance issues",56.71,Needs Improvement,Unknown,,,73.375,2,21,0,40,49.22,99.385,327,42461,20.503,52.5,17.871414524470655,5.595527979224798,3994784.62,71392451.88
OUT0320,31.16,Critical,Critical,5,100.0,High,3,4,"Performance, Inventory, Inventory Wastage, Marketing",Marketing Growth,Immediate management intervention required | Review outlet performance and revenue drivers | Review inventory levels and replenishment | Reduce inventory wastage and improve stock rotation | Review marketing effectiveness and conversion performance,"Health: Critical | Risk Areas: Performance, Inventory, Inventory Wastage, Marketing | Recommendation: Immediate management intervention required | Review outlet performance and revenue drivers | Review inventory levels and replenishment | Reduce inventory wastage and improve stock rotation | Review marketing effectiveness and conversion performance",41.73,Critical,Unknown,,,81.125,1,14,0,40,74.7125,98.05,910,25200,14.54425,52.5,18.93124095119964,5.282273901524833,1489361.79,28195466.91
OUT0400,31.19,Critical,Critical,5,100.0,High,3,4,"Performance, Inventory, Inventory Wastage, Audit",Marketing Growth,Immediate management intervention required | Review outlet performance and revenue drivers | Review inventory levels and replenishment | Reduce inventory wastage and improve stock rotation | Review audit findings and compliance issues,"Health: Critical | Risk Areas: Performance, Inventory, Inventory Wastage, Audit | Recommendation: Immediate management intervention required | Review outlet performance and revenue drivers | Review inventory levels and replenishment | Reduce inventory wastage and improve stock rotation | Review audit findings and compliance issues",49.25,Critical,Unknown,,,79.75,4,10,0,40,51.654999999999994,97.8925,549,20653,20.52175,92.5,21.3592597138906,4.681810200330437,1361868.59,29088504.91
OUT0055,31.25,Critical,Critical,5,100.0,High,3,4,"Inventory, Inventory Wastage, Marketing, Audit",Marketing Growth,Immediate management intervention required | Review inventory levels and replenishment | Reduce inventory wastage and improve stock rotation | Review marketing effectiveness and conversion performance | Review audit findings and compliance issues,"Health: Critical | Risk Areas: Inventory, Inventory Wastage, Marketing, Audit | Recommendation: Immediate management intervention required | Review inventory levels and replenishment | Reduce inventory wastage and improve stock rotation | Review marketing effectiveness and conversion performance | Review audit findings and compliance issues",54.17,Needs Improvement,Unknown,,,77.0,3,15,0,40,59.0425,98.13,628,24089,17.878999999999998,52.5,22.10523157815021,4.523815986566928,2584834.75,57138370.74
OUT0527,31.26,Critical,Critical,5,100.0,High,3,4,"Inventory, Inventory Wastage, Marketing, Audit",Marketing Growth,Immediate management intervention required | Review inventory levels and replenishment | Reduce inventory wastage and improve stock rotation | Review marketing effectiveness and conversion performance | Review audit findings and compliance issues,"Health: Critical | Risk Areas: Inventory, Inventory Wastage, Marketing, Audit | Recommendation: Immediate management intervention required | Review inventory levels and replenishment | Reduce inventory wastage and improve stock rotation | Review marketing effectiveness and conversion performance | Review audit findings and compliance issues",54.93,Needs Improvement,Unknown,,,76.125,3,16,0,40,72.41749999999999,99.25,445,32775,14.452250000000001,52.5,20.086083453735416,4.978571369094007,4858969.08,97597658.44
OUT0437,31.4,Critical,Critical,5,100.0,High,3,4,"Inventory, Inventory Wastage, Marketing, Audit",Marketing Growth,Immediate management intervention required | Review inventory levels and replenishment | Reduce inventory wastage and improve stock rotation | Review marketing effectiveness and conversion performance | Review audit findings and compliance issues,"Health: Critical | Risk Areas: Inventory, Inventory Wastage, Marketing, Audit | Recommendation: Immediate management intervention required | Review inventory levels and replenishment | Reduce inventory wastage and improve stock rotation | Review marketing effectiveness and conversion performance | Review audit findings and compliance issues",57.6,Needs Improvement,Unknown,,,73.5,3,19,0,40,60.2525,99.285,550,53363,17.364250000000002,52.5,18.773018533583897,5.326793867544823,4287645.09,80492040.74
OUT0547,31.41,Critical,Critical,5,100.0,High,3,4,"Performance, Inventory, Inventory Wastage, Marketing",Marketing Growth,Immediate management intervention required | Review outlet performance and revenue drivers | Review inventory levels and replenishment | Reduce inventory wastage and improve stock rotation | Review marketing effectiveness and conversion performance,"Health: Critical | Risk Areas: Performance, Inventory, Inventory Wastage, Marketing | Recommendation: Immediate management intervention required | Review outlet performance and revenue drivers | Review inventory levels and replenishment | Reduce inventory wastage and improve stock rotation | Review marketing effectiveness and conversion performance",44.54,Critical,Unknown,,,82.125,2,11,0,40,63.947500000000005,99.2775,231,20668,17.5445,52.5,19.155111088148843,5.220538765858133,2328651.19,44605572.23
OUT0258,31.62,Critical,Critical,5,100.0,High,3,4,"Inventory, Inventory Wastage, Marketing, Audit",Marketing Growth,Immediate management intervention required | Review inventory levels and replenishment | Reduce inventory wastage and improve stock rotation | Review marketing effectiveness and conversion performance | Review audit findings and compliance issues,"Health: Critical | Risk Areas: Inventory, Inventory Wastage, Marketing, Audit | Recommendation: Immediate management intervention required | Review inventory levels and replenishment | Reduce inventory wastage and improve stock rotation | Review marketing effectiveness and conversion performance | Review audit findings and compliance issues",58.41,Needs Improvement,Unknown,,,73.375,2,21,0,40,42.7825,96.67,1408,36529,22.455000000000002,52.5,18.87433716724936,5.2981993017227325,3742893.66,70644636.92
OUT0695,31.67,Critical,Critical,5,100.0,High,3,4,"Inventory, Inventory Wastage, Marketing, Audit",Marketing Growth,Immediate management intervention required | Review inventory levels and replenishment | Reduce inventory wastage and improve stock rotation | Review marketing effectiveness and conversion performance | Review audit findings and compliance issues,"Health: Critical | Risk Areas: Inventory, Inventory Wastage, Marketing, Audit | Recommendation: Immediate management intervention required | Review inventory levels and replenishment | Reduce inventory wastage and improve stock rotation | Review marketing effectiveness and conversion performance | Review audit findings and compliance issues",64.83,Needs Improvement,Unknown,,,76.375,5,12,0,40,47.1275,97.965,1763,71563,21.9955,52.5,17.403779932924007,5.745878216422553,5926752.26,103147892.05
OUT0197,31.73,Critical,Critical,5,100.0,High,3,4,"Inventory, Inventory Wastage, Marketing, Audit",Marketing Growth,Immediate management intervention required | Review inventory levels and replenishment | Reduce inventory wastage and improve stock rotation | Review marketing effectiveness and conversion performance | Review audit findings and compliance issues,"Health: Critical | Risk Areas: Inventory, Inventory Wastage, Marketing, Audit | Recommendation: Immediate management intervention required | Review inventory levels and replenishment | Reduce inventory wastage and improve stock rotation | Review marketing effectiveness and conversion performance | Review audit findings and compliance issues",58.17,Needs Improvement,Unknown,,,74.125,1,22,0,40,54.525,99.33,346,39425,18.61325,52.5,20.417353219709067,4.897794485108336,4207185.25,85899587.31
OUT0643,31.88,Critical,Critical,5,100.0,High,3,4,"Inventory, Inventory Wastage, Marketing, Audit",Marketing Growth,Immediate management intervention required | Review inventory levels and replenishment | Reduce inventory wastage and improve stock rotation | Review marketing effectiveness and conversion performance | Review audit findings and compliance issues,"Health: Critical | Risk Areas: Inventory, Inventory Wastage, Marketing, Audit | Recommendation: Immediate management intervention required | Review inventory levels and replenishment | Reduce inventory wastage and improve stock rotation | Review marketing effectiveness and conversion performance | Review audit findings and compliance issues",55.43,Needs Improvement,Unknown,,,78.0,4,12,0,40,73.9725,97.0575,2953,54652,14.355,52.5,18.645441247053647,5.36324127034548,3403437.23,63458588.91
OUT0589,31.88,Critical,Critical,5,100.0,High,3,4,"Performance, Inventory, Inventory Wastage, Marketing",Marketing Growth,Immediate management intervention required | Review outlet performance and revenue drivers | Review inventory levels and replenishment | Reduce inventory wastage and improve stock rotation | Review marketing effectiveness and conversion performance,"Health: Critical | Risk Areas: Performance, Inventory, Inventory Wastage, Marketing | Recommendation: Immediate management intervention required | Review outlet performance and revenue drivers | Review inventory levels and replenishment | Reduce inventory wastage and improve stock rotation | Review marketing effectiveness and conversion performance",33.17,Critical,Unknown,,,73.5,3,19,0,40,71.6975,99.3275,430,35019,14.545750000000002,52.5,18.77630950833209,5.325860225920564,1782549.75,33469705.82
OUT0316,32.15,Critical,Critical,5,100.0,High,3,4,"Inventory, Inventory Wastage, Marketing, Audit",Marketing Growth,Immediate management intervention required | Review inventory levels and replenishment | Reduce inventory wastage and improve stock rotation | Review marketing effectiveness and conversion performance | Review audit findings and compliance issues,"Health: Critical | Risk Areas: Inventory, Inventory Wastage, Marketing, Audit | Recommendation: Immediate management intervention required | Review inventory levels and replenishment | Reduce inventory wastage and improve stock rotation | Review marketing effectiveness and conversion performance | Review audit findings and compliance issues",58.72,Needs Improvement,Unknown,,,75.125,2,19,0,40,63.2525,96.6225,1010,20169,16.429499999999997,52.5,18.218003342334747,5.489075730248736,2573937.28,46891997.97
OUT0584,32.22,Critical,Critical,5,100.0,High,3,4,"Inventory, Inventory Wastage, Marketing, Audit",Marketing Growth,Immediate management intervention required | Review inventory levels and replenishment | Reduce inventory wastage and improve stock rotation | Review marketing effectiveness and conversion performance | Review audit findings and compliance issues,"Health: Critical | Risk Areas: Inventory, Inventory Wastage, Marketing, Audit | Recommendation: Immediate management intervention required | Review inventory levels and replenishment | Reduce inventory wastage and improve stock rotation | Review marketing effectiveness and conversion performance | Review audit findings and compliance issues",58.04,Needs Improvement,Unknown,,,76.25,4,14,0,40,43.6225,99.325,242,31405,23.6335,52.5,19.70029927631644,5.076065017967483,2816210.15,55480182.78
OUT0598,32.25,Critical,Critical,5,100.0,High,3,4,"Performance, Inventory, Inventory Wastage, Marketing","Marketing Growth, Healthy Inventory",Immediate management intervention required | Review outlet performance and revenue drivers | Review inventory levels and replenishment | Reduce inventory wastage and improve stock rotation | Review marketing effectiveness and conversion performance,"Health: Critical | Risk Areas: Performance, Inventory, Inventory Wastage, Marketing | Recommendation: Immediate management intervention required | Review outlet performance and revenue drivers | Review inventory levels and replenishment | Reduce inventory wastage and improve stock rotation | Review marketing effectiveness and conversion performance",32.38,Critical,Unknown,,,85.5,1,9,0,40,82.0325,96.9975,479,7231,13.98975,52.5,19.188745327179568,5.211388149404262,1038548.36,19928439.99
OUT0163,32.71,Critical,Critical,5,100.0,High,3,4,"Inventory, Inventory Wastage, Marketing, Audit",Marketing Growth,Immediate management intervention required | Review inventory levels and replenishment | Reduce inventory wastage and improve stock rotation | Review marketing effectiveness and conversion performance | Review audit findings and compliance issues,"Health: Critical | Risk Areas: Inventory, Inventory Wastage, Marketing, Audit | Recommendation: Immediate management intervention required | Review inventory levels and replenishment | Reduce inventory wastage and improve stock rotation | Review marketing effectiveness and conversion performance | Review audit findings and compliance issues",56.23,Needs Improvement,Unknown,,,80.375,2,13,0,40,57.2875,96.61,1777,38218,18.339,52.5,19.079636411177763,5.241190022961613,2588442.61,49386543.87
OUT0475,32.72,Critical,Critical,5,100.0,High,3,4,"Inventory, Inventory Wastage, Marketing, Audit",Marketing Growth,Immediate management intervention required | Review inventory levels and replenishment | Reduce inventory wastage and improve stock rotation | Review marketing effectiveness and conversion performance | Review audit findings and compliance issues,"Health: Critical | Risk Areas: Inventory, Inventory Wastage, Marketing, Audit | Recommendation: Immediate management intervention required | Review inventory levels and replenishment | Reduce inventory wastage and improve stock rotation | Review marketing effectiveness and conversion performance | Review audit findings and compliance issues",59.17,Needs Improvement,Unknown,,,76.875,2,17,0,40,65.94,98.0,1524,48783,16.13825,52.5,18.64401384160473,5.363651885778303,6962603.1,129810868.57
OUT0097,32.81,Critical,Critical,5,100.0,High,3,4,"Inventory, Inventory Wastage, Marketing, Audit",Marketing Growth,Immediate management intervention required | Review inventory levels and replenishment | Reduce inventory wastage and improve stock rotation | Review marketing effectiveness and conversion performance | Review audit findings and compliance issues,"Health: Critical | Risk Areas: Inventory, Inventory Wastage, Marketing, Audit | Recommendation: Immediate management intervention required | Review inventory levels and replenishment | Reduce inventory wastage and improve stock rotation | Review marketing effectiveness and conversion performance | Review audit findings and compliance issues",60.09,Needs Improvement,Unknown,,,76.125,3,16,0,40,48.447500000000005,99.2775,512,58628,20.82475,52.5,19.52151519649173,5.122553192898228,4972419.38,97069160.49
OUT0347,33.03,Critical,Critical,5,100.0,High,2,3,"Performance, Inventory Wastage, Audit",Marketing Growth,Immediate management intervention required | Review outlet performance and revenue drivers | Reduce inventory wastage and improve stock rotation | Review audit findings and compliance issues,"Health: Critical | Risk Areas: Performance, Inventory Wastage, Audit | Recommendation: Immediate management intervention required | Review outlet performance and revenue drivers | Reduce inventory wastage and improve stock rotation | Review audit findings and compliance issues",29.42,Critical,Unknown,,,80.125,0,17,0,40,80.6225,99.3075,376,24167,12.97875,80.0,21.910593396991185,4.5640023612382965,1400866.22,30693810.15
OUT0196,33.03,Critical,Critical,5,100.0,High,3,4,"Inventory, Inventory Wastage, Marketing, Audit",Marketing Growth,Immediate management intervention required | Review inventory levels and replenishment | Reduce inventory wastage and improve stock rotation | Review marketing effectiveness and conversion performance | Review audit findings and compliance issues,"Health: Critical | Risk Areas: Inventory, Inventory Wastage, Marketing, Audit | Recommendation: Immediate management intervention required | Review inventory levels and replenishment | Reduce inventory wastage and improve stock rotation | Review marketing effectiveness and conversion performance | Review audit findings and compliance issues",60.84,Needs Improvement,Unknown,,,76.125,3,16,0,40,43.94,96.6575,4247,110507,22.53975,52.5,19.272088136416677,5.188851321774483,4353696.4,83904820.74
OUT0520,33.11,Critical,Critical,5,100.0,High,3,4,"Inventory, Inventory Wastage, Marketing, Audit",Marketing Growth,Immediate management intervention required | Review inventory levels and replenishment | Reduce inventory wastage and improve stock rotation | Review marketing effectiveness and conversion performance | Review audit findings and compliance issues,"Health: Critical | Risk Areas: Inventory, Inventory Wastage, Marketing, Audit | Recommendation: Immediate management intervention required | Review inventory levels and replenishment | Reduce inventory wastage and improve stock rotation | Review marketing effectiveness and conversion performance | Review audit findings and compliance issues",58.79,Needs Improvement,Unknown,,,78.875,4,11,0,40,68.39,97.99,2560,77218,15.81275,52.5,18.49512684258933,5.406829639563584,5689388.35,105225959.19
OUT0218,33.39,Critical,Critical,5,100.0,High,3,4,"Inventory, Inventory Wastage, Marketing, Audit",Marketing Growth,Immediate management intervention required | Review inventory levels and replenishment | Reduce inventory wastage and improve stock rotation | Review marketing effectiveness and conversion performance | Review audit findings and compliance issues,"Health: Critical | Risk Areas: Inventory, Inventory Wastage, Marketing, Audit | Recommendation: Immediate management intervention required | Review inventory levels and replenishment | Reduce inventory wastage and improve stock rotation | Review marketing effectiveness and conversion performance | Review audit findings and compliance issues",61.29,Needs Improvement,Unknown,,,77.0,3,15,0,40,44.7125,96.62,2350,59287,22.208,52.5,19.241444295125905,5.197115064035565,4658772.49,89641511.35
OUT0480,33.53,Critical,Critical,5,100.0,High,3,4,"Inventory, Inventory Wastage, Marketing, Audit",Marketing Growth,Immediate management intervention required | Review inventory levels and replenishment | Reduce inventory wastage and improve stock rotation | Review marketing effectiveness and conversion performance | Review audit findings and compliance issues,"Health: Critical | Risk Areas: Inventory, Inventory Wastage, Marketing, Audit | Recommendation: Immediate management intervention required | Review inventory levels and replenishment | Reduce inventory wastage and improve stock rotation | Review marketing effectiveness and conversion performance | Review audit findings and compliance issues",59.58,Needs Improvement,Unknown,,,79.625,3,12,0,40,46.555,98.10249999999999,2523,110925,22.17775,52.5,18.706400700039254,5.345763816541691,4251098.76,79522756.82
OUT0068,33.62,Critical,Critical,5,100.0,High,3,4,"Inventory, Inventory Wastage, Marketing, Audit",Marketing Growth,Immediate management intervention required | Review inventory levels and replenishment | Reduce inventory wastage and improve stock rotation | Review marketing effectiveness and conversion performance | Review audit findings and compliance issues,"Health: Critical | Risk Areas: Inventory, Inventory Wastage, Marketing, Audit | Recommendation: Immediate management intervention required | Review inventory levels and replenishment | Reduce inventory wastage and improve stock rotation | Review marketing effectiveness and conversion performance | Review audit findings and compliance issues",57.78,Needs Improvement,Unknown,,,82.125,2,11,0,40,64.435,96.63,2080,40335,17.426,52.5,20.1749164106386,4.956650028411922,4890765.92,98670793.62
OUT0139,33.64,Critical,Critical,5,100.0,High,3,4,"Inventory, Inventory Wastage, Marketing, Audit",Marketing Growth,Immediate management intervention required | Review inventory levels and replenishment | Reduce inventory wastage and improve stock rotation | Review marketing effectiveness and conversion performance | Review audit findings and compliance issues,"Health: Critical | Risk Areas: Inventory, Inventory Wastage, Marketing, Audit | Recommendation: Immediate management intervention required | Review inventory levels and replenishment | Reduce inventory wastage and improve stock rotation | Review marketing effectiveness and conversion performance | Review audit findings and compliance issues",61.3,Needs Improvement,Unknown,,,78.0,4,12,0,40,56.15,99.37,396,45767,18.9955,52.5,19.98543470448075,5.003643977660388,5440907.8,108738907.57
OUT0656,33.7,Critical,Critical,5,100.0,High,3,4,"Inventory, Inventory Wastage, Marketing, Audit",Marketing Growth,Immediate management intervention required | Review inventory levels and replenishment | Reduce inventory wastage and improve stock rotation | Review marketing effectiveness and conversion performance | Review audit findings and compliance issues,"Health: Critical | Risk Areas: Inventory, Inventory Wastage, Marketing, Audit | Recommendation: Immediate management intervention required | Review inventory levels and replenishment | Reduce inventory wastage and improve stock rotation | Review marketing effectiveness and conversion performance | Review audit findings and compliance issues",61.7,Needs Improvement,Unknown,,,77.75,2,16,0,40,59.025,96.65,4458,94401,17.660999999999998,52.5,18.656855027601456,5.359960178286068,4887036.34,91176728.51
OUT0568,34.32,Critical,Critical,5,100.0,High,3,4,"Inventory, Inventory Wastage, Marketing, Audit",Marketing Growth,Immediate management intervention required | Review inventory levels and replenishment | Reduce inventory wastage and improve stock rotation | Review marketing effectiveness and conversion performance | Review audit findings and compliance issues,"Health: Critical | Risk Areas: Inventory, Inventory Wastage, Marketing, Audit | Recommendation: Immediate management intervention required | Review inventory levels and replenishment | Reduce inventory wastage and improve stock rotation | Review marketing effectiveness and conversion performance | Review audit findings and compliance issues",63.16,Needs Improvement,Unknown,,,78.5,1,17,0,40,48.7825,96.74249999999999,1849,45815,21.08475,52.5,21.853573156301444,4.575910734815699,3267396.25,71404282.98
OUT0725,34.54,Critical,Critical,5,100.0,High,2,3,"Inventory, Inventory Wastage, Audit",Marketing Growth,Immediate management intervention required | Review inventory levels and replenishment | Reduce inventory wastage and improve stock rotation | Review audit findings and compliance issues,"Health: Critical | Risk Areas: Inventory, Inventory Wastage, Audit | Recommendation: Immediate management intervention required | Review inventory levels and replenishment | Reduce inventory wastage and improve stock rotation | Review audit findings and compliance issues",50.13,Needs Improvement,Unknown,,,76.0,2,18,0,40,69.34,98.0025,927,27723,14.973250000000002,80.0,19.495071855298345,5.129501483361916,3944692.41,76902061.98
OUT0409,34.66,Critical,Critical,5,100.0,High,3,4,"Performance, Inventory, Inventory Wastage, Marketing",Marketing Growth,Immediate management intervention required | Review outlet performance and revenue drivers | Review inventory levels and replenishment | Reduce inventory wastage and improve stock rotation | Review marketing effectiveness and conversion performance,"Health: Critical | Risk Areas: Performance, Inventory, Inventory Wastage, Marketing | Recommendation: Immediate management intervention required | Review outlet performance and revenue drivers | Review inventory levels and replenishment | Reduce inventory wastage and improve stock rotation | Review marketing effectiveness and conversion performance",44.38,Critical,Unknown,,,84.625,1,10,0,40,82.8425,99.1525,134,6610,13.23125,52.5,18.847318715832984,5.305794500943704,1443905.33,27213743.95
OUT0446,35.11,Critical,Critical,5,100.0,High,3,4,"Inventory, Inventory Wastage, Marketing, Audit",Marketing Growth,Immediate management intervention required | Review inventory levels and replenishment | Reduce inventory wastage and improve stock rotation | Review marketing effectiveness and conversion performance | Review audit findings and compliance issues,"Health: Critical | Risk Areas: Inventory, Inventory Wastage, Marketing, Audit | Recommendation: Immediate management intervention required | Review inventory levels and replenishment | Reduce inventory wastage and improve stock rotation | Review marketing effectiveness and conversion performance | Review audit findings and compliance issues",62.76,Needs Improvement,Unknown,,,82.125,2,11,0,40,71.35249999999999,96.88250000000001,1062,20062,15.69575,52.5,18.19581431426101,5.495769426577669,2857936.01,52002472.96
OUT0410,35.66,Critical,Critical,5,100.0,High,2,3,"Performance, Inventory Wastage, Audit",Marketing Growth,Immediate management intervention required | Review outlet performance and revenue drivers | Reduce inventory wastage and improve stock rotation | Review audit findings and compliance issues,"Health: Critical | Risk Areas: Performance, Inventory Wastage, Audit | Recommendation: Immediate management intervention required | Review outlet performance and revenue drivers | Reduce inventory wastage and improve stock rotation | Review audit findings and compliance issues",36.9,Critical,Unknown,,,80.125,0,17,0,40,44.005,98.0875,769,34514,22.8505,80.0,20.09332921439022,4.9767760699597305,1441988.03,28974340.21
OUT0381,35.97,Critical,Critical,5,100.0,High,3,4,"Inventory, Inventory Wastage, Marketing, Audit",Marketing Growth,Immediate management intervention required | Review inventory levels and replenishment | Reduce inventory wastage and improve stock rotation | Review marketing effectiveness and conversion performance | Review audit findings and compliance issues,"Health: Critical | Risk Areas: Inventory, Inventory Wastage, Marketing, Audit | Recommendation: Immediate management intervention required | Review inventory levels and replenishment | Reduce inventory wastage and improve stock rotation | Review marketing effectiveness and conversion performance | Review audit findings and compliance issues",76.36,Good,Unknown,,,75.375,4,15,0,40,39.292500000000004,96.89,4262,123688,23.948,52.5,18.16457593563918,5.505220730410691,7652159.2,138998226.85999998
OUT0416,36.93,Critical,Critical,5,100.0,High,2,3,"Inventory, Inventory Wastage, Audit",Marketing Growth,Immediate management intervention required | Review inventory levels and replenishment | Reduce inventory wastage and improve stock rotation | Review audit findings and compliance issues,"Health: Critical | Risk Areas: Inventory, Inventory Wastage, Audit | Recommendation: Immediate management intervention required | Review inventory levels and replenishment | Reduce inventory wastage and improve stock rotation | Review audit findings and compliance issues",61.96,Needs Improvement,Unknown,,,71.375,7,14,0,40,67.42,96.9375,1353,27076,16.106,80.0,19.68918005781044,5.078931662282774,3474002.48,68400260.35
OUT0256,36.94,Critical,Critical,5,100.0,High,3,5,"Inventory, Inventory Wastage, Inventory Overstock, Marketing, Audit",Marketing Growth,Immediate management intervention required | Review inventory levels and replenishment | Reduce inventory wastage and improve stock rotation | Reduce excess inventory and avoid unnecessary replenishment | Review marketing effectiveness and conversion performance | Review audit findings and compliance issues,"Health: Critical | Risk Areas: Inventory, Inventory Wastage, Inventory Overstock, Marketing, Audit | Recommendation: Immediate management intervention required | Review inventory levels and replenishment | Reduce inventory wastage and improve stock rotation | Reduce excess inventory and avoid unnecessary replenishment | Review marketing effectiveness and conversion performance | Review audit findings and compliance issues",69.57,Good,Unknown,,,80.75,3,10,1,40,50.8275,96.755,5836,140465,21.00975,52.5,19.129848980555906,5.227432798954278,7465963.12,142822746.98
OUT0093,37.72,Critical,Critical,5,100.0,High,2,3,"Performance, Inventory, Inventory Wastage",Marketing Growth,Immediate management intervention required | Review outlet performance and revenue drivers | Review inventory levels and replenishment | Reduce inventory wastage and improve stock rotation,"Health: Critical | Risk Areas: Performance, Inventory, Inventory Wastage | Recommendation: Immediate management intervention required | Review outlet performance and revenue drivers | Review inventory levels and replenishment | Reduce inventory wastage and improve stock rotation",39.31,Critical,Unknown,,,77.875,3,14,0,40,74.005,96.81750000000001,919,15210,14.117500000000001,80.0,20.063133484971324,4.984266294938769,1562295.35,31344540.15
OUT0540,37.88,Critical,Critical,5,100.0,High,3,4,"Inventory, Inventory Wastage, Marketing, Audit",Marketing Growth,Immediate management intervention required | Review inventory levels and replenishment | Reduce inventory wastage and improve stock rotation | Review marketing effectiveness and conversion performance | Review audit findings and compliance issues,"Health: Critical | Risk Areas: Inventory, Inventory Wastage, Marketing, Audit | Recommendation: Immediate management intervention required | Review inventory levels and replenishment | Reduce inventory wastage and improve stock rotation | Review marketing effectiveness and conversion performance | Review audit findings and compliance issues",65.99,Good,Unknown,,,72.5,2,22,0,40,41.1025,98.06,1159,53420,23.8825,52.5,18.109621439741822,5.521926581002328,4462299.63,80810557.05
OUT0702,38.09,Critical,Critical,5,100.0,High,3,4,"Inventory, Inventory Wastage, Marketing, Audit",Marketing Growth,Immediate management intervention required | Review inventory levels and replenishment | Reduce inventory wastage and improve stock rotation | Review marketing effectiveness and conversion performance | Review audit findings and compliance issues,"Health: Critical | Risk Areas: Inventory, Inventory Wastage, Marketing, Audit | Recommendation: Immediate management intervention required | Review inventory levels and replenishment | Reduce inventory wastage and improve stock rotation | Review marketing effectiveness and conversion performance | Review audit findings and compliance issues",75.0,Good,Unknown,,,73.375,2,21,0,40,62.595000000000006,99.3225,914,91666,16.328,52.5,17.68168735589298,5.65556883725081,8613312.26,152297894.48
OUT0025,38.09,Critical,Critical,5,100.0,High,3,4,"Inventory, Inventory Wastage, Marketing, Audit",Marketing Growth,Immediate management intervention required | Review inventory levels and replenishment | Reduce inventory wastage and improve stock rotation | Review marketing effectiveness and conversion performance | Review audit findings and compliance issues,"Health: Critical | Risk Areas: Inventory, Inventory Wastage, Marketing, Audit | Recommendation: Immediate management intervention required | Review inventory levels and replenishment | Reduce inventory wastage and improve stock rotation | Review marketing effectiveness and conversion performance | Review audit findings and compliance issues",69.32,Good,Unknown,,,73.375,2,21,0,40,67.2175,97.815,1170,32798,15.585249999999998,52.5,18.38007470862537,5.4406742945975175,4368480.86,80293004.57000001
OUT0141,38.25,Critical,Critical,5,100.0,High,2,3,"Inventory, Inventory Wastage, Audit",Marketing Growth,Immediate management intervention required | Review inventory levels and replenishment | Reduce inventory wastage and improve stock rotation | Review audit findings and compliance issues,"Health: Critical | Risk Areas: Inventory, Inventory Wastage, Audit | Recommendation: Immediate management intervention required | Review inventory levels and replenishment | Reduce inventory wastage and improve stock rotation | Review audit findings and compliance issues",50.53,Needs Improvement,Unknown,,,75.375,4,15,0,40,73.2875,96.47999999999999,1756,26534,14.47375,80.0,20.196160844656404,4.951436105563522,2381245.66,48092020.36
OUT0558,38.31,Critical,Critical,5,100.0,High,3,4,"Inventory, Inventory Wastage, Marketing, Audit",Marketing Growth,Immediate management intervention required | Review inventory levels and replenishment | Reduce inventory wastage and improve stock rotation | Review marketing effectiveness and conversion performance | Review audit findings and compliance issues,"Health: Critical | Risk Areas: Inventory, Inventory Wastage, Marketing, Audit | Recommendation: Immediate management intervention required | Review inventory levels and replenishment | Reduce inventory wastage and improve stock rotation | Review marketing effectiveness and conversion performance | Review audit findings and compliance issues",73.94,Good,Unknown,,,74.25,2,20,0,40,68.66749999999999,96.685,2345,42961,15.02725,52.5,18.873254715231315,5.298503173344916,6360507.15,120043471.56
OUT0644,38.33,Critical,Critical,5,100.0,High,2,3,"Inventory, Inventory Wastage, Audit",Marketing Growth,Immediate management intervention required | Review inventory levels and replenishment | Reduce inventory wastage and improve stock rotation | Review audit findings and compliance issues,"Health: Critical | Risk Areas: Inventory, Inventory Wastage, Audit | Recommendation: Immediate management intervention required | Review inventory levels and replenishment | Reduce inventory wastage and improve stock rotation | Review audit findings and compliance issues",52.96,Needs Improvement,Unknown,,,72.75,4,18,0,40,56.0025,99.2125,924,87280,18.564500000000002,80.0,19.83530733355877,5.04151502764028,3276834.31,64997015.62
OUT0718,38.41,Critical,Critical,5,100.0,High,3,4,"Inventory, Inventory Wastage, Marketing, Audit",Marketing Growth,Immediate management intervention required | Review inventory levels and replenishment | Reduce inventory wastage and improve stock rotation | Review marketing effectiveness and conversion performance | Review audit findings and compliance issues,"Health: Critical | Risk Areas: Inventory, Inventory Wastage, Marketing, Audit | Recommendation: Immediate management intervention required | Review inventory levels and replenishment | Reduce inventory wastage and improve stock rotation | Review marketing effectiveness and conversion performance | Review audit findings and compliance issues",69.99,Good,Unknown,,,74.625,5,14,0,40,55.3775,96.635,3559,79655,18.61825,52.5,18.951946654489387,5.276502821746374,8562788.41,162281509.16
OUT0743,38.5,Critical,Critical,5,100.0,High,3,4,"Inventory, Inventory Wastage, Marketing, Audit",Marketing Growth,Immediate management intervention required | Review inventory levels and replenishment | Reduce inventory wastage and improve stock rotation | Review marketing effectiveness and conversion performance | Review audit findings and compliance issues,"Health: Critical | Risk Areas: Inventory, Inventory Wastage, Marketing, Audit | Recommendation: Immediate management intervention required | Review inventory levels and replenishment | Reduce inventory wastage and improve stock rotation | Review marketing effectiveness and conversion performance | Review audit findings and compliance issues",77.83,Good,Unknown,,,75.0,1,21,0,40,65.16,96.6875,6025,116968,16.469749999999998,52.5,18.249575668925427,5.479579460594013,11727888.43,214028987.34
OUT0592,38.56,Critical,Critical,5,100.0,High,3,4,"Inventory, Inventory Wastage, Marketing, Audit",Marketing Growth,Immediate management intervention required | Review inventory levels and replenishment | Reduce inventory wastage and improve stock rotation | Review marketing effectiveness and conversion performance | Review audit findings and compliance issues,"Health: Critical | Risk Areas: Inventory, Inventory Wastage, Marketing, Audit | Recommendation: Immediate management intervention required | Review inventory levels and replenishment | Reduce inventory wastage and improve stock rotation | Review marketing effectiveness and conversion performance | Review audit findings and compliance issues",72.0,Good,Unknown,,,75.25,3,17,0,40,71.3725,99.34,724,61570,14.56825,52.5,19.288536969461248,5.184426385387648,7621264.7,147003045.92
OUT0632,38.59,Critical,Critical,5,100.0,High,3,4,"Inventory, Inventory Wastage, Marketing, Audit",Marketing Growth,Immediate management intervention required | Review inventory levels and replenishment | Reduce inventory wastage and improve stock rotation | Review marketing effectiveness and conversion performance | Review audit findings and compliance issues,"Health: Critical | Risk Areas: Inventory, Inventory Wastage, Marketing, Audit | Recommendation: Immediate management intervention required | Review inventory levels and replenishment | Reduce inventory wastage and improve stock rotation | Review marketing effectiveness and conversion performance | Review audit findings and compliance issues",71.54,Good,Unknown,,,75.375,4,15,0,40,50.1725,99.2125,703,71280,19.57875,52.5,19.201323135164216,5.20797443468183,4550138.31,87368676.0
OUT0748,38.78,Critical,Critical,5,100.0,High,3,4,"Inventory, Inventory Wastage, Marketing, Audit",Marketing Growth,Immediate management intervention required | Review inventory levels and replenishment | Reduce inventory wastage and improve stock rotation | Review marketing effectiveness and conversion performance | Review audit findings and compliance issues,"Health: Critical | Risk Areas: Inventory, Inventory Wastage, Marketing, Audit | Recommendation: Immediate management intervention required | Review inventory levels and replenishment | Reduce inventory wastage and improve stock rotation | Review marketing effectiveness and conversion performance | Review audit findings and compliance issues",79.65,Good,Unknown,,,76.125,3,16,0,40,53.38250000000001,96.705,4052,94329,20.101,52.5,18.49503187896948,5.406857401187235,9136153.23,168973445.24
OUT0127,38.78,Critical,Critical,5,100.0,High,3,4,"Inventory, Inventory Wastage, Marketing, Audit",Marketing Growth,Immediate management intervention required | Review inventory levels and replenishment | Reduce inventory wastage and improve stock rotation | Review marketing effectiveness and conversion performance | Review audit findings and compliance issues,"Health: Critical | Risk Areas: Inventory, Inventory Wastage, Marketing, Audit | Recommendation: Immediate management intervention required | Review inventory levels and replenishment | Reduce inventory wastage and improve stock rotation | Review marketing effectiveness and conversion performance | Review audit findings and compliance issues",65.35,Good,Unknown,,,76.125,3,16,0,40,42.4125,99.2375,705,81684,23.51775,52.5,19.30575800145401,5.179801797601966,6966110.78,134486048.93
OUT0339,38.78,Critical,Critical,5,100.0,High,3,4,"Inventory, Inventory Wastage, Marketing, Audit",Marketing Growth,Immediate management intervention required | Review inventory levels and replenishment | Reduce inventory wastage and improve stock rotation | Review marketing effectiveness and conversion performance | Review audit findings and compliance issues,"Health: Critical | Risk Areas: Inventory, Inventory Wastage, Marketing, Audit | Recommendation: Immediate management intervention required | Review inventory levels and replenishment | Reduce inventory wastage and improve stock rotation | Review marketing effectiveness and conversion performance | Review audit findings and compliance issues",71.12,Good,Unknown,,,76.125,3,16,0,40,46.69,99.345,363,46646,21.453,52.5,18.94960122707977,5.277155904320342,5202510.99,98585508.64
OUT0563,38.81,Critical,Critical,5,100.0,High,3,4,"Inventory, Inventory Wastage, Marketing, Audit",Marketing Growth,Immediate management intervention required | Review inventory levels and replenishment | Reduce inventory wastage and improve stock rotation | Review marketing effectiveness and conversion performance | Review audit findings and compliance issues,"Health: Critical | Risk Areas: Inventory, Inventory Wastage, Marketing, Audit | Recommendation: Immediate management intervention required | Review inventory levels and replenishment | Reduce inventory wastage and improve stock rotation | Review marketing effectiveness and conversion performance | Review audit findings and compliance issues",65.19,Good,Unknown,,,76.25,4,14,0,40,58.4575,97.0475,4340,104295,17.92775,52.5,19.106336204496493,5.233865819678498,3967396.73,75802415.78
OUT0709,38.97,Critical,Critical,5,100.0,High,2,3,"Performance, Inventory Wastage, Audit",Marketing Growth,Immediate management intervention required | Review outlet performance and revenue drivers | Reduce inventory wastage and improve stock rotation | Review audit findings and compliance issues,"Health: Critical | Risk Areas: Performance, Inventory Wastage, Audit | Recommendation: Immediate management intervention required | Review outlet performance and revenue drivers | Reduce inventory wastage and improve stock rotation | Review audit findings and compliance issues",38.52,Critical,Unknown,,,78.375,0,19,0,40,60.095000000000006,99.2475,607,55658,17.925,80.0,19.339262696965328,5.170827945560292,2119708.08,40993591.4
OUT0646,38.97,Critical,Critical,5,100.0,High,3,4,"Inventory, Inventory Wastage, Marketing, Audit",Marketing Growth,Immediate management intervention required | Review inventory levels and replenishment | Reduce inventory wastage and improve stock rotation | Review marketing effectiveness and conversion performance | Review audit findings and compliance issues,"Health: Critical | Risk Areas: Inventory, Inventory Wastage, Marketing, Audit | Recommendation: Immediate management intervention required | Review inventory levels and replenishment | Reduce inventory wastage and improve stock rotation | Review marketing effectiveness and conversion performance | Review audit findings and compliance issues",76.63,Good,Unknown,,,76.875,2,17,0,40,50.7725,96.78999999999999,4789,118633,19.81125,52.5,18.44008898388358,5.422967323389752,10374755.1,191311407.23
OUT0412,38.97,Critical,Critical,5,100.0,High,3,4,"Inventory, Inventory Wastage, Marketing, Audit",Marketing Growth,Immediate management intervention required | Review inventory levels and replenishment | Reduce inventory wastage and improve stock rotation | Review marketing effectiveness and conversion performance | Review audit findings and compliance issues,"Health: Critical | Risk Areas: Inventory, Inventory Wastage, Marketing, Audit | Recommendation: Immediate management intervention required | Review inventory levels and replenishment | Reduce inventory wastage and improve stock rotation | Review marketing effectiveness and conversion performance | Review audit findings and compliance issues",65.39,Good,Unknown,,,76.875,2,17,0,40,49.165,99.2825,650,75007,20.65775,52.5,17.956501676469852,5.569013486131305,4818750.54,86527902.15
OUT0465,38.97,Critical,Critical,5,100.0,High,2,3,"Performance, Inventory Wastage, Audit",Marketing Growth,Immediate management intervention required | Review outlet performance and revenue drivers | Reduce inventory wastage and improve stock rotation | Review audit findings and compliance issues,"Health: Critical | Risk Areas: Performance, Inventory Wastage, Audit | Recommendation: Immediate management intervention required | Review outlet performance and revenue drivers | Reduce inventory wastage and improve stock rotation | Review audit findings and compliance issues",48.35,Critical,Unknown,,,78.375,0,19,0,40,40.9775,97.905,1038,44168,23.698500000000003,80.0,21.460619833878248,4.659697658971509,3166312.57,67951030.34
OUT0378,39.03,Critical,Critical,5,100.0,High,2,3,"Inventory, Inventory Wastage, Audit",Marketing Growth,Immediate management intervention required | Review inventory levels and replenishment | Reduce inventory wastage and improve stock rotation | Review audit findings and compliance issues,"Health: Critical | Risk Areas: Inventory, Inventory Wastage, Audit | Recommendation: Immediate management intervention required | Review inventory levels and replenishment | Reduce inventory wastage and improve stock rotation | Review audit findings and compliance issues",50.4,Needs Improvement,Unknown,,,78.625,2,15,0,40,70.295,96.6425,3201,56997,15.320250000000001,80.0,22.29488882358196,4.485332974355408,3715753.37,82842308.28
OUT0005,39.07,Critical,Critical,5,100.0,High,2,3,"Inventory, Inventory Wastage, Audit",Marketing Growth,Immediate management intervention required | Review inventory levels and replenishment | Reduce inventory wastage and improve stock rotation | Review audit findings and compliance issues,"Health: Critical | Risk Areas: Inventory, Inventory Wastage, Audit | Recommendation: Immediate management intervention required | Review inventory levels and replenishment | Reduce inventory wastage and improve stock rotation | Review audit findings and compliance issues",55.65,Needs Improvement,Unknown,,,77.0,3,15,0,40,57.777499999999996,98.10249999999999,1192,45132,18.52375,80.0,20.05453326948656,4.9864037550129545,3448067.79,69149390.21
OUT0691,39.18,Critical,Critical,5,100.0,High,2,3,"Inventory, Inventory Wastage, Audit",Marketing Growth,Immediate management intervention required | Review inventory levels and replenishment | Reduce inventory wastage and improve stock rotation | Review audit findings and compliance issues,"Health: Critical | Risk Areas: Inventory, Inventory Wastage, Audit | Recommendation: Immediate management intervention required | Review inventory levels and replenishment | Reduce inventory wastage and improve stock rotation | Review audit findings and compliance issues",59.45,Needs Improvement,Unknown,,,72.875,5,16,0,40,72.45750000000001,96.86,1885,32319,14.31025,80.0,20.7819139060816,4.811876348440461,3745031.31,77828918.26
OUT0203,39.19,Critical,Critical,5,100.0,High,3,4,"Inventory, Inventory Wastage, Marketing, Audit",Marketing Growth,Immediate management intervention required | Review inventory levels and replenishment | Reduce inventory wastage and improve stock rotation | Review marketing effectiveness and conversion performance | Review audit findings and compliance issues,"Health: Critical | Risk Areas: Inventory, Inventory Wastage, Marketing, Audit | Recommendation: Immediate management intervention required | Review inventory levels and replenishment | Reduce inventory wastage and improve stock rotation | Review marketing effectiveness and conversion performance | Review audit findings and compliance issues",68.36,Good,Unknown,,,77.75,2,16,0,40,59.39,96.57000000000001,3879,78631,18.137999999999998,52.5,17.371176854614934,5.756662363001237,10083367.52,175159960.48
OUT0132,39.19,Critical,Critical,5,100.0,High,2,3,"Performance, Inventory Wastage, Audit",Marketing Growth,Immediate management intervention required | Review outlet performance and revenue drivers | Reduce inventory wastage and improve stock rotation | Review audit findings and compliance issues,"Health: Critical | Risk Areas: Performance, Inventory Wastage, Audit | Recommendation: Immediate management intervention required | Review outlet performance and revenue drivers | Reduce inventory wastage and improve stock rotation | Review audit findings and compliance issues",40.54,Critical,Unknown,,,79.25,0,18,0,40,62.355,99.265,437,40477,16.404249999999998,80.0,19.78412376429233,5.054557947139741,1973383.4,39041661.42
OUT0370,39.38,Critical,Critical,5,100.0,High,3,4,"Inventory, Inventory Wastage, Marketing, Audit",Marketing Growth,Immediate management intervention required | Review inventory levels and replenishment | Reduce inventory wastage and improve stock rotation | Review marketing effectiveness and conversion performance | Review audit findings and compliance issues,"Health: Critical | Risk Areas: Inventory, Inventory Wastage, Marketing, Audit | Recommendation: Immediate management intervention required | Review inventory levels and replenishment | Reduce inventory wastage and improve stock rotation | Review marketing effectiveness and conversion performance | Review audit findings and compliance issues",74.22,Good,Unknown,,,78.5,1,17,0,40,72.5,98.03,1824,52989,15.00375,52.5,18.149295632851413,5.509855700349795,7449081.79,135195587.6
OUT0210,39.41,Critical,Critical,5,100.0,High,3,4,"Inventory, Inventory Wastage, Marketing, Audit",Marketing Growth,Immediate management intervention required | Review inventory levels and replenishment | Reduce inventory wastage and improve stock rotation | Review marketing effectiveness and conversion performance | Review audit findings and compliance issues,"Health: Critical | Risk Areas: Inventory, Inventory Wastage, Marketing, Audit | Recommendation: Immediate management intervention required | Review inventory levels and replenishment | Reduce inventory wastage and improve stock rotation | Review marketing effectiveness and conversion performance | Review audit findings and compliance issues",65.65,Good,Unknown,,,78.625,2,15,0,40,74.5275,98.1125,730,20847,14.30025,52.5,18.961956939243965,5.273717281418271,3484338.73,66069880.96
OUT0152,39.41,Critical,Critical,5,100.0,High,2,3,"Performance, Inventory, Inventory Wastage",Marketing Growth,Immediate management intervention required | Review outlet performance and revenue drivers | Review inventory levels and replenishment | Reduce inventory wastage and improve stock rotation,"Health: Critical | Risk Areas: Performance, Inventory, Inventory Wastage | Recommendation: Immediate management intervention required | Review outlet performance and revenue drivers | Review inventory levels and replenishment | Reduce inventory wastage and improve stock rotation",24.52,Critical,Unknown,,,84.625,1,10,0,40,57.42999999999999,99.3025,397,41442,18.549500000000002,80.0,20.345484713670967,4.915095482232768,1413335.73,28755000.49
OUT0382,39.59,Critical,Critical,5,100.0,High,3,4,"Inventory, Inventory Wastage, Marketing, Audit",Marketing Growth,Immediate management intervention required | Review inventory levels and replenishment | Reduce inventory wastage and improve stock rotation | Review marketing effectiveness and conversion performance | Review audit findings and compliance issues,"Health: Critical | Risk Areas: Inventory, Inventory Wastage, Marketing, Audit | Recommendation: Immediate management intervention required | Review inventory levels and replenishment | Reduce inventory wastage and improve stock rotation | Review marketing effectiveness and conversion performance | Review audit findings and compliance issues",71.47,Good,Unknown,,,79.375,1,16,0,40,79.065,99.31750000000001,584,40954,13.5945,52.5,19.295305708220784,5.182607703250584,6140394.41,118480787.31
OUT0287,39.66,Critical,Critical,5,100.0,High,3,4,"Inventory, Inventory Wastage, Marketing, Audit",Marketing Growth,Immediate management intervention required | Review inventory levels and replenishment | Reduce inventory wastage and improve stock rotation | Review marketing effectiveness and conversion performance | Review audit findings and compliance issues,"Health: Critical | Risk Areas: Inventory, Inventory Wastage, Marketing, Audit | Recommendation: Immediate management intervention required | Review inventory levels and replenishment | Reduce inventory wastage and improve stock rotation | Review marketing effectiveness and conversion performance | Review audit findings and compliance issues",66.15,Good,Unknown,,,79.625,3,12,0,40,48.855000000000004,99.33500000000001,483,58698,21.57575,52.5,19.14099540496977,5.224388694750743,4834701.6,92541001.11
OUT0240,39.84,Critical,Critical,5,100.0,High,2,3,"Performance, Inventory Wastage, Audit",Marketing Growth,Immediate management intervention required | Review outlet performance and revenue drivers | Reduce inventory wastage and improve stock rotation | Review audit findings and compliance issues,"Health: Critical | Risk Areas: Performance, Inventory Wastage, Audit | Recommendation: Immediate management intervention required | Review outlet performance and revenue drivers | Reduce inventory wastage and improve stock rotation | Review audit findings and compliance issues",49.41,Critical,Unknown,,,81.875,0,15,0,40,71.1825,98.0875,2097,63294,15.8295,80.0,19.89256377869302,5.027004116337698,3054388.79,60759623.81
OUT0012,39.84,Critical,Critical,5,100.0,High,3,4,"Inventory, Inventory Wastage, Marketing, Audit",Marketing Growth,Immediate management intervention required | Review inventory levels and replenishment | Reduce inventory wastage and improve stock rotation | Review marketing effectiveness and conversion performance | Review audit findings and compliance issues,"Health: Critical | Risk Areas: Inventory, Inventory Wastage, Marketing, Audit | Recommendation: Immediate management intervention required | Review inventory levels and replenishment | Reduce inventory wastage and improve stock rotation | Review marketing effectiveness and conversion performance | Review audit findings and compliance issues",65.19,Good,Unknown,,,80.375,2,13,0,40,79.80499999999999,99.17999999999999,928,50137,13.291999999999998,52.5,18.89307824265748,5.29294372868347,6423521.34,121360091.27
OUT0373,40.06,Critical,Critical,5,100.0,High,2,3,"Inventory, Inventory Wastage, Audit",Marketing Growth,Immediate management intervention required | Review inventory levels and replenishment | Reduce inventory wastage and improve stock rotation | Review audit findings and compliance issues,"Health: Critical | Risk Areas: Inventory, Inventory Wastage, Audit | Recommendation: Immediate management intervention required | Review inventory levels and replenishment | Reduce inventory wastage and improve stock rotation | Review audit findings and compliance issues",51.96,Needs Improvement,Unknown,,,70.375,6,17,0,40,53.77,96.63250000000001,2884,64749,19.183,80.0,20.54539117248561,4.867271650389408,3978065.45,81730910.78
OUT0599,40.16,Critical,Critical,5,100.0,High,2,3,"Performance, Inventory, Inventory Wastage",Marketing Growth,Immediate management intervention required | Review outlet performance and revenue drivers | Review inventory levels and replenishment | Reduce inventory wastage and improve stock rotation,"Health: Critical | Risk Areas: Performance, Inventory, Inventory Wastage | Recommendation: Immediate management intervention required | Review outlet performance and revenue drivers | Review inventory levels and replenishment | Reduce inventory wastage and improve stock rotation",40.82,Critical,Unknown,,,72.625,3,20,0,40,60.629999999999995,99.3275,338,34624,16.25875,80.0,20.52668510936641,4.871707217565762,1098049.65,22539319.4
OUT0554,40.28,Critical,Critical,5,100.0,High,3,4,"Inventory, Inventory Wastage, Marketing, Audit",Marketing Growth,Immediate management intervention required | Review inventory levels and replenishment | Reduce inventory wastage and improve stock rotation | Review marketing effectiveness and conversion performance | Review audit findings and compliance issues,"Health: Critical | Risk Areas: Inventory, Inventory Wastage, Marketing, Audit | Recommendation: Immediate management intervention required | Review inventory levels and replenishment | Reduce inventory wastage and improve stock rotation | Review marketing effectiveness and conversion performance | Review audit findings and compliance issues",71.45,Good,Unknown,,,82.125,2,11,0,40,56.075,99.29249999999999,1010,104709,19.07525,52.5,18.659445033168254,5.359216194385425,6278712.89,117157298.05
OUT0428,40.29,Critical,Critical,5,100.0,High,2,3,"Inventory, Inventory Wastage, Audit",Marketing Growth,Immediate management intervention required | Review inventory levels and replenishment | Reduce inventory wastage and improve stock rotation | Review audit findings and compliance issues,"Health: Critical | Risk Areas: Inventory, Inventory Wastage, Audit | Recommendation: Immediate management intervention required | Review inventory levels and replenishment | Reduce inventory wastage and improve stock rotation | Review audit findings and compliance issues",52.12,Needs Improvement,Unknown,,,71.125,5,18,0,40,65.985,96.82000000000001,2118,41359,15.482499999999998,80.0,20.851579749511888,4.795799704448815,3570617.34,74453012.22
OUT0541,40.3,Critical,Critical,5,100.0,High,2,3,"Inventory, Inventory Wastage, Audit",Marketing Growth,Immediate management intervention required | Review inventory levels and replenishment | Reduce inventory wastage and improve stock rotation | Review audit findings and compliance issues,"Health: Critical | Risk Areas: Inventory, Inventory Wastage, Audit | Recommendation: Immediate management intervention required | Review inventory levels and replenishment | Reduce inventory wastage and improve stock rotation | Review audit findings and compliance issues",50.38,Needs Improvement,Unknown,,,73.25,1,23,0,40,65.3725,96.83,1653,33532,16.1605,80.0,22.18109316718332,4.508344076925338,2263857.75,50214839.67
OUT0637,40.44,Critical,Critical,5,100.0,High,2,3,"Inventory, Inventory Wastage, Audit",Marketing Growth,Immediate management intervention required | Review inventory levels and replenishment | Reduce inventory wastage and improve stock rotation | Review audit findings and compliance issues,"Health: Critical | Risk Areas: Inventory, Inventory Wastage, Audit | Recommendation: Immediate management intervention required | Review inventory levels and replenishment | Reduce inventory wastage and improve stock rotation | Review audit findings and compliance issues",56.56,Needs Improvement,Unknown,,,76.875,2,17,0,40,45.9375,99.2875,842,99727,21.28375,80.0,19.62134258693744,5.0964912088418055,4883208.69,95815110.63
OUT0464,40.47,Critical,Critical,5,100.0,High,2,3,"Performance, Inventory, Inventory Wastage",Marketing Growth,Immediate management intervention required | Review outlet performance and revenue drivers | Review inventory levels and replenishment | Reduce inventory wastage and improve stock rotation,"Health: Critical | Risk Areas: Performance, Inventory, Inventory Wastage | Recommendation: Immediate management intervention required | Review outlet performance and revenue drivers | Review inventory levels and replenishment | Reduce inventory wastage and improve stock rotation",46.76,Critical,Unknown,,,73.875,6,13,0,40,53.635000000000005,99.3125,210,23755,18.80325,80.0,20.404588163387125,4.900858532368447,1791808.03,36561104.92
OUT0317,40.5,Critical,Critical,5,100.0,High,3,4,"Inventory, Inventory Wastage, Marketing, Audit",Marketing Growth,Immediate management intervention required | Review inventory levels and replenishment | Reduce inventory wastage and improve stock rotation | Review marketing effectiveness and conversion performance | Review audit findings and compliance issues,"Health: Critical | Risk Areas: Inventory, Inventory Wastage, Marketing, Audit | Recommendation: Immediate management intervention required | Review inventory levels and replenishment | Reduce inventory wastage and improve stock rotation | Review marketing effectiveness and conversion performance | Review audit findings and compliance issues",72.67,Good,Unknown,,,83.0,2,10,0,40,75.525,99.20750000000001,898,60180,14.865,52.5,18.53155629534692,5.396200859023857,9686466.73,179505303.51
OUT0108,40.5,Critical,Critical,5,100.0,High,3,4,"Inventory, Inventory Wastage, Marketing, Audit",Marketing Growth,Immediate management intervention required | Review inventory levels and replenishment | Reduce inventory wastage and improve stock rotation | Review marketing effectiveness and conversion performance | Review audit findings and compliance issues,"Health: Critical | Risk Areas: Inventory, Inventory Wastage, Marketing, Audit | Recommendation: Immediate management intervention required | Review inventory levels and replenishment | Reduce inventory wastage and improve stock rotation | Review marketing effectiveness and conversion performance | Review audit findings and compliance issues",71.21,Good,Unknown,,,83.0,2,10,0,40,69.33250000000001,96.91,3024,59961,15.696250000000001,52.5,18.828649959752408,5.31105523836054,7276534.62,137007323.28
OUT0524,40.53,Critical,Critical,5,100.0,High,2,3,"Performance, Inventory, Inventory Wastage",Marketing Growth,Immediate management intervention required | Review outlet performance and revenue drivers | Review inventory levels and replenishment | Reduce inventory wastage and improve stock rotation,"Health: Critical | Risk Areas: Performance, Inventory, Inventory Wastage | Recommendation: Immediate management intervention required | Review outlet performance and revenue drivers | Review inventory levels and replenishment | Reduce inventory wastage and improve stock rotation",41.62,Critical,Unknown,,,74.125,1,22,0,40,71.235,99.2475,332,25361,15.341,80.0,20.06405936176508,4.984036290809836,1940436.91,38933041.35
OUT0458,40.57,Critical,Critical,5,100.0,High,2,3,"Inventory, Inventory Wastage, Audit",Marketing Growth,Immediate management intervention required | Review inventory levels and replenishment | Reduce inventory wastage and improve stock rotation | Review audit findings and compliance issues,"Health: Critical | Risk Areas: Inventory, Inventory Wastage, Audit | Recommendation: Immediate management intervention required | Review inventory levels and replenishment | Reduce inventory wastage and improve stock rotation | Review audit findings and compliance issues",57.2,Needs Improvement,Unknown,,,66.125,7,20,0,40,58.4525,96.78999999999999,1452,32390,17.34525,80.0,21.14766650556005,4.72865410345432,1646859.72,34827240.14
OUT0636,40.59,Critical,Critical,5,100.0,High,2,3,"Inventory, Inventory Wastage, Audit",Marketing Growth,Immediate management intervention required | Review inventory levels and replenishment | Reduce inventory wastage and improve stock rotation | Review audit findings and compliance issues,"Health: Critical | Risk Areas: Inventory, Inventory Wastage, Audit | Recommendation: Immediate management intervention required | Review inventory levels and replenishment | Reduce inventory wastage and improve stock rotation | Review audit findings and compliance issues",59.99,Needs Improvement,Unknown,,,77.875,3,14,0,40,68.9275,96.94500000000001,1410,27711,15.80225,80.0,20.2142264979135,4.947010958362514,3426296.64,69259936.33
OUT0438,40.62,Critical,Critical,5,100.0,High,2,3,"Performance, Inventory, Inventory Wastage",Marketing Growth,Immediate management intervention required | Review outlet performance and revenue drivers | Review inventory levels and replenishment | Reduce inventory wastage and improve stock rotation,"Health: Critical | Risk Areas: Performance, Inventory, Inventory Wastage | Recommendation: Immediate management intervention required | Review outlet performance and revenue drivers | Review inventory levels and replenishment | Reduce inventory wastage and improve stock rotation",39.22,Critical,Unknown,,,74.5,4,16,0,40,72.7375,96.76,1306,22120,14.367249999999999,80.0,21.447336004034824,4.662583734464144,948819.38,20349648.05
OUT0505,40.66,Critical,Critical,5,100.0,High,2,3,"Performance, Inventory, Inventory Wastage",Marketing Growth,Immediate management intervention required | Review outlet performance and revenue drivers | Review inventory levels and replenishment | Reduce inventory wastage and improve stock rotation,"Health: Critical | Risk Areas: Performance, Inventory, Inventory Wastage | Recommendation: Immediate management intervention required | Review outlet performance and revenue drivers | Review inventory levels and replenishment | Reduce inventory wastage and improve stock rotation",24.95,Critical,Unknown,,,74.625,5,14,0,40,49.722500000000004,97.91749999999999,542,20791,20.533,80.0,20.91111277618332,4.782146271713232,966391.19,20208315.16
OUT0459,40.69,Critical,Critical,5,100.0,High,3,4,"Inventory, Inventory Wastage, Marketing, Audit",Marketing Growth,Immediate management intervention required | Review inventory levels and replenishment | Reduce inventory wastage and improve stock rotation | Review marketing effectiveness and conversion performance | Review audit findings and compliance issues,"Health: Critical | Risk Areas: Inventory, Inventory Wastage, Marketing, Audit | Recommendation: Immediate management intervention required | Review inventory levels and replenishment | Reduce inventory wastage and improve stock rotation | Review marketing effectiveness and conversion performance | Review audit findings and compliance issues",69.87,Good,Unknown,,,83.75,1,11,0,40,82.16,99.2675,695,40943,13.5605,52.5,18.817034033664044,5.314333801017634,7791755.53,146617728.99
OUT0578,40.74,Critical,Critical,5,100.0,High,2,3,"Inventory, Inventory Wastage, Audit",Marketing Growth,Immediate management intervention required | Review inventory levels and replenishment | Reduce inventory wastage and improve stock rotation | Review audit findings and compliance issues,"Health: Critical | Risk Areas: Inventory, Inventory Wastage, Audit | Recommendation: Immediate management intervention required | Review inventory levels and replenishment | Reduce inventory wastage and improve stock rotation | Review audit findings and compliance issues",51.32,Needs Improvement,Unknown,,,73.875,6,13,0,40,57.557500000000005,96.94,1457,35261,17.39725,80.0,20.39931528748152,4.90212532091051,1403245.85,28625254.52
OUT0087,40.77,Critical,Critical,5,100.0,High,2,3,"Inventory, Inventory Wastage, Audit",Marketing Growth,Immediate management intervention required | Review inventory levels and replenishment | Reduce inventory wastage and improve stock rotation | Review audit findings and compliance issues,"Health: Critical | Risk Areas: Inventory, Inventory Wastage, Audit | Recommendation: Immediate management intervention required | Review inventory levels and replenishment | Reduce inventory wastage and improve stock rotation | Review audit findings and compliance issues",58.09,Needs Improvement,Unknown,,,76.375,5,12,0,40,47.4425,99.27250000000001,573,65015,21.7155,80.0,19.465965510093515,5.137171333636028,4852085.06,94450520.43
OUT0114,40.84,Critical,Critical,5,100.0,High,2,3,"Performance, Inventory, Inventory Wastage",Marketing Growth,Immediate management intervention required | Review outlet performance and revenue drivers | Review inventory levels and replenishment | Reduce inventory wastage and improve stock rotation,"Health: Critical | Risk Areas: Performance, Inventory, Inventory Wastage | Recommendation: Immediate management intervention required | Review outlet performance and revenue drivers | Review inventory levels and replenishment | Reduce inventory wastage and improve stock rotation",43.29,Critical,Unknown,,,75.375,4,15,0,40,57.6625,99.33250000000001,140,15224,18.22525,80.0,20.27469801965983,4.932255952864634,1136709.76,23046447.12
OUT0350,40.84,Critical,Critical,5,100.0,High,2,3,"Performance, Inventory, Inventory Wastage",Marketing Growth,Immediate management intervention required | Review outlet performance and revenue drivers | Review inventory levels and replenishment | Reduce inventory wastage and improve stock rotation,"Health: Critical | Risk Areas: Performance, Inventory, Inventory Wastage | Recommendation: Immediate management intervention required | Review outlet performance and revenue drivers | Review inventory levels and replenishment | Reduce inventory wastage and improve stock rotation",40.9,Critical,Unknown,,,75.375,4,15,0,40,43.214999999999996,98.0525,682,30138,22.6595,80.0,20.69691786232532,4.831637283637791,1564023.58,32370467.57
OUT0479,40.84,Critical,Critical,5,100.0,High,2,3,"Performance, Inventory, Inventory Wastage",Marketing Growth,Immediate management intervention required | Review outlet performance and revenue drivers | Review inventory levels and replenishment | Reduce inventory wastage and improve stock rotation,"Health: Critical | Risk Areas: Performance, Inventory, Inventory Wastage | Recommendation: Immediate management intervention required | Review outlet performance and revenue drivers | Review inventory levels and replenishment | Reduce inventory wastage and improve stock rotation",36.4,Critical,Unknown,,,75.375,4,15,0,40,64.0625,99.2525,211,18249,16.6765,80.0,20.26140914171721,4.935490878277815,1376855.98,27897042.34
OUT0624,40.9,Critical,Critical,5,100.0,High,2,3,"Inventory, Inventory Wastage, Audit",Marketing Growth,Immediate management intervention required | Review inventory levels and replenishment | Reduce inventory wastage and improve stock rotation | Review audit findings and compliance issues,"Health: Critical | Risk Areas: Inventory, Inventory Wastage, Audit | Recommendation: Immediate management intervention required | Review inventory levels and replenishment | Reduce inventory wastage and improve stock rotation | Review audit findings and compliance issues",60.81,Needs Improvement,Unknown,,,73.625,4,17,0,40,56.765,99.35,700,79193,18.4,80.0,20.68715983032443,4.833916343287214,5289228.08,109419106.67
OUT0680,41.03,Critical,Critical,5,100.0,High,2,3,"Inventory, Inventory Wastage, Audit",Marketing Growth,Immediate management intervention required | Review inventory levels and replenishment | Reduce inventory wastage and improve stock rotation | Review audit findings and compliance issues,"Health: Critical | Risk Areas: Inventory, Inventory Wastage, Audit | Recommendation: Immediate management intervention required | Review inventory levels and replenishment | Reduce inventory wastage and improve stock rotation | Review audit findings and compliance issues",55.71,Needs Improvement,Unknown,,,80.25,1,15,0,40,80.46000000000001,97.9525,3021,66190,13.291749999999999,80.0,19.69368661579856,5.077769437022448,3372980.69,66426424.67
OUT0390,41.09,Critical,Critical,5,100.0,High,2,3,"Inventory, Inventory Wastage, Audit",Marketing Growth,Immediate management intervention required | Review inventory levels and replenishment | Reduce inventory wastage and improve stock rotation | Review audit findings and compliance issues,"Health: Critical | Risk Areas: Inventory, Inventory Wastage, Audit | Recommendation: Immediate management intervention required | Review inventory levels and replenishment | Reduce inventory wastage and improve stock rotation | Review audit findings and compliance issues",51.25,Needs Improvement,Unknown,,,75.375,4,15,0,40,46.4975,98.10249999999999,1763,76856,22.88975,80.0,20.44479764689004,4.891219846101607,2096282.83,42858078.27
OUT0285,41.12,Critical,Critical,5,100.0,High,2,3,"Inventory, Inventory Wastage, Audit",Marketing Growth,Immediate management intervention required | Review inventory levels and replenishment | Reduce inventory wastage and improve stock rotation | Review audit findings and compliance issues,"Health: Critical | Risk Areas: Inventory, Inventory Wastage, Audit | Recommendation: Immediate management intervention required | Review inventory levels and replenishment | Reduce inventory wastage and improve stock rotation | Review audit findings and compliance issues",50.81,Needs Improvement,Unknown,,,76.0,2,18,0,40,58.635000000000005,97.9025,1180,40131,17.98425,80.0,21.497419160904045,4.651721178785195,3566615.22,76673022.37
OUT0206,41.18,Critical,Critical,5,100.0,High,2,3,"Inventory, Inventory Wastage, Audit",Marketing Growth,Immediate management intervention required | Review inventory levels and replenishment | Reduce inventory wastage and improve stock rotation | Review audit findings and compliance issues,"Health: Critical | Risk Areas: Inventory, Inventory Wastage, Audit | Recommendation: Immediate management intervention required | Review inventory levels and replenishment | Reduce inventory wastage and improve stock rotation | Review audit findings and compliance issues",59.05,Needs Improvement,Unknown,,,76.875,2,17,0,40,52.425,96.66749999999999,3960,91502,20.027250000000002,80.0,19.323029432242684,5.17517195482498,3208784.36,62003434.63
OUT0367,41.18,Critical,Critical,5,100.0,High,2,3,"Inventory, Inventory Wastage, Audit",Marketing Growth,Immediate management intervention required | Review inventory levels and replenishment | Reduce inventory wastage and improve stock rotation | Review audit findings and compliance issues,"Health: Critical | Risk Areas: Inventory, Inventory Wastage, Audit | Recommendation: Immediate management intervention required | Review inventory levels and replenishment | Reduce inventory wastage and improve stock rotation | Review audit findings and compliance issues",52.48,Needs Improvement,Unknown,,,74.25,2,20,0,40,54.435,99.33250000000001,355,39998,18.50925,80.0,20.23686840247193,4.941476023423911,2951293.81,59724944.45
OUT0099,41.18,Critical,Critical,5,100.0,High,2,3,"Inventory, Inventory Wastage, Audit",Marketing Growth,Immediate management intervention required | Review inventory levels and replenishment | Reduce inventory wastage and improve stock rotation | Review audit findings and compliance issues,"Health: Critical | Risk Areas: Inventory, Inventory Wastage, Audit | Recommendation: Immediate management intervention required | Review inventory levels and replenishment | Reduce inventory wastage and improve stock rotation | Review audit findings and compliance issues",59.65,Needs Improvement,Unknown,,,76.125,3,16,0,40,65.9875,99.265,964,81490,16.159,80.0,20.45454244809309,4.888889607468227,2838742.95,58065188.17
OUT0186,41.19,Critical,Critical,5,100.0,High,2,3,"Performance, Inventory, Inventory Wastage",Marketing Growth,Immediate management intervention required | Review outlet performance and revenue drivers | Review inventory levels and replenishment | Reduce inventory wastage and improve stock rotation,"Health: Critical | Risk Areas: Performance, Inventory, Inventory Wastage | Recommendation: Immediate management intervention required | Review outlet performance and revenue drivers | Review inventory levels and replenishment | Reduce inventory wastage and improve stock rotation",36.44,Critical,Unknown,,,76.75,1,19,0,40,57.80749999999999,96.785,835,18605,18.107499999999998,80.0,19.5682102620446,5.110329389395647,1628438.84,31865633.62
OUT0609,41.19,Critical,Critical,5,100.0,High,2,3,"Performance, Inventory, Inventory Wastage",Marketing Growth,Immediate management intervention required | Review outlet performance and revenue drivers | Review inventory levels and replenishment | Reduce inventory wastage and improve stock rotation,"Health: Critical | Risk Areas: Performance, Inventory, Inventory Wastage | Recommendation: Immediate management intervention required | Review outlet performance and revenue drivers | Review inventory levels and replenishment | Reduce inventory wastage and improve stock rotation",32.3,Critical,Unknown,,,76.75,1,19,0,40,74.08250000000001,99.295,158,12053,14.214500000000001,80.0,21.21079776373784,4.71457986228886,1381848.72,29310113.74
OUT0142,41.22,Critical,Critical,5,100.0,High,2,3,"Performance, Inventory, Inventory Wastage",Marketing Growth,Immediate management intervention required | Review outlet performance and revenue drivers | Review inventory levels and replenishment | Reduce inventory wastage and improve stock rotation,"Health: Critical | Risk Areas: Performance, Inventory, Inventory Wastage | Recommendation: Immediate management intervention required | Review outlet performance and revenue drivers | Review inventory levels and replenishment | Reduce inventory wastage and improve stock rotation",32.13,Critical,Unknown,,,76.875,2,17,0,40,46.57,99.22,171,18512,20.9345,80.0,19.40970888490838,5.152060785298689,1105274.2,21453050.46
OUT0062,41.25,Critical,Critical,5,100.0,High,2,3,"Performance, Inventory, Inventory Wastage",Marketing Growth,Immediate management intervention required | Review outlet performance and revenue drivers | Review inventory levels and replenishment | Reduce inventory wastage and improve stock rotation,"Health: Critical | Risk Areas: Performance, Inventory, Inventory Wastage | Recommendation: Immediate management intervention required | Review outlet performance and revenue drivers | Review inventory levels and replenishment | Reduce inventory wastage and improve stock rotation",28.07,Critical,Unknown,,,77.0,3,15,0,40,68.94500000000001,99.325,204,18100,15.810749999999999,80.0,20.721238504854437,4.825966361835596,686802.96,14231407.94
OUT0255,41.26,Critical,Critical,5,100.0,High,2,3,"Inventory, Inventory Wastage, Audit",Marketing Growth,Immediate management intervention required | Review inventory levels and replenishment | Reduce inventory wastage and improve stock rotation | Review audit findings and compliance issues,"Health: Critical | Risk Areas: Inventory, Inventory Wastage, Audit | Recommendation: Immediate management intervention required | Review inventory levels and replenishment | Reduce inventory wastage and improve stock rotation | Review audit findings and compliance issues",54.84,Needs Improvement,Unknown,,,71.75,3,21,0,40,60.605,97.9275,980,32345,16.79825,80.0,22.28555814374675,4.487210926241022,2848982.38,63491162.48
OUT0235,41.47,Critical,Critical,5,100.0,High,2,3,"Performance, Inventory, Inventory Wastage",Marketing Growth,Immediate management intervention required | Review outlet performance and revenue drivers | Review inventory levels and replenishment | Reduce inventory wastage and improve stock rotation,"Health: Critical | Risk Areas: Performance, Inventory, Inventory Wastage | Recommendation: Immediate management intervention required | Review outlet performance and revenue drivers | Review inventory levels and replenishment | Reduce inventory wastage and improve stock rotation",39.12,Critical,Unknown,,,77.875,3,14,0,40,58.375,97.9375,1336,46657,18.11175,80.0,19.317061806412163,5.176770722284778,2248221.91,43429041.59
OUT0213,41.58,Critical,Critical,5,100.0,High,2,3,"Inventory, Inventory Wastage, Audit",Marketing Growth,Immediate management intervention required | Review inventory levels and replenishment | Reduce inventory wastage and improve stock rotation | Review audit findings and compliance issues,"Health: Critical | Risk Areas: Inventory, Inventory Wastage, Audit | Recommendation: Immediate management intervention required | Review inventory levels and replenishment | Reduce inventory wastage and improve stock rotation | Review audit findings and compliance issues",58.29,Needs Improvement,Unknown,,,79.375,1,16,0,40,75.435,96.75750000000001,1105,18048,14.48125,80.0,19.807198939764632,5.048669441050624,2583079.26,51163564.78
OUT0570,41.62,Critical,Critical,5,100.0,High,2,3,"Performance, Inventory, Inventory Wastage",Marketing Growth,Immediate management intervention required | Review outlet performance and revenue drivers | Review inventory levels and replenishment | Reduce inventory wastage and improve stock rotation,"Health: Critical | Risk Areas: Performance, Inventory, Inventory Wastage | Recommendation: Immediate management intervention required | Review outlet performance and revenue drivers | Review inventory levels and replenishment | Reduce inventory wastage and improve stock rotation",38.76,Critical,Unknown,,,78.5,1,17,0,40,62.845000000000006,98.07000000000001,588,20798,16.838749999999997,80.0,20.588328240792517,4.857120929414066,1369545.56,28196653.53
OUT0315,41.65,Critical,Critical,5,100.0,High,2,3,"Inventory, Inventory Wastage, Audit",Marketing Growth,Immediate management intervention required | Review inventory levels and replenishment | Reduce inventory wastage and improve stock rotation | Review audit findings and compliance issues,"Health: Critical | Risk Areas: Inventory, Inventory Wastage, Audit | Recommendation: Immediate management intervention required | Review inventory levels and replenishment | Reduce inventory wastage and improve stock rotation | Review audit findings and compliance issues",50.39,Needs Improvement,Unknown,,,78.625,2,15,0,40,49.144999999999996,98.0475,1054,43118,20.13325,80.0,20.09874641975891,4.975434681920801,3965085.63,79693250.61
OUT0590,41.66,Critical,Critical,5,100.0,High,2,3,"Performance, Inventory, Inventory Wastage",Marketing Growth,Immediate management intervention required | Review outlet performance and revenue drivers | Review inventory levels and replenishment | Reduce inventory wastage and improve stock rotation,"Health: Critical | Risk Areas: Performance, Inventory, Inventory Wastage | Recommendation: Immediate management intervention required | Review outlet performance and revenue drivers | Review inventory levels and replenishment | Reduce inventory wastage and improve stock rotation",47.94,Critical,Unknown,,,78.625,2,15,0,40,77.00750000000001,98.03,1271,32320,14.255,80.0,19.41176958104045,5.151513857740738,3699186.22,71807750.54
OUT0454,41.69,Critical,Critical,5,100.0,High,2,3,"Inventory, Inventory Wastage, Audit",Marketing Growth,Immediate management intervention required | Review inventory levels and replenishment | Reduce inventory wastage and improve stock rotation | Review audit findings and compliance issues,"Health: Critical | Risk Areas: Inventory, Inventory Wastage, Audit | Recommendation: Immediate management intervention required | Review inventory levels and replenishment | Reduce inventory wastage and improve stock rotation | Review audit findings and compliance issues",53.98,Needs Improvement,Unknown,,,74.5,4,16,0,40,39.4825,99.3725,491,69861,24.145249999999997,80.0,20.75276672487237,4.818634610302305,3278687.95,68041846.19
OUT0618,41.8,Critical,Critical,5,100.0,High,2,3,"Inventory, Inventory Wastage, Audit",Marketing Growth,Immediate management intervention required | Review inventory levels and replenishment | Reduce inventory wastage and improve stock rotation | Review audit findings and compliance issues,"Health: Critical | Risk Areas: Inventory, Inventory Wastage, Audit | Recommendation: Immediate management intervention required | Review inventory levels and replenishment | Reduce inventory wastage and improve stock rotation | Review audit findings and compliance issues",50.17,Needs Improvement,Unknown,,,79.5,2,14,0,40,54.9975,96.765,1937,45392,18.96275,80.0,20.378457570697314,4.907142734089574,2456496.77,50059615.2
OUT0679,41.91,Critical,Critical,5,100.0,High,2,3,"Performance, Inventory, Inventory Wastage",Marketing Growth,Immediate management intervention required | Review outlet performance and revenue drivers | Review inventory levels and replenishment | Reduce inventory wastage and improve stock rotation,"Health: Critical | Risk Areas: Performance, Inventory, Inventory Wastage | Recommendation: Immediate management intervention required | Review outlet performance and revenue drivers | Review inventory levels and replenishment | Reduce inventory wastage and improve stock rotation",47.58,Critical,Unknown,,,79.625,3,12,0,40,67.425,99.3425,705,65686,16.70175,80.0,20.183865076461387,4.954452460971955,3043825.89,61436171.08
OUT0190,41.96,Critical,Critical,5,100.0,High,2,3,"Inventory, Inventory Wastage, Audit",Marketing Growth,Immediate management intervention required | Review inventory levels and replenishment | Reduce inventory wastage and improve stock rotation | Review audit findings and compliance issues,"Health: Critical | Risk Areas: Inventory, Inventory Wastage, Audit | Recommendation: Immediate management intervention required | Review inventory levels and replenishment | Reduce inventory wastage and improve stock rotation | Review audit findings and compliance issues",54.14,Needs Improvement,Unknown,,,75.375,4,15,0,40,52.58,97.775,1056,36569,20.0045,80.0,19.789250808867195,5.053248400651523,3194714.8,63221012.44
OUT0455,41.99,Critical,Critical,5,100.0,High,2,3,"Inventory, Inventory Wastage, Audit",Marketing Growth,Immediate management intervention required | Review inventory levels and replenishment | Reduce inventory wastage and improve stock rotation | Review audit findings and compliance issues,"Health: Critical | Risk Areas: Inventory, Inventory Wastage, Audit | Recommendation: Immediate management intervention required | Review inventory levels and replenishment | Reduce inventory wastage and improve stock rotation | Review audit findings and compliance issues",51.62,Needs Improvement,Unknown,,,78.5,1,17,0,40,65.91499999999999,97.9025,688,20945,16.082749999999997,80.0,19.674096803608133,5.082825453093252,1852636.11,36448942.17
OUT0701,42.01,Critical,Critical,5,100.0,High,2,3,"Inventory, Inventory Wastage, Audit",Marketing Growth,Immediate management intervention required | Review inventory levels and replenishment | Reduce inventory wastage and improve stock rotation | Review audit findings and compliance issues,"Health: Critical | Risk Areas: Inventory, Inventory Wastage, Audit | Recommendation: Immediate management intervention required | Review inventory levels and replenishment | Reduce inventory wastage and improve stock rotation | Review audit findings and compliance issues",61.61,Needs Improvement,Unknown,,,77.125,4,13,0,40,63.015,96.8925,2073,44175,16.958750000000002,80.0,20.25946207689316,4.935965210747355,3123092.09,63272165.76
OUT0194,42.16,Critical,Critical,5,100.0,High,3,4,"Inventory, Inventory Wastage, Marketing, Audit",Marketing Growth,Immediate management intervention required | Review inventory levels and replenishment | Reduce inventory wastage and improve stock rotation | Review marketing effectiveness and conversion performance | Review audit findings and compliance issues,"Health: Critical | Risk Areas: Inventory, Inventory Wastage, Marketing, Audit | Recommendation: Immediate management intervention required | Review inventory levels and replenishment | Reduce inventory wastage and improve stock rotation | Review marketing effectiveness and conversion performance | Review audit findings and compliance issues",83.44,Excellent,Unknown,,,71.625,2,23,0,40,50.3975,99.2375,519,54275,19.66775,52.5,17.90574138631252,5.584800865963687,6388015.02,114382144.92
OUT0651,42.17,Critical,Critical,5,100.0,High,2,3,"Inventory, Inventory Wastage, Audit",Marketing Growth,Immediate management intervention required | Review inventory levels and replenishment | Reduce inventory wastage and improve stock rotation | Review audit findings and compliance issues,"Health: Critical | Risk Areas: Inventory, Inventory Wastage, Audit | Recommendation: Immediate management intervention required | Review inventory levels and replenishment | Reduce inventory wastage and improve stock rotation | Review audit findings and compliance issues",52.76,Needs Improvement,Unknown,,,77.875,3,14,0,40,58.1625,96.97999999999999,1844,44062,18.061,80.0,20.87417553081148,4.790608369293161,2071908.84,43249388.81
OUT0041,42.19,Critical,Critical,5,100.0,High,2,3,"Inventory, Inventory Wastage, Audit",Marketing Growth,Immediate management intervention required | Review inventory levels and replenishment | Reduce inventory wastage and improve stock rotation | Review audit findings and compliance issues,"Health: Critical | Risk Areas: Inventory, Inventory Wastage, Audit | Recommendation: Immediate management intervention required | Review inventory levels and replenishment | Reduce inventory wastage and improve stock rotation | Review audit findings and compliance issues",60.85,Needs Improvement,Unknown,,,78.75,3,13,0,40,44.239999999999995,97.0175,3312,95686,22.66225,80.0,20.998290143651275,4.762292516004428,4607164.8100000005,96742583.42
OUT0280,42.27,Critical,Critical,5,100.0,High,2,3,"Inventory, Inventory Wastage, Audit",Marketing Growth,Immediate management intervention required | Review inventory levels and replenishment | Reduce inventory wastage and improve stock rotation | Review audit findings and compliance issues,"Health: Critical | Risk Areas: Inventory, Inventory Wastage, Audit | Recommendation: Immediate management intervention required | Review inventory levels and replenishment | Reduce inventory wastage and improve stock rotation | Review audit findings and compliance issues",53.83,Needs Improvement,Unknown,,,77.0,3,15,0,40,42.2825,97.91499999999999,849,35659,24.11975,80.0,21.230338964094592,4.710240386134347,2166629.48,45998278.27
OUT0075,42.27,Critical,Critical,5,100.0,High,2,3,"Inventory, Inventory Wastage, Audit",Marketing Growth,Immediate management intervention required | Review inventory levels and replenishment | Reduce inventory wastage and improve stock rotation | Review audit findings and compliance issues,"Health: Critical | Risk Areas: Inventory, Inventory Wastage, Audit | Recommendation: Immediate management intervention required | Review inventory levels and replenishment | Reduce inventory wastage and improve stock rotation | Review audit findings and compliance issues",52.98,Needs Improvement,Unknown,,,78.0,4,12,0,40,69.07000000000001,98.095,752,23577,15.301750000000002,80.0,19.36559640008096,5.1637965562259645,2172148.85,42064957.95
OUT0304,42.28,Critical,Critical,5,100.0,High,2,3,"Performance, Inventory, Inventory Wastage",Marketing Growth,Immediate management intervention required | Review outlet performance and revenue drivers | Review inventory levels and replenishment | Reduce inventory wastage and improve stock rotation,"Health: Critical | Risk Areas: Performance, Inventory, Inventory Wastage | Recommendation: Immediate management intervention required | Review outlet performance and revenue drivers | Review inventory levels and replenishment | Reduce inventory wastage and improve stock rotation",49.89,Critical,Unknown,,,81.125,1,14,0,40,76.1225,99.2775,361,26046,14.222999999999999,80.0,19.44930446126136,5.141572039204667,2488222.3,48394193.08
OUT0385,42.28,Critical,Critical,5,100.0,High,2,3,"Performance, Inventory, Inventory Wastage",Marketing Growth,Immediate management intervention required | Review outlet performance and revenue drivers | Review inventory levels and replenishment | Reduce inventory wastage and improve stock rotation,"Health: Critical | Risk Areas: Performance, Inventory, Inventory Wastage | Recommendation: Immediate management intervention required | Review outlet performance and revenue drivers | Review inventory levels and replenishment | Reduce inventory wastage and improve stock rotation",44.8,Critical,Unknown,,,81.125,1,14,0,40,45.795,97.785,612,23272,22.720750000000002,80.0,21.72536736422368,4.602914110657357,1086945.8,23614296.81
OUT0212,42.32,Critical,Critical,5,100.0,High,2,3,"Inventory, Inventory Wastage, Audit",Marketing Growth,Immediate management intervention required | Review inventory levels and replenishment | Reduce inventory wastage and improve stock rotation | Review audit findings and compliance issues,"Health: Critical | Risk Areas: Inventory, Inventory Wastage, Audit | Recommendation: Immediate management intervention required | Review inventory levels and replenishment | Reduce inventory wastage and improve stock rotation | Review audit findings and compliance issues",63.46,Needs Improvement,Unknown,,,76.125,3,16,0,40,66.675,99.31,580,53060,15.72825,80.0,19.85290507740401,5.037046196015769,4101727.37,81431204.13
OUT0519,42.68,Critical,Critical,5,100.0,High,2,3,"Inventory, Inventory Wastage, Audit",Marketing Growth,Immediate management intervention required | Review inventory levels and replenishment | Reduce inventory wastage and improve stock rotation | Review audit findings and compliance issues,"Health: Critical | Risk Areas: Inventory, Inventory Wastage, Audit | Recommendation: Immediate management intervention required | Review inventory levels and replenishment | Reduce inventory wastage and improve stock rotation | Review audit findings and compliance issues",59.88,Needs Improvement,Unknown,,,71.375,7,14,0,40,55.3,99.29249999999999,544,56186,19.03975,80.0,19.5490635254366,5.115334546326645,3783775.49,73969267.42
OUT0130,42.76,Critical,Critical,5,100.0,High,2,3,"Inventory, Inventory Wastage, Audit",Marketing Growth,Immediate management intervention required | Review inventory levels and replenishment | Reduce inventory wastage and improve stock rotation | Review audit findings and compliance issues,"Health: Critical | Risk Areas: Inventory, Inventory Wastage, Audit | Recommendation: Immediate management intervention required | Review inventory levels and replenishment | Reduce inventory wastage and improve stock rotation | Review audit findings and compliance issues",51.17,Needs Improvement,Unknown,,,82.125,2,11,0,40,72.11,97.9425,833,23130,15.4245,80.0,20.364230102119254,4.910571109172119,1167864.95,23782670.57
OUT0542,42.86,Critical,Critical,5,100.0,High,2,3,"Inventory, Inventory Wastage, Audit",Marketing Growth,Immediate management intervention required | Review inventory levels and replenishment | Reduce inventory wastage and improve stock rotation | Review audit findings and compliance issues,"Health: Critical | Risk Areas: Inventory, Inventory Wastage, Audit | Recommendation: Immediate management intervention required | Review inventory levels and replenishment | Reduce inventory wastage and improve stock rotation | Review audit findings and compliance issues",60.79,Needs Improvement,Unknown,,,71.0,4,20,0,40,36.265,99.3,859,115616,25.42125,80.0,19.395908752810342,5.15572646141216,3757401.42,72878215.09
OUT0398,42.86,Critical,Critical,5,100.0,High,2,3,"Inventory, Inventory Wastage, Audit",Marketing Growth,Immediate management intervention required | Review inventory levels and replenishment | Reduce inventory wastage and improve stock rotation | Review audit findings and compliance issues,"Health: Critical | Risk Areas: Inventory, Inventory Wastage, Audit | Recommendation: Immediate management intervention required | Review inventory levels and replenishment | Reduce inventory wastage and improve stock rotation | Review audit findings and compliance issues",51.52,Needs Improvement,Unknown,,,82.125,2,11,0,40,51.532500000000006,96.8725,1983,49119,20.581,80.0,19.741994973931124,5.065344213289884,1740588.96,34362698.5
OUT0330,42.96,Critical,Critical,5,100.0,High,2,3,"Inventory, Inventory Wastage, Audit",Marketing Growth,Immediate management intervention required | Review inventory levels and replenishment | Reduce inventory wastage and improve stock rotation | Review audit findings and compliance issues,"Health: Critical | Risk Areas: Inventory, Inventory Wastage, Audit | Recommendation: Immediate management intervention required | Review inventory levels and replenishment | Reduce inventory wastage and improve stock rotation | Review audit findings and compliance issues",63.62,Needs Improvement,Unknown,,,68.0,8,16,0,40,53.782500000000006,98.20750000000001,768,32865,18.57475,80.0,19.603249346832044,5.101195124886802,2634942.48,51653434.45
OUT0014,43.0,Critical,Critical,5,100.0,High,2,3,"Inventory, Inventory Wastage, Audit",Marketing Growth,Immediate management intervention required | Review inventory levels and replenishment | Reduce inventory wastage and improve stock rotation | Review audit findings and compliance issues,"Health: Critical | Risk Areas: Inventory, Inventory Wastage, Audit | Recommendation: Immediate management intervention required | Review inventory levels and replenishment | Reduce inventory wastage and improve stock rotation | Review audit findings and compliance issues",59.39,Needs Improvement,Unknown,,,73.25,1,23,0,40,65.815,99.2875,216,19233,15.397499999999999,80.0,20.916925201676648,4.7808174019757095,2564597.86,53643501.61
OUT0101,43.02,Critical,Critical,5,100.0,High,2,3,"Inventory, Inventory Wastage, Audit",Marketing Growth,Immediate management intervention required | Review inventory levels and replenishment | Reduce inventory wastage and improve stock rotation | Review audit findings and compliance issues,"Health: Critical | Risk Areas: Inventory, Inventory Wastage, Audit | Recommendation: Immediate management intervention required | Review inventory levels and replenishment | Reduce inventory wastage and improve stock rotation | Review audit findings and compliance issues",52.79,Needs Improvement,Unknown,,,81.25,2,12,0,40,74.96000000000001,96.775,1748,29370,14.78925,80.0,19.566245094955228,5.110842653493237,1521043.71,29761114.03
OUT0510,43.13,Critical,Critical,5,100.0,High,2,3,"Inventory, Inventory Wastage, Audit",Marketing Growth,Immediate management intervention required | Review inventory levels and replenishment | Reduce inventory wastage and improve stock rotation | Review audit findings and compliance issues,"Health: Critical | Risk Areas: Inventory, Inventory Wastage, Audit | Recommendation: Immediate management intervention required | Review inventory levels and replenishment | Reduce inventory wastage and improve stock rotation | Review audit findings and compliance issues",58.24,Needs Improvement,Unknown,,,75.125,2,19,0,40,48.3075,97.975,581,23693,20.83725,80.0,19.500879625876276,5.127973810335568,2265502.93,44179299.93
OUT0488,43.16,Critical,Critical,5,100.0,High,2,3,"Inventory, Inventory Wastage, Audit",Marketing Growth,Immediate management intervention required | Review inventory levels and replenishment | Reduce inventory wastage and improve stock rotation | Review audit findings and compliance issues,"Health: Critical | Risk Areas: Inventory, Inventory Wastage, Audit | Recommendation: Immediate management intervention required | Review inventory levels and replenishment | Reduce inventory wastage and improve stock rotation | Review audit findings and compliance issues",54.69,Needs Improvement,Unknown,,,79.5,2,14,0,40,66.95750000000001,96.4975,1559,27927,16.557750000000002,80.0,19.5164378045608,5.123885875148333,3564054.42,69557646.42
OUT0615,43.28,Critical,Critical,5,100.0,High,3,4,"Inventory, Inventory Wastage, Marketing, Audit",Marketing Growth,Immediate management intervention required | Review inventory levels and replenishment | Reduce inventory wastage and improve stock rotation | Review marketing effectiveness and conversion performance | Review audit findings and compliance issues,"Health: Critical | Risk Areas: Inventory, Inventory Wastage, Marketing, Audit | Recommendation: Immediate management intervention required | Review inventory levels and replenishment | Reduce inventory wastage and improve stock rotation | Review marketing effectiveness and conversion performance | Review audit findings and compliance issues",90.21,Excellent,Unknown,,,76.125,3,16,0,40,69.675,97.8875,4841,136039,15.491999999999999,52.5,17.976127934128808,5.562933261625477,19270044.85,346400791.52
OUT0198,43.29,Critical,Critical,5,100.0,High,2,3,"Inventory, Inventory Wastage, Audit",Marketing Growth,Immediate management intervention required | Review inventory levels and replenishment | Reduce inventory wastage and improve stock rotation | Review audit findings and compliance issues,"Health: Critical | Risk Areas: Inventory, Inventory Wastage, Audit | Recommendation: Immediate management intervention required | Review inventory levels and replenishment | Reduce inventory wastage and improve stock rotation | Review audit findings and compliance issues",58.67,Needs Improvement,Unknown,,,75.25,3,17,0,40,45.5075,96.7875,2163,56865,22.149250000000002,80.0,21.29516565726252,4.695901483438139,4158496.22,88555865.89
OUT0034,43.38,Critical,Critical,5,100.0,High,2,3,"Inventory, Inventory Wastage, Audit",Marketing Growth,Immediate management intervention required | Review inventory levels and replenishment | Reduce inventory wastage and improve stock rotation | Review audit findings and compliance issues,"Health: Critical | Risk Areas: Inventory, Inventory Wastage, Audit | Recommendation: Immediate management intervention required | Review inventory levels and replenishment | Reduce inventory wastage and improve stock rotation | Review audit findings and compliance issues",55.53,Needs Improvement,Unknown,,,79.375,1,16,0,40,64.64750000000001,99.3175,513,49482,16.506,80.0,20.3407999112472,4.91622750512905,3950748.3,80361380.67
OUT0694,43.41,Critical,Critical,5,100.0,High,2,3,"Inventory, Inventory Wastage, Audit",Marketing Growth,Immediate management intervention required | Review inventory levels and replenishment | Reduce inventory wastage and improve stock rotation | Review audit findings and compliance issues,"Health: Critical | Risk Areas: Inventory, Inventory Wastage, Audit | Recommendation: Immediate management intervention required | Review inventory levels and replenishment | Reduce inventory wastage and improve stock rotation | Review audit findings and compliance issues",56.38,Needs Improvement,Unknown,,,78.5,1,17,0,40,79.39750000000001,99.28,442,28407,13.482499999999998,80.0,20.27472776140924,4.932248717555618,2660235.45,53935549.53
OUT0298,43.42,Critical,Critical,5,100.0,High,2,3,"Inventory, Inventory Wastage, Audit",Marketing Growth,Immediate management intervention required | Review inventory levels and replenishment | Reduce inventory wastage and improve stock rotation | Review audit findings and compliance issues,"Health: Critical | Risk Areas: Inventory, Inventory Wastage, Audit | Recommendation: Immediate management intervention required | Review inventory levels and replenishment | Reduce inventory wastage and improve stock rotation | Review audit findings and compliance issues",58.16,Needs Improvement,Unknown,,,76.375,5,12,0,40,58.935,96.58500000000001,5753,119545,18.10025,80.0,20.31735846572609,4.921899673557109,4518133.01,91796527.96
OUT0147,43.43,Critical,Critical,5,100.0,High,2,3,"Inventory, Inventory Wastage, Audit",Marketing Growth,Immediate management intervention required | Review inventory levels and replenishment | Reduce inventory wastage and improve stock rotation | Review audit findings and compliance issues,"Health: Critical | Risk Areas: Inventory, Inventory Wastage, Audit | Recommendation: Immediate management intervention required | Review inventory levels and replenishment | Reduce inventory wastage and improve stock rotation | Review audit findings and compliance issues",59.67,Needs Improvement,Unknown,,,74.625,5,14,0,40,40.82,99.2625,287,34853,24.091,80.0,19.44083051986993,5.143813166715937,2912202.45,56615634.27
OUT0534,43.53,Critical,Critical,5,100.0,High,2,3,"Inventory, Inventory Wastage, Audit",Marketing Growth,Immediate management intervention required | Review inventory levels and replenishment | Reduce inventory wastage and improve stock rotation | Review audit findings and compliance issues,"Health: Critical | Risk Areas: Inventory, Inventory Wastage, Audit | Recommendation: Immediate management intervention required | Review inventory levels and replenishment | Reduce inventory wastage and improve stock rotation | Review audit findings and compliance issues",56.57,Needs Improvement,Unknown,,,78.75,3,13,0,40,53.5425,99.315,531,59527,19.584,80.0,19.48327412934136,5.132607555390411,4113241.78,80139417.16
OUT0236,43.61,Critical,Critical,5,100.0,High,2,3,"Inventory, Inventory Wastage, Audit",Marketing Growth,Immediate management intervention required | Review inventory levels and replenishment | Reduce inventory wastage and improve stock rotation | Review audit findings and compliance issues,"Health: Critical | Risk Areas: Inventory, Inventory Wastage, Audit | Recommendation: Immediate management intervention required | Review inventory levels and replenishment | Reduce inventory wastage and improve stock rotation | Review audit findings and compliance issues",58.38,Needs Improvement,Unknown,,,76.875,2,17,0,40,69.8175,96.6375,824,14504,15.2865,80.0,21.16249421861752,4.725340924701866,1809493.67,38293399.33
OUT0500,43.63,Critical,Critical,5,100.0,High,2,3,"Inventory, Inventory Wastage, Audit",Marketing Growth,Immediate management intervention required | Review inventory levels and replenishment | Reduce inventory wastage and improve stock rotation | Review audit findings and compliance issues,"Health: Critical | Risk Areas: Inventory, Inventory Wastage, Audit | Recommendation: Immediate management intervention required | Review inventory levels and replenishment | Reduce inventory wastage and improve stock rotation | Review audit findings and compliance issues",54.82,Needs Improvement,Unknown,,,81.25,2,12,0,40,61.765,97.9675,1179,39626,17.37625,80.0,20.878952888186006,4.789512220058854,3045400.46,63584772.73
OUT0313,43.67,Critical,Critical,5,100.0,High,2,3,"Inventory, Inventory Wastage, Audit",Marketing Growth,Immediate management intervention required | Review inventory levels and replenishment | Reduce inventory wastage and improve stock rotation | Review audit findings and compliance issues,"Health: Critical | Risk Areas: Inventory, Inventory Wastage, Audit | Recommendation: Immediate management intervention required | Review inventory levels and replenishment | Reduce inventory wastage and improve stock rotation | Review audit findings and compliance issues",54.83,Needs Improvement,Unknown,,,81.375,3,10,0,40,49.885000000000005,96.8075,900,22451,21.52025,80.0,19.786101072492308,5.054052823930296,2389856.77,47285947.6
OUT0719,43.99,Critical,Critical,5,100.0,High,2,3,"Inventory, Inventory Wastage, Audit",Marketing Growth,Immediate management intervention required | Review inventory levels and replenishment | Reduce inventory wastage and improve stock rotation | Review audit findings and compliance issues,"Health: Critical | Risk Areas: Inventory, Inventory Wastage, Audit | Recommendation: Immediate management intervention required | Review inventory levels and replenishment | Reduce inventory wastage and improve stock rotation | Review audit findings and compliance issues",61.63,Needs Improvement,Unknown,,,74.5,4,16,0,40,48.475,99.27250000000001,397,44298,21.29925,80.0,19.468491867186312,5.136504701144708,4385679.59,85382567.42999999
OUT0714,44.0,Critical,Critical,5,100.0,High,2,3,"Inventory, Inventory Wastage, Audit",Marketing Growth,Immediate management intervention required | Review inventory levels and replenishment | Reduce inventory wastage and improve stock rotation | Review audit findings and compliance issues,"Health: Critical | Risk Areas: Inventory, Inventory Wastage, Audit | Recommendation: Immediate management intervention required | Review inventory levels and replenishment | Reduce inventory wastage and improve stock rotation | Review audit findings and compliance issues",64.88,Needs Improvement,Unknown,,,70.625,8,13,0,40,62.81,99.2475,507,44666,16.228749999999998,80.0,19.55209016473553,5.114542698885545,3848663.87,75249423.0
OUT0620,44.0,Critical,Critical,5,100.0,High,2,3,"Inventory, Inventory Wastage, Audit",Marketing Growth,Immediate management intervention required | Review inventory levels and replenishment | Reduce inventory wastage and improve stock rotation | Review audit findings and compliance issues,"Health: Critical | Risk Areas: Inventory, Inventory Wastage, Audit | Recommendation: Immediate management intervention required | Review inventory levels and replenishment | Reduce inventory wastage and improve stock rotation | Review audit findings and compliance issues",58.96,Needs Improvement,Unknown,,,77.75,2,16,0,40,47.652499999999996,98.0475,2059,87115,22.4035,80.0,20.51929412273223,4.8734619915221815,4522028.61,92788835.08
OUT0638,44.01,Critical,Critical,5,100.0,High,2,3,"Inventory, Inventory Wastage, Audit",Marketing Growth,Immediate management intervention required | Review inventory levels and replenishment | Reduce inventory wastage and improve stock rotation | Review audit findings and compliance issues,"Health: Critical | Risk Areas: Inventory, Inventory Wastage, Audit | Recommendation: Immediate management intervention required | Review inventory levels and replenishment | Reduce inventory wastage and improve stock rotation | Review audit findings and compliance issues",62.42,Needs Improvement,Unknown,,,73.625,4,17,0,40,50.5325,96.725,1932,46538,20.493000000000002,80.0,20.367721419195657,4.909729367456613,3552400.11,72354295.81
OUT0220,44.06,Critical,Critical,5,100.0,High,2,3,"Performance, Inventory, Inventory Wastage",Marketing Growth,Immediate management intervention required | Review outlet performance and revenue drivers | Review inventory levels and replenishment | Reduce inventory wastage and improve stock rotation,"Health: Critical | Risk Areas: Performance, Inventory, Inventory Wastage | Recommendation: Immediate management intervention required | Review outlet performance and revenue drivers | Review inventory levels and replenishment | Reduce inventory wastage and improve stock rotation",35.45,Critical,Unknown,,,77.75,2,16,0,40,73.4625,98.045,584,15770,14.535749999999998,80.0,20.512789259133804,4.875007427645299,933091.97,19140318.94
OUT0426,44.1,Critical,Critical,5,100.0,High,2,3,"Inventory, Inventory Wastage, Audit",Marketing Growth,Immediate management intervention required | Review inventory levels and replenishment | Reduce inventory wastage and improve stock rotation | Review audit findings and compliance issues,"Health: Critical | Risk Areas: Inventory, Inventory Wastage, Audit | Recommendation: Immediate management intervention required | Review inventory levels and replenishment | Reduce inventory wastage and improve stock rotation | Review audit findings and compliance issues",63.47,Needs Improvement,Unknown,,,72.75,4,18,0,40,45.6825,96.7225,1961,50525,21.081,80.0,19.38994371196967,5.157312547445337,3921679.24,76041139.72
OUT0511,44.11,Critical,Critical,5,100.0,High,2,3,"Inventory, Inventory Wastage, Audit",Marketing Growth,Immediate management intervention required | Review inventory levels and replenishment | Reduce inventory wastage and improve stock rotation | Review audit findings and compliance issues,"Health: Critical | Risk Areas: Inventory, Inventory Wastage, Audit | Recommendation: Immediate management intervention required | Review inventory levels and replenishment | Reduce inventory wastage and improve stock rotation | Review audit findings and compliance issues",60.78,Needs Improvement,Unknown,,,76.0,2,18,0,40,75.72,96.77000000000001,1018,15818,13.727500000000001,80.0,19.490551075145373,5.130691257238047,2739486.28,53394097.26
OUT0421,44.25,Critical,Critical,5,100.0,High,2,3,"Performance, Inventory, Inventory Wastage",Marketing Growth,Immediate management intervention required | Review outlet performance and revenue drivers | Review inventory levels and replenishment | Reduce inventory wastage and improve stock rotation,"Health: Critical | Risk Areas: Performance, Inventory, Inventory Wastage | Recommendation: Immediate management intervention required | Review outlet performance and revenue drivers | Review inventory levels and replenishment | Reduce inventory wastage and improve stock rotation",15.84,Critical,Unknown,,,78.5,1,17,0,40,78.025,96.60249999999999,672,9597,13.43975,80.0,19.40115043149542,5.154333520225796,717636.82,13922979.9
OUT0247,44.34,Critical,Critical,5,100.0,High,3,4,"Inventory, Inventory Wastage, Marketing, Audit",Marketing Growth,Immediate management intervention required | Review inventory levels and replenishment | Reduce inventory wastage and improve stock rotation | Review marketing effectiveness and conversion performance | Review audit findings and compliance issues,"Health: Critical | Risk Areas: Inventory, Inventory Wastage, Marketing, Audit | Recommendation: Immediate management intervention required | Review inventory levels and replenishment | Reduce inventory wastage and improve stock rotation | Review marketing effectiveness and conversion performance | Review audit findings and compliance issues",80.03,Excellent,Unknown,,,80.375,2,13,0,40,71.56,99.2975,648,53069,14.65225,52.5,18.935989402056396,5.280949301183084,6598487.65,124948892.21
OUT0279,44.35,Critical,Critical,5,100.0,High,2,3,"Inventory, Inventory Wastage, Marketing",Marketing Growth,Immediate management intervention required | Review inventory levels and replenishment | Reduce inventory wastage and improve stock rotation | Review marketing effectiveness and conversion performance,"Health: Critical | Risk Areas: Inventory, Inventory Wastage, Marketing | Recommendation: Immediate management intervention required | Review inventory levels and replenishment | Reduce inventory wastage and improve stock rotation | Review marketing effectiveness and conversion performance",56.99,Needs Improvement,Unknown,,,75.5,5,13,0,40,40.6625,99.29249999999999,483,61498,24.065,52.5,18.94862871986216,5.277426745671517,3480640.73,65953368.9
OUT0224,44.36,Critical,Critical,5,100.0,High,2,3,"Inventory, Inventory Wastage, Audit",Marketing Growth,Immediate management intervention required | Review inventory levels and replenishment | Reduce inventory wastage and improve stock rotation | Review audit findings and compliance issues,"Health: Critical | Risk Areas: Inventory, Inventory Wastage, Audit | Recommendation: Immediate management intervention required | Review inventory levels and replenishment | Reduce inventory wastage and improve stock rotation | Review audit findings and compliance issues",58.7,Needs Improvement,Unknown,,,72.0,5,17,0,40,46.8075,99.3075,758,87455,21.44025,92.5,22.109105616091224,4.52302330706761,2899386.13,64102834.17
OUT0047,44.47,Critical,Critical,5,100.0,High,2,3,"Inventory, Inventory Wastage, Audit",Marketing Growth,Immediate management intervention required | Review inventory levels and replenishment | Reduce inventory wastage and improve stock rotation | Review audit findings and compliance issues,"Health: Critical | Risk Areas: Inventory, Inventory Wastage, Audit | Recommendation: Immediate management intervention required | Review inventory levels and replenishment | Reduce inventory wastage and improve stock rotation | Review audit findings and compliance issues",52.1,Needs Improvement,Unknown,,,80.375,2,13,0,40,62.260000000000005,99.38,220,24083,17.719749999999998,92.5,21.9232122728223,4.561375347533705,1465712.74,32133131.53
OUT0435,44.53,Critical,Critical,5,100.0,High,3,4,"Inventory, Inventory Wastage, Marketing, Audit",Marketing Growth,Immediate management intervention required | Review inventory levels and replenishment | Reduce inventory wastage and improve stock rotation | Review marketing effectiveness and conversion performance | Review audit findings and compliance issues,"Health: Critical | Risk Areas: Inventory, Inventory Wastage, Marketing, Audit | Recommendation: Immediate management intervention required | Review inventory levels and replenishment | Reduce inventory wastage and improve stock rotation | Review marketing effectiveness and conversion performance | Review audit findings and compliance issues",83.14,Excellent,Unknown,,,81.125,1,14,0,40,61.675,98.00750000000001,1777,61243,17.1535,52.5,19.1900266277136,5.2110401897818805,7824006.34,150142890.0
OUT0165,44.61,Critical,Critical,5,100.0,High,2,3,"Inventory, Inventory Wastage, Audit",Marketing Growth,Immediate management intervention required | Review inventory levels and replenishment | Reduce inventory wastage and improve stock rotation | Review audit findings and compliance issues,"Health: Critical | Risk Areas: Inventory, Inventory Wastage, Audit | Recommendation: Immediate management intervention required | Review inventory levels and replenishment | Reduce inventory wastage and improve stock rotation | Review audit findings and compliance issues",64.34,Needs Improvement,Unknown,,,73.75,5,15,0,40,56.05499999999999,98.125,1931,75888,18.366999999999997,80.0,19.377372208906426,5.16065846916214,5144840.94,99693497.85
OUT0717,44.74,Critical,Critical,5,100.0,High,2,3,"Inventory, Inventory Wastage, Audit",Marketing Growth,Immediate management intervention required | Review inventory levels and replenishment | Reduce inventory wastage and improve stock rotation | Review audit findings and compliance issues,"Health: Critical | Risk Areas: Inventory, Inventory Wastage, Audit | Recommendation: Immediate management intervention required | Review inventory levels and replenishment | Reduce inventory wastage and improve stock rotation | Review audit findings and compliance issues",61.41,Needs Improvement,Unknown,,,77.75,2,16,0,40,63.25,99.3125,617,59493,16.566,80.0,19.895045620561717,5.0263770140164485,4539180.19,90307196.96
OUT0533,44.74,Critical,Critical,5,100.0,High,2,3,"Inventory, Inventory Wastage, Audit",Marketing Growth,Immediate management intervention required | Review inventory levels and replenishment | Reduce inventory wastage and improve stock rotation | Review audit findings and compliance issues,"Health: Critical | Risk Areas: Inventory, Inventory Wastage, Audit | Recommendation: Immediate management intervention required | Review inventory levels and replenishment | Reduce inventory wastage and improve stock rotation | Review audit findings and compliance issues",55.07,Needs Improvement,Unknown,,,77.875,3,14,0,40,46.4325,96.6425,2012,50270,22.329,92.5,22.131985887636315,4.518347359685578,1682482.15,37236671.2
OUT0160,44.77,Critical,Critical,5,100.0,High,2,3,"Inventory, Inventory Wastage, Audit",Marketing Growth,Immediate management intervention required | Review inventory levels and replenishment | Reduce inventory wastage and improve stock rotation | Review audit findings and compliance issues,"Health: Critical | Risk Areas: Inventory, Inventory Wastage, Audit | Recommendation: Immediate management intervention required | Review inventory levels and replenishment | Reduce inventory wastage and improve stock rotation | Review audit findings and compliance issues",63.62,Needs Improvement,Unknown,,,75.25,3,17,0,40,66.99249999999999,98.125,981,32483,15.40825,80.0,21.297822406166887,4.695315703780332,3517676.2,74918842.99
OUT0406,44.78,Critical,Critical,5,100.0,High,2,3,"Inventory, Inventory Wastage, Audit",Marketing Growth,Immediate management intervention required | Review inventory levels and replenishment | Reduce inventory wastage and improve stock rotation | Review audit findings and compliance issues,"Health: Critical | Risk Areas: Inventory, Inventory Wastage, Audit | Recommendation: Immediate management intervention required | Review inventory levels and replenishment | Reduce inventory wastage and improve stock rotation | Review audit findings and compliance issues",58.0,Needs Improvement,Unknown,,,82.0,1,13,0,40,67.5,96.77000000000001,3209,61662,16.413,80.0,21.642241325257825,4.620593518809619,2801394.21,60628449.54
OUT0070,44.79,Critical,Critical,5,100.0,High,2,3,"Inventory, Inventory Wastage, Audit",Marketing Growth,Immediate management intervention required | Review inventory levels and replenishment | Reduce inventory wastage and improve stock rotation | Review audit findings and compliance issues,"Health: Critical | Risk Areas: Inventory, Inventory Wastage, Audit | Recommendation: Immediate management intervention required | Review inventory levels and replenishment | Reduce inventory wastage and improve stock rotation | Review audit findings and compliance issues",58.66,Needs Improvement,Unknown,,,81.25,2,12,0,40,62.545,98.065,1024,36318,17.33325,80.0,19.869022008822025,5.0329603518280415,3050102.36,60602550.92
OUT0048,44.81,Critical,Critical,5,100.0,High,2,3,"Inventory, Inventory Wastage, Marketing",Marketing Growth,Immediate management intervention required | Review inventory levels and replenishment | Reduce inventory wastage and improve stock rotation | Review marketing effectiveness and conversion performance,"Health: Critical | Risk Areas: Inventory, Inventory Wastage, Marketing | Recommendation: Immediate management intervention required | Review inventory levels and replenishment | Reduce inventory wastage and improve stock rotation | Review marketing effectiveness and conversion performance",57.79,Needs Improvement,Unknown,,,76.375,5,12,0,40,73.6975,97.0025,1576,28107,14.421000000000001,52.5,19.00996700593137,5.260398398839862,3681889.05,69992589.36
OUT0420,44.81,Critical,Critical,5,100.0,High,2,3,"Inventory, Inventory Wastage, Audit",Marketing Growth,Immediate management intervention required | Review inventory levels and replenishment | Reduce inventory wastage and improve stock rotation | Review audit findings and compliance issues,"Health: Critical | Risk Areas: Inventory, Inventory Wastage, Audit | Recommendation: Immediate management intervention required | Review inventory levels and replenishment | Reduce inventory wastage and improve stock rotation | Review audit findings and compliance issues",61.65,Needs Improvement,Unknown,,,77.75,2,16,0,40,63.98,98.0275,1257,42314,16.594,80.0,20.401539642084774,4.901590848257238,4291676.66,87556811.51
OUT0603,44.85,Critical,Critical,5,100.0,High,2,3,"Inventory, Inventory Wastage, Marketing",Marketing Growth,Immediate management intervention required | Review inventory levels and replenishment | Reduce inventory wastage and improve stock rotation | Review marketing effectiveness and conversion performance,"Health: Critical | Risk Areas: Inventory, Inventory Wastage, Marketing | Recommendation: Immediate management intervention required | Review inventory levels and replenishment | Reduce inventory wastage and improve stock rotation | Review marketing effectiveness and conversion performance",57.64,Needs Improvement,Unknown,,,76.75,1,19,0,40,71.30499999999999,96.97,1036,19925,15.203999999999999,52.5,19.11644257611263,5.231098809406997,1730365.96,33078441.51
OUT0560,44.97,Critical,Critical,5,100.0,High,3,4,"Inventory, Inventory Wastage, Marketing, Audit",Marketing Growth,Immediate management intervention required | Review inventory levels and replenishment | Reduce inventory wastage and improve stock rotation | Review marketing effectiveness and conversion performance | Review audit findings and compliance issues,"Health: Critical | Risk Areas: Inventory, Inventory Wastage, Marketing, Audit | Recommendation: Immediate management intervention required | Review inventory levels and replenishment | Reduce inventory wastage and improve stock rotation | Review marketing effectiveness and conversion performance | Review audit findings and compliance issues",81.28,Excellent,Unknown,,,82.875,1,12,0,40,79.7525,97.98249999999999,2952,68993,13.66625,52.5,18.519515449486224,5.39970931057887,12762141.87,236348683.53
OUT0683,44.98,Critical,Critical,5,100.0,High,2,3,"Inventory, Inventory Wastage, Audit",Marketing Growth,Immediate management intervention required | Review inventory levels and replenishment | Reduce inventory wastage and improve stock rotation | Review audit findings and compliance issues,"Health: Critical | Risk Areas: Inventory, Inventory Wastage, Audit | Recommendation: Immediate management intervention required | Review inventory levels and replenishment | Reduce inventory wastage and improve stock rotation | Review audit findings and compliance issues",55.35,Needs Improvement,Unknown,,,78.5,1,17,0,40,77.175,96.69,1549,23108,13.797749999999999,92.5,20.90184340537219,4.784267017056401,1561919.61,32646999.1
OUT0103,45.24,Critical,Critical,5,100.0,High,2,3,"Inventory, Inventory Wastage, Audit",Marketing Growth,Immediate management intervention required | Review inventory levels and replenishment | Reduce inventory wastage and improve stock rotation | Review audit findings and compliance issues,"Health: Critical | Risk Areas: Inventory, Inventory Wastage, Audit | Recommendation: Immediate management intervention required | Review inventory levels and replenishment | Reduce inventory wastage and improve stock rotation | Review audit findings and compliance issues",59.46,Needs Improvement,Unknown,,,82.125,2,11,0,40,74.1525,96.9475,3426,60499,14.47175,80.0,19.84447460872215,5.039186069257156,4019080.71,79756545.1
OUT0149,45.24,Critical,Critical,5,100.0,High,2,3,"Inventory, Inventory Wastage, Audit",Marketing Growth,Immediate management intervention required | Review inventory levels and replenishment | Reduce inventory wastage and improve stock rotation | Review audit findings and compliance issues,"Health: Critical | Risk Areas: Inventory, Inventory Wastage, Audit | Recommendation: Immediate management intervention required | Review inventory levels and replenishment | Reduce inventory wastage and improve stock rotation | Review audit findings and compliance issues",57.56,Needs Improvement,Unknown,,,76.875,2,17,0,40,72.36749999999999,99.3075,681,55259,14.883750000000001,92.5,20.761555711485904,4.816594738354653,4192427.49,87041316.9
OUT0266,45.28,Critical,Critical,5,100.0,High,2,3,"Inventory, Inventory Wastage, Audit",Marketing Growth,Immediate management intervention required | Review inventory levels and replenishment | Reduce inventory wastage and improve stock rotation | Review audit findings and compliance issues,"Health: Critical | Risk Areas: Inventory, Inventory Wastage, Audit | Recommendation: Immediate management intervention required | Review inventory levels and replenishment | Reduce inventory wastage and improve stock rotation | Review audit findings and compliance issues",63.22,Needs Improvement,Unknown,,,77.75,2,16,0,40,62.205,96.8175,2006,42496,17.1415,80.0,20.57560771176788,4.860123764062951,4263738.81,87729017.14
OUT0109,45.4,Critical,Critical,5,100.0,High,2,3,"Inventory, Inventory Wastage, Audit",Marketing Growth,Immediate management intervention required | Review inventory levels and replenishment | Reduce inventory wastage and improve stock rotation | Review audit findings and compliance issues,"Health: Critical | Risk Areas: Inventory, Inventory Wastage, Audit | Recommendation: Immediate management intervention required | Review inventory levels and replenishment | Reduce inventory wastage and improve stock rotation | Review audit findings and compliance issues",59.77,Needs Improvement,Unknown,,,82.375,4,7,0,40,61.92,99.2175,778,68173,17.760749999999998,80.0,19.90733658551716,5.0232736845747255,6555006.67,130492724.1
OUT0708,45.4,Critical,Critical,5,100.0,High,2,3,"Inventory, Inventory Wastage, Audit",Marketing Growth,Immediate management intervention required | Review inventory levels and replenishment | Reduce inventory wastage and improve stock rotation | Review audit findings and compliance issues,"Health: Critical | Risk Areas: Inventory, Inventory Wastage, Audit | Recommendation: Immediate management intervention required | Review inventory levels and replenishment | Reduce inventory wastage and improve stock rotation | Review audit findings and compliance issues",61.33,Needs Improvement,Unknown,,,80.5,3,11,0,40,65.865,96.83250000000001,2815,57310,16.79325,80.0,21.16914327389875,4.723856733649612,4112198.28,87051714.56
OUT0013,45.47,Critical,Critical,5,100.0,High,2,3,"Inventory, Inventory Wastage, Marketing",Marketing Growth,Immediate management intervention required | Review inventory levels and replenishment | Reduce inventory wastage and improve stock rotation | Review marketing effectiveness and conversion performance,"Health: Critical | Risk Areas: Inventory, Inventory Wastage, Marketing | Recommendation: Immediate management intervention required | Review inventory levels and replenishment | Reduce inventory wastage and improve stock rotation | Review marketing effectiveness and conversion performance",62.49,Needs Improvement,Unknown,,,73.375,2,21,0,40,65.37,97.05499999999999,1621,35162,15.888,52.5,18.781463658455525,5.324398663411912,3133441.4,58850615.78
OUT0199,45.81,Critical,Critical,5,100.0,High,2,3,"Inventory, Inventory Wastage, Audit",Marketing Growth,Immediate management intervention required | Review inventory levels and replenishment | Reduce inventory wastage and improve stock rotation | Review audit findings and compliance issues,"Health: Critical | Risk Areas: Inventory, Inventory Wastage, Audit | Recommendation: Immediate management intervention required | Review inventory levels and replenishment | Reduce inventory wastage and improve stock rotation | Review audit findings and compliance issues",66.0,Good,Unknown,,,70.25,5,19,0,40,50.975,99.2875,478,53072,19.64775,80.0,21.215079895298462,4.713628253748,5580861.56,118398423.88
OUT0074,45.82,Critical,Critical,5,100.0,High,2,3,"Inventory, Inventory Wastage, Audit",Marketing Growth,Immediate management intervention required | Review inventory levels and replenishment | Reduce inventory wastage and improve stock rotation | Review audit findings and compliance issues,"Health: Critical | Risk Areas: Inventory, Inventory Wastage, Audit | Recommendation: Immediate management intervention required | Review inventory levels and replenishment | Reduce inventory wastage and improve stock rotation | Review audit findings and compliance issues",60.33,Needs Improvement,Unknown,,,75.875,1,20,0,40,43.480000000000004,99.33500000000001,657,85093,22.080750000000002,92.5,22.517913642713832,4.440908762093828,2392009.86,53863071.46
OUT0470,45.88,Critical,Critical,5,100.0,High,2,3,"Inventory, Inventory Wastage, Audit",Marketing Growth,Immediate management intervention required | Review inventory levels and replenishment | Reduce inventory wastage and improve stock rotation | Review audit findings and compliance issues,"Health: Critical | Risk Areas: Inventory, Inventory Wastage, Audit | Recommendation: Immediate management intervention required | Review inventory levels and replenishment | Reduce inventory wastage and improve stock rotation | Review audit findings and compliance issues",66.5,Good,Unknown,,,75.0,1,21,0,40,70.675,97.9375,1931,52976,14.172749999999999,80.0,19.51973911082891,5.123019289972134,6825017.66,133222564.15
OUT0295,45.9,Critical,Critical,5,100.0,High,2,3,"Inventory, Inventory Wastage, Audit",Marketing Growth,Immediate management intervention required | Review inventory levels and replenishment | Reduce inventory wastage and improve stock rotation | Review audit findings and compliance issues,"Health: Critical | Risk Areas: Inventory, Inventory Wastage, Audit | Recommendation: Immediate management intervention required | Review inventory levels and replenishment | Reduce inventory wastage and improve stock rotation | Review audit findings and compliance issues",64.68,Needs Improvement,Unknown,,,78.5,1,17,0,40,64.04249999999999,97.85,1628,49814,16.782,80.0,20.467029341187736,4.885906905833205,5231368.32,107070568.9
OUT0576,45.94,Critical,Critical,5,100.0,High,2,3,"Inventory, Inventory Wastage, Audit",Marketing Growth,Immediate management intervention required | Review inventory levels and replenishment | Reduce inventory wastage and improve stock rotation | Review audit findings and compliance issues,"Health: Critical | Risk Areas: Inventory, Inventory Wastage, Audit | Recommendation: Immediate management intervention required | Review inventory levels and replenishment | Reduce inventory wastage and improve stock rotation | Review audit findings and compliance issues",67.88,Good,Unknown,,,75.25,3,17,0,40,55.339999999999996,96.47,2325,49425,19.08325,80.0,21.13316731656612,4.73189837103172,4544308.0600000005,96035622.57
OUT0407,46.02,Critical,Critical,5,100.0,High,2,3,"Inventory, Inventory Wastage, Audit",Marketing Growth,Immediate management intervention required | Review inventory levels and replenishment | Reduce inventory wastage and improve stock rotation | Review audit findings and compliance issues,"Health: Critical | Risk Areas: Inventory, Inventory Wastage, Audit | Recommendation: Immediate management intervention required | Review inventory levels and replenishment | Reduce inventory wastage and improve stock rotation | Review audit findings and compliance issues",64.85,Needs Improvement,Unknown,,,78.75,3,13,0,40,62.235,99.35249999999999,268,27907,17.2885,80.0,21.785383414508324,4.59023364874099,2823470.23,61510381.52
OUT0001,46.06,Critical,Critical,5,100.0,High,2,3,"Inventory, Inventory Wastage, Audit",Marketing Growth,Immediate management intervention required | Review inventory levels and replenishment | Reduce inventory wastage and improve stock rotation | Review audit findings and compliance issues,"Health: Critical | Risk Areas: Inventory, Inventory Wastage, Audit | Recommendation: Immediate management intervention required | Review inventory levels and replenishment | Reduce inventory wastage and improve stock rotation | Review audit findings and compliance issues",65.99,Good,Unknown,,,71.25,6,16,0,40,41.197500000000005,96.5625,1266,32999,23.075,80.0,21.18966194535099,4.719282462264104,2926886.83,62019742.48
OUT0597,46.19,Critical,Critical,5,100.0,High,2,3,"Inventory, Inventory Wastage, Audit",Marketing Growth,Immediate management intervention required | Review inventory levels and replenishment | Reduce inventory wastage and improve stock rotation | Review audit findings and compliance issues,"Health: Critical | Risk Areas: Inventory, Inventory Wastage, Audit | Recommendation: Immediate management intervention required | Review inventory levels and replenishment | Reduce inventory wastage and improve stock rotation | Review audit findings and compliance issues",71.16,Good,Unknown,,,71.75,3,21,0,40,58.504999999999995,99.315,700,71537,17.798,80.0,19.48052760444331,5.133331192590031,8367046.29,162994476.22
OUT0666,46.22,Critical,Critical,5,100.0,High,2,3,"Inventory, Inventory Wastage, Marketing",Marketing Growth,Immediate management intervention required | Review inventory levels and replenishment | Reduce inventory wastage and improve stock rotation | Review marketing effectiveness and conversion performance,"Health: Critical | Risk Areas: Inventory, Inventory Wastage, Marketing | Recommendation: Immediate management intervention required | Review inventory levels and replenishment | Reduce inventory wastage and improve stock rotation | Review marketing effectiveness and conversion performance",63.55,Needs Improvement,Unknown,,,75.125,2,19,0,40,67.1225,96.7025,2610,48894,15.6405,52.5,17.814149113437033,5.613515378322,7880529.37,140384925.29
OUT0457,46.38,Critical,Critical,5,100.0,High,2,4,"Inventory, Inventory Wastage, Inventory Overstock, Audit",Marketing Growth,Immediate management intervention required | Review inventory levels and replenishment | Reduce inventory wastage and improve stock rotation | Reduce excess inventory and avoid unnecessary replenishment | Review audit findings and compliance issues,"Health: Critical | Risk Areas: Inventory, Inventory Wastage, Inventory Overstock, Audit | Recommendation: Immediate management intervention required | Review inventory levels and replenishment | Reduce inventory wastage and improve stock rotation | Reduce excess inventory and avoid unnecessary replenishment | Review audit findings and compliance issues",76.53,Good,Unknown,,,74.0,5,14,1,40,44.075,99.365,1013,136052,22.6135,80.0,20.598422661536866,4.854740658697549,9464048.68,194944474.8
OUT0728,46.44,Critical,Critical,5,100.0,High,2,3,"Inventory, Inventory Wastage, Audit",Marketing Growth,Immediate management intervention required | Review inventory levels and replenishment | Reduce inventory wastage and improve stock rotation | Review audit findings and compliance issues,"Health: Critical | Risk Areas: Inventory, Inventory Wastage, Audit | Recommendation: Immediate management intervention required | Review inventory levels and replenishment | Reduce inventory wastage and improve stock rotation | Review audit findings and compliance issues",67.27,Good,Unknown,,,77.25,5,11,0,40,46.125,96.745,1956,50224,22.196,80.0,20.842025697850865,4.797998114468862,4640603.63,96719580.11
OUT0581,46.81,Critical,Critical,5,100.0,High,2,3,"Inventory, Inventory Wastage, Audit",Marketing Growth,Immediate management intervention required | Review inventory levels and replenishment | Reduce inventory wastage and improve stock rotation | Review audit findings and compliance issues,"Health: Critical | Risk Areas: Inventory, Inventory Wastage, Audit | Recommendation: Immediate management intervention required | Review inventory levels and replenishment | Reduce inventory wastage and improve stock rotation | Review audit findings and compliance issues",74.94,Good,Unknown,,,74.25,2,20,0,40,42.6025,96.91,2835,80488,23.03725,80.0,19.98730409378796,5.003175992658256,7388449.35,147675183.94
OUT0514,47.11,Critical,Critical,5,100.0,High,2,3,"Inventory, Inventory Wastage, Marketing",Marketing Growth,Immediate management intervention required | Review inventory levels and replenishment | Reduce inventory wastage and improve stock rotation | Review marketing effectiveness and conversion performance,"Health: Critical | Risk Areas: Inventory, Inventory Wastage, Marketing | Recommendation: Immediate management intervention required | Review inventory levels and replenishment | Reduce inventory wastage and improve stock rotation | Review marketing effectiveness and conversion performance",63.61,Needs Improvement,Unknown,,,78.625,2,15,0,40,75.1225,99.3,637,48775,14.76425,52.5,18.956254760853238,5.275303653679053,4665484.61,88440114.85
OUT0536,47.25,Critical,Critical,5,100.0,High,2,3,"Inventory, Inventory Wastage, Audit",Marketing Growth,Immediate management intervention required | Review inventory levels and replenishment | Reduce inventory wastage and improve stock rotation | Review audit findings and compliance issues,"Health: Critical | Risk Areas: Inventory, Inventory Wastage, Audit | Recommendation: Immediate management intervention required | Review inventory levels and replenishment | Reduce inventory wastage and improve stock rotation | Review audit findings and compliance issues",73.46,Good,Unknown,,,76.0,2,18,0,40,43.75,96.9725,3218,91237,22.63975,80.0,21.256007228503115,4.704552408408367,4735409.18,100655891.76
OUT0531,47.37,Critical,Critical,5,100.0,High,2,3,"Inventory, Inventory Wastage, Marketing",Marketing Growth,Immediate management intervention required | Review inventory levels and replenishment | Reduce inventory wastage and improve stock rotation | Review marketing effectiveness and conversion performance,"Health: Critical | Risk Areas: Inventory, Inventory Wastage, Marketing | Recommendation: Immediate management intervention required | Review inventory levels and replenishment | Reduce inventory wastage and improve stock rotation | Review marketing effectiveness and conversion performance",63.0,Needs Improvement,Unknown,,,80.375,2,13,0,40,69.1925,96.76,5361,99333,16.04475,52.5,19.197130534267863,5.209111842079464,5350576.53,102715716.08
OUT0740,47.45,Critical,Critical,5,100.0,High,2,3,"Inventory, Inventory Wastage, Audit",Marketing Growth,Immediate management intervention required | Review inventory levels and replenishment | Reduce inventory wastage and improve stock rotation | Review audit findings and compliance issues,"Health: Critical | Risk Areas: Inventory, Inventory Wastage, Audit | Recommendation: Immediate management intervention required | Review inventory levels and replenishment | Reduce inventory wastage and improve stock rotation | Review audit findings and compliance issues",63.38,Needs Improvement,Unknown,,,78.75,3,13,0,40,75.08250000000001,97.97999999999999,1935,48210,14.12425,92.5,21.73439287488707,4.601002686187046,5235408.95,113788434.98
OUT0082,47.47,Critical,Critical,5,100.0,High,2,3,"Inventory, Inventory Wastage, Audit",Marketing Growth,Immediate management intervention required | Review inventory levels and replenishment | Reduce inventory wastage and improve stock rotation | Review audit findings and compliance issues,"Health: Critical | Risk Areas: Inventory, Inventory Wastage, Audit | Recommendation: Immediate management intervention required | Review inventory levels and replenishment | Reduce inventory wastage and improve stock rotation | Review audit findings and compliance issues",71.64,Good,Unknown,,,76.875,2,17,0,40,58.015,99.2475,840,80022,18.316,80.0,19.97006185275502,5.007495757265482,6929903.12,138390593.94
OUT0314,47.49,Critical,Critical,5,100.0,High,2,3,"Inventory, Inventory Wastage, Marketing",Marketing Growth,Immediate management intervention required | Review inventory levels and replenishment | Reduce inventory wastage and improve stock rotation | Review marketing effectiveness and conversion performance,"Health: Critical | Risk Areas: Inventory, Inventory Wastage, Marketing | Recommendation: Immediate management intervention required | Review inventory levels and replenishment | Reduce inventory wastage and improve stock rotation | Review marketing effectiveness and conversion performance",64.65,Needs Improvement,Unknown,,,78.875,4,11,0,40,54.35,99.25750000000001,929,95847,19.442,52.5,17.52229303483296,5.707015617260124,3555542.15,62301251.45
OUT0044,47.5,Critical,Critical,5,100.0,High,2,3,"Inventory, Inventory Wastage, Audit",Marketing Growth,Immediate management intervention required | Review inventory levels and replenishment | Reduce inventory wastage and improve stock rotation | Review audit findings and compliance issues,"Health: Critical | Risk Areas: Inventory, Inventory Wastage, Audit | Recommendation: Immediate management intervention required | Review inventory levels and replenishment | Reduce inventory wastage and improve stock rotation | Review audit findings and compliance issues",79.23,Good,Unknown,,,77.0,3,15,0,40,55.4525,99.285,841,89738,18.566,80.0,19.49747453095164,5.128869374402981,8429711.31,164358081.57
OUT0580,47.66,Critical,Critical,5,100.0,High,2,3,"Inventory, Inventory Wastage, Audit",Marketing Growth,Immediate management intervention required | Review inventory levels and replenishment | Reduce inventory wastage and improve stock rotation | Review audit findings and compliance issues,"Health: Critical | Risk Areas: Inventory, Inventory Wastage, Audit | Recommendation: Immediate management intervention required | Review inventory levels and replenishment | Reduce inventory wastage and improve stock rotation | Review audit findings and compliance issues",72.71,Good,Unknown,,,77.625,1,18,0,40,47.445,97.89500000000001,1013,40159,21.46425,80.0,20.61614265036418,4.850567911559999,2603128.3,53666464.37
OUT0532,47.66,Critical,Critical,5,100.0,High,2,4,"Inventory, Inventory Wastage, Inventory Overstock, Audit",Marketing Growth,Immediate management intervention required | Review inventory levels and replenishment | Reduce inventory wastage and improve stock rotation | Reduce excess inventory and avoid unnecessary replenishment | Review audit findings and compliance issues,"Health: Critical | Risk Areas: Inventory, Inventory Wastage, Inventory Overstock, Audit | Recommendation: Immediate management intervention required | Review inventory levels and replenishment | Reduce inventory wastage and improve stock rotation | Reduce excess inventory and avoid unnecessary replenishment | Review audit findings and compliance issues",66.68,Good,Unknown,,,79.125,4,10,1,40,46.275,99.3425,381,48765,22.430500000000002,80.0,20.470749851711624,4.885018903772041,4790176.57,98058506.31
OUT0639,47.77,Critical,Critical,5,100.0,High,2,3,"Inventory, Inventory Wastage, Marketing",Marketing Growth,Immediate management intervention required | Review inventory levels and replenishment | Reduce inventory wastage and improve stock rotation | Review marketing effectiveness and conversion performance,"Health: Critical | Risk Areas: Inventory, Inventory Wastage, Marketing | Recommendation: Immediate management intervention required | Review inventory levels and replenishment | Reduce inventory wastage and improve stock rotation | Review marketing effectiveness and conversion performance",58.52,Needs Improvement,Unknown,,,76.875,2,17,0,40,73.2375,99.30499999999999,377,29923,14.997,52.5,19.044633170965657,5.250823111282301,2954255.93,56262720.48
OUT0086,48.09,Critical,Critical,5,100.0,High,2,3,"Inventory, Inventory Wastage, Audit",Marketing Growth,Immediate management intervention required | Review inventory levels and replenishment | Reduce inventory wastage and improve stock rotation | Review audit findings and compliance issues,"Health: Critical | Risk Areas: Inventory, Inventory Wastage, Audit | Recommendation: Immediate management intervention required | Review inventory levels and replenishment | Reduce inventory wastage and improve stock rotation | Review audit findings and compliance issues",77.26,Good,Unknown,,,79.375,1,16,0,40,71.775,96.66749999999999,6192,105055,15.2315,80.0,20.08708917144866,4.978322102643809,11438131.21,229758761.57
OUT0737,48.28,Critical,Critical,5,100.0,High,2,3,"Inventory, Inventory Wastage, Audit",Marketing Growth,Immediate management intervention required | Review inventory levels and replenishment | Reduce inventory wastage and improve stock rotation | Review audit findings and compliance issues,"Health: Critical | Risk Areas: Inventory, Inventory Wastage, Audit | Recommendation: Immediate management intervention required | Review inventory levels and replenishment | Reduce inventory wastage and improve stock rotation | Review audit findings and compliance issues",77.44,Good,Unknown,,,72.625,3,20,0,40,66.39,99.2475,846,72525,15.9575,92.5,22.638228500809067,4.417306769230026,5331453.07,120694652.84
OUT0490,48.34,Critical,Critical,5,100.0,High,2,3,"Inventory, Inventory Wastage, Audit",Marketing Growth,Immediate management intervention required | Review inventory levels and replenishment | Reduce inventory wastage and improve stock rotation | Review audit findings and compliance issues,"Health: Critical | Risk Areas: Inventory, Inventory Wastage, Audit | Recommendation: Immediate management intervention required | Review inventory levels and replenishment | Reduce inventory wastage and improve stock rotation | Review audit findings and compliance issues",72.53,Good,Unknown,,,80.375,2,13,0,40,67.14,98.09,1286,41714,16.2625,80.0,20.19292465384196,4.952229640542623,3765955.39,76045653.44
OUT0401,48.34,Critical,Critical,5,100.0,High,2,3,"Inventory, Inventory Wastage, Audit",Marketing Growth,Immediate management intervention required | Review inventory levels and replenishment | Reduce inventory wastage and improve stock rotation | Review audit findings and compliance issues,"Health: Critical | Risk Areas: Inventory, Inventory Wastage, Audit | Recommendation: Immediate management intervention required | Review inventory levels and replenishment | Reduce inventory wastage and improve stock rotation | Review audit findings and compliance issues",74.94,Good,Unknown,,,80.375,2,13,0,40,80.78999999999999,96.9275,2469,35877,13.41575,80.0,19.824144987540077,5.044353744529828,5607694.01,111167739.1
OUT0369,48.75,Critical,Critical,5,100.0,High,2,3,"Inventory, Inventory Wastage, Audit",Marketing Growth,Immediate management intervention required | Review inventory levels and replenishment | Reduce inventory wastage and improve stock rotation | Review audit findings and compliance issues,"Health: Critical | Risk Areas: Inventory, Inventory Wastage, Audit | Recommendation: Immediate management intervention required | Review inventory levels and replenishment | Reduce inventory wastage and improve stock rotation | Review audit findings and compliance issues",66.73,Good,Unknown,,,71.5,8,12,0,40,40.394999999999996,99.21000000000001,492,54870,24.65875,80.0,19.738069901736413,5.066351497275968,3071644.44,60628332.67
OUT0712,48.81,Critical,Critical,5,100.0,High,2,3,"Inventory, Inventory Wastage, Audit",Marketing Growth,Immediate management intervention required | Review inventory levels and replenishment | Reduce inventory wastage and improve stock rotation | Review audit findings and compliance issues,"Health: Critical | Risk Areas: Inventory, Inventory Wastage, Audit | Recommendation: Immediate management intervention required | Review inventory levels and replenishment | Reduce inventory wastage and improve stock rotation | Review audit findings and compliance issues",70.98,Good,Unknown,,,71.75,3,21,0,40,58.2925,99.22749999999999,1018,94317,17.67875,80.0,19.36661940086048,5.1635237895756285,6020003.81,116587122.58
OUT0690,48.84,Critical,Critical,5,100.0,High,2,3,"Inventory, Inventory Wastage, Audit",Marketing Growth,Immediate management intervention required | Review inventory levels and replenishment | Reduce inventory wastage and improve stock rotation | Review audit findings and compliance issues,"Health: Critical | Risk Areas: Inventory, Inventory Wastage, Audit | Recommendation: Immediate management intervention required | Review inventory levels and replenishment | Reduce inventory wastage and improve stock rotation | Review audit findings and compliance issues",68.63,Good,Unknown,,,71.875,4,19,0,40,67.0775,97.9525,2776,83148,15.882,80.0,20.57727047949533,4.8597310367109765,8860853.97,182332188.82
OUT0096,49.03,Critical,Critical,5,100.0,High,2,3,"Inventory, Inventory Wastage, Audit",Marketing Growth,Immediate management intervention required | Review inventory levels and replenishment | Reduce inventory wastage and improve stock rotation | Review audit findings and compliance issues,"Health: Critical | Risk Areas: Inventory, Inventory Wastage, Audit | Recommendation: Immediate management intervention required | Review inventory levels and replenishment | Reduce inventory wastage and improve stock rotation | Review audit findings and compliance issues",69.31,Good,Unknown,,,75.625,6,11,0,40,51.61749999999999,96.625,5566,128161,19.67925,92.5,20.867187784065,4.792212589200157,4394350.82,91697743.75
OUT0222,49.09,Critical,Critical,5,100.0,High,2,3,"Inventory, Inventory Wastage, Audit",Marketing Growth,Immediate management intervention required | Review inventory levels and replenishment | Reduce inventory wastage and improve stock rotation | Review audit findings and compliance issues,"Health: Critical | Risk Areas: Inventory, Inventory Wastage, Audit | Recommendation: Immediate management intervention required | Review inventory levels and replenishment | Reduce inventory wastage and improve stock rotation | Review audit findings and compliance issues",73.85,Good,Unknown,,,72.875,5,16,0,40,58.94,99.2125,738,67517,17.75525,80.0,19.728479973512638,5.068814228681558,5107159.49,100756493.72
OUT0669,49.25,Critical,Critical,5,100.0,High,2,3,"Inventory, Inventory Wastage, Audit",Marketing Growth,Immediate management intervention required | Review inventory levels and replenishment | Reduce inventory wastage and improve stock rotation | Review audit findings and compliance issues,"Health: Critical | Risk Areas: Inventory, Inventory Wastage, Audit | Recommendation: Immediate management intervention required | Review inventory levels and replenishment | Reduce inventory wastage and improve stock rotation | Review audit findings and compliance issues",72.1,Good,Unknown,,,73.5,3,19,0,40,74.02250000000001,99.2625,646,45016,14.32975,80.0,19.785802897371354,5.054128989290878,5490675.53,108637423.81
OUT0525,49.56,Critical,Critical,5,100.0,High,2,3,"Inventory, Inventory Wastage, Audit",Marketing Growth,Immediate management intervention required | Review inventory levels and replenishment | Reduce inventory wastage and improve stock rotation | Review audit findings and compliance issues,"Health: Critical | Risk Areas: Inventory, Inventory Wastage, Audit | Recommendation: Immediate management intervention required | Review inventory levels and replenishment | Reduce inventory wastage and improve stock rotation | Review audit findings and compliance issues",77.83,Good,Unknown,,,74.75,6,12,0,40,50.275,97.92,1739,66529,20.416999999999998,80.0,20.056223187800907,4.985983605369155,4537985.66,91014853.22
OUT0660,49.59,Critical,Critical,5,100.0,High,2,3,"Inventory, Inventory Wastage, Audit",Marketing Growth,Immediate management intervention required | Review inventory levels and replenishment | Reduce inventory wastage and improve stock rotation | Review audit findings and compliance issues,"Health: Critical | Risk Areas: Inventory, Inventory Wastage, Audit | Recommendation: Immediate management intervention required | Review inventory levels and replenishment | Reduce inventory wastage and improve stock rotation | Review audit findings and compliance issues",76.07,Good,Unknown,,,74.875,7,10,0,40,53.0875,97.9975,2492,95682,20.5875,80.0,21.461031860366894,4.659608198274694,6938706.66,148911804.7
OUT0342,49.62,Critical,Critical,5,100.0,High,2,3,"Inventory, Inventory Wastage, Audit",Marketing Growth,Immediate management intervention required | Review inventory levels and replenishment | Reduce inventory wastage and improve stock rotation | Review audit findings and compliance issues,"Health: Critical | Risk Areas: Inventory, Inventory Wastage, Audit | Recommendation: Immediate management intervention required | Review inventory levels and replenishment | Reduce inventory wastage and improve stock rotation | Review audit findings and compliance issues",72.1,Good,Unknown,,,78.0,4,12,0,40,50.7175,99.3075,607,68658,20.2175,92.5,20.967845987915545,4.769207102037724,7201462.43,150999155.12
OUT0079,49.66,Critical,Critical,5,100.0,High,2,3,"Inventory, Inventory Wastage, Audit",Marketing Growth,Immediate management intervention required | Review inventory levels and replenishment | Reduce inventory wastage and improve stock rotation | Review audit findings and compliance issues,"Health: Critical | Risk Areas: Inventory, Inventory Wastage, Audit | Recommendation: Immediate management intervention required | Review inventory levels and replenishment | Reduce inventory wastage and improve stock rotation | Review audit findings and compliance issues",71.58,Good,Unknown,,,75.125,2,19,0,40,60.7275,99.35249999999999,1003,106978,16.7595,80.0,20.348444860190497,4.914380469223918,7541312.96,153453990.94
OUT0010,49.75,Critical,Critical,5,100.0,High,2,3,"Inventory, Inventory Wastage, Audit",Marketing Growth,Immediate management intervention required | Review inventory levels and replenishment | Reduce inventory wastage and improve stock rotation | Review audit findings and compliance issues,"Health: Critical | Risk Areas: Inventory, Inventory Wastage, Audit | Recommendation: Immediate management intervention required | Review inventory levels and replenishment | Reduce inventory wastage and improve stock rotation | Review audit findings and compliance issues",75.86,Good,Unknown,,,75.5,5,13,0,40,42.6425,98.1125,1295,60279,23.2755,80.0,20.440149606830563,4.892332097539179,4178335.96,85405812.13
OUT0100,49.75,Critical,Critical,5,100.0,High,2,3,"Inventory, Inventory Wastage, Audit",Marketing Growth,Immediate management intervention required | Review inventory levels and replenishment | Reduce inventory wastage and improve stock rotation | Review audit findings and compliance issues,"Health: Critical | Risk Areas: Inventory, Inventory Wastage, Audit | Recommendation: Immediate management intervention required | Review inventory levels and replenishment | Reduce inventory wastage and improve stock rotation | Review audit findings and compliance issues",67.87,Good,Unknown,,,75.5,5,13,0,40,44.6125,97.9675,2124,88226,22.217,80.0,19.580314128845465,5.10717036212822,6458896.18,126467216.13
OUT0031,49.88,Critical,Critical,5,100.0,High,2,3,"Inventory, Inventory Wastage, Audit",Marketing Growth,Immediate management intervention required | Review inventory levels and replenishment | Reduce inventory wastage and improve stock rotation | Review audit findings and compliance issues,"Health: Critical | Risk Areas: Inventory, Inventory Wastage, Audit | Recommendation: Immediate management intervention required | Review inventory levels and replenishment | Reduce inventory wastage and improve stock rotation | Review audit findings and compliance issues",66.86,Good,Unknown,,,76.0,2,18,0,40,55.9,96.935,2630,63585,18.369,80.0,20.069007681616487,4.982807400666926,5310374.46,106573945.83
OUT0259,49.94,Critical,Critical,5,100.0,High,2,3,"Inventory, Inventory Wastage, Audit",Marketing Growth,Immediate management intervention required | Review inventory levels and replenishment | Reduce inventory wastage and improve stock rotation | Review audit findings and compliance issues,"Health: Critical | Risk Areas: Inventory, Inventory Wastage, Audit | Recommendation: Immediate management intervention required | Review inventory levels and replenishment | Reduce inventory wastage and improve stock rotation | Review audit findings and compliance issues",72.07,Good,Unknown,,,76.25,4,14,0,40,48.3425,99.38250000000001,1134,149275,21.615000000000002,80.0,19.642309437038683,5.091051045730609,8083591.32,158780402.07
OUT0654,50.0,Needs Attention,Critical,5,100.0,High,2,3,"Inventory Wastage, Marketing, Audit",Marketing Growth,Immediate management intervention required | Reduce inventory wastage and improve stock rotation | Review marketing effectiveness and conversion performance | Review audit findings and compliance issues,"Health: Needs Attention | Risk Areas: Inventory Wastage, Marketing, Audit | Recommendation: Immediate management intervention required | Reduce inventory wastage and improve stock rotation | Review marketing effectiveness and conversion performance | Review audit findings and compliance issues",68.23,Good,Unknown,,,81.0,0,16,0,40,78.63,99.315,434,31390,14.047749999999999,52.5,18.968135822990035,5.271999364259957,3864827.89,73308580.35
OUT0085,50.06,Needs Attention,Critical,5,100.0,High,2,3,"Inventory, Inventory Wastage, Audit",Marketing Growth,Immediate management intervention required | Review inventory levels and replenishment | Reduce inventory wastage and improve stock rotation | Review audit findings and compliance issues,"Health: Needs Attention | Risk Areas: Inventory, Inventory Wastage, Audit | Recommendation: Immediate management intervention required | Review inventory levels and replenishment | Reduce inventory wastage and improve stock rotation | Review audit findings and compliance issues",71.7,Good,Unknown,,,76.75,1,19,0,40,68.4325,97.97,1744,52647,15.651500000000002,80.0,19.65357938085132,5.0881316864566175,5779780.04,113593365.82
OUT0282,50.06,Needs Attention,Critical,5,100.0,High,2,3,"Inventory, Inventory Wastage, Audit",Marketing Growth,Immediate management intervention required | Review inventory levels and replenishment | Reduce inventory wastage and improve stock rotation | Review audit findings and compliance issues,"Health: Needs Attention | Risk Areas: Inventory, Inventory Wastage, Audit | Recommendation: Immediate management intervention required | Review inventory levels and replenishment | Reduce inventory wastage and improve stock rotation | Review audit findings and compliance issues",65.63,Good,Unknown,,,76.75,1,19,0,40,55.92999999999999,99.2775,879,89583,18.24675,80.0,19.430891819855493,5.146444173901211,3652691.83,70975059.8
OUT0016,50.06,Needs Attention,Critical,5,100.0,High,2,3,"Inventory, Inventory Wastage, Audit",Marketing Growth,Immediate management intervention required | Review inventory levels and replenishment | Reduce inventory wastage and improve stock rotation | Review audit findings and compliance issues,"Health: Needs Attention | Risk Areas: Inventory, Inventory Wastage, Audit | Recommendation: Immediate management intervention required | Review inventory levels and replenishment | Reduce inventory wastage and improve stock rotation | Review audit findings and compliance issues",68.54,Good,Unknown,,,76.75,1,19,0,40,71.16,96.51,3077,50529,14.73125,80.0,20.6614533771782,4.839930578671485,4734611.43,97823953.32
OUT0707,50.09,Needs Attention,Critical,5,100.0,High,2,3,"Inventory, Inventory Wastage, Audit",Marketing Growth,Immediate management intervention required | Review inventory levels and replenishment | Reduce inventory wastage and improve stock rotation | Review audit findings and compliance issues,"Health: Needs Attention | Risk Areas: Inventory, Inventory Wastage, Audit | Recommendation: Immediate management intervention required | Review inventory levels and replenishment | Reduce inventory wastage and improve stock rotation | Review audit findings and compliance issues",69.78,Good,Unknown,,,76.875,2,17,0,40,41.927499999999995,99.21000000000001,1069,119537,24.208000000000002,80.0,21.46263595068388,4.659259945040144,6789821.49,145727466.81
OUT0631,50.09,Needs Attention,Critical,5,100.0,High,2,3,"Inventory, Inventory Wastage, Audit",Marketing Growth,Immediate management intervention required | Review inventory levels and replenishment | Reduce inventory wastage and improve stock rotation | Review audit findings and compliance issues,"Health: Needs Attention | Risk Areas: Inventory, Inventory Wastage, Audit | Recommendation: Immediate management intervention required | Review inventory levels and replenishment | Reduce inventory wastage and improve stock rotation | Review audit findings and compliance issues",67.88,Good,Unknown,,,76.875,2,17,0,40,66.615,96.64750000000001,2320,43257,15.721,80.0,19.537528195394952,5.11835473760546,3496940.73,68321578.11
OUT0299,50.09,Needs Attention,Critical,5,100.0,High,2,3,"Inventory, Inventory Wastage, Audit",Marketing Growth,Immediate management intervention required | Review inventory levels and replenishment | Reduce inventory wastage and improve stock rotation | Review audit findings and compliance issues,"Health: Needs Attention | Risk Areas: Inventory, Inventory Wastage, Audit | Recommendation: Immediate management intervention required | Review inventory levels and replenishment | Reduce inventory wastage and improve stock rotation | Review audit findings and compliance issues",66.94,Good,Unknown,,,76.875,2,17,0,40,52.61,99.37,518,62585,19.78575,80.0,20.52305714235444,4.872568414460295,6395146.36,131247954.18
OUT0233,50.12,Needs Attention,Critical,5,100.0,High,2,3,"Inventory, Inventory Wastage, Audit",Marketing Growth,Immediate management intervention required | Review inventory levels and replenishment | Reduce inventory wastage and improve stock rotation | Review audit findings and compliance issues,"Health: Needs Attention | Risk Areas: Inventory, Inventory Wastage, Audit | Recommendation: Immediate management intervention required | Review inventory levels and replenishment | Reduce inventory wastage and improve stock rotation | Review audit findings and compliance issues",71.49,Good,Unknown,,,77.0,3,15,0,40,41.252500000000005,96.6875,1375,36896,24.2575,80.0,20.127068758454303,4.968433367029432,3278321.95,65983011.3
OUT0349,50.12,Needs Attention,Critical,5,100.0,High,2,3,"Inventory, Inventory Wastage, Audit",Marketing Growth,Immediate management intervention required | Review inventory levels and replenishment | Reduce inventory wastage and improve stock rotation | Review audit findings and compliance issues,"Health: Needs Attention | Risk Areas: Inventory, Inventory Wastage, Audit | Recommendation: Immediate management intervention required | Review inventory levels and replenishment | Reduce inventory wastage and improve stock rotation | Review audit findings and compliance issues",79.45,Good,Unknown,,,77.0,3,15,0,40,47.64,99.3075,1104,132477,21.617250000000002,80.0,20.281197083597046,4.930675422550754,13149077.34,266679029.0
OUT0275,50.31,Needs Attention,Critical,5,100.0,High,2,3,"Inventory, Inventory Wastage, Audit",Marketing Growth,Immediate management intervention required | Review inventory levels and replenishment | Reduce inventory wastage and improve stock rotation | Review audit findings and compliance issues,"Health: Needs Attention | Risk Areas: Inventory, Inventory Wastage, Audit | Recommendation: Immediate management intervention required | Review inventory levels and replenishment | Reduce inventory wastage and improve stock rotation | Review audit findings and compliance issues",79.91,Good,Unknown,,,77.75,2,16,0,40,61.885000000000005,98.0275,2780,95841,17.49175,80.0,21.158433145815465,4.726247889474611,9764932.66,206610674.86
OUT0140,50.31,Needs Attention,Critical,5,100.0,High,2,3,"Inventory, Inventory Wastage, Audit",Marketing Growth,Immediate management intervention required | Review inventory levels and replenishment | Reduce inventory wastage and improve stock rotation | Review audit findings and compliance issues,"Health: Needs Attention | Risk Areas: Inventory, Inventory Wastage, Audit | Recommendation: Immediate management intervention required | Review inventory levels and replenishment | Reduce inventory wastage and improve stock rotation | Review audit findings and compliance issues",76.38,Good,Unknown,,,77.75,2,16,0,40,58.3325,98.005,1911,68973,17.56175,80.0,19.739343212321675,5.066024686048221,6430498.53,126933817.51
OUT0496,50.44,Needs Attention,Critical,5,100.0,High,2,3,"Inventory Wastage, Marketing, Audit",Marketing Growth,Immediate management intervention required | Reduce inventory wastage and improve stock rotation | Review marketing effectiveness and conversion performance | Review audit findings and compliance issues,"Health: Needs Attention | Risk Areas: Inventory Wastage, Marketing, Audit | Recommendation: Immediate management intervention required | Reduce inventory wastage and improve stock rotation | Review marketing effectiveness and conversion performance | Review audit findings and compliance issues",65.73,Good,Unknown,,,82.75,0,14,0,40,61.2375,96.74,2418,51507,17.84,52.5,18.21088570298349,5.491221109779246,5794435.15,105521796.23
OUT0028,50.53,Needs Attention,Critical,5,100.0,High,2,3,"Inventory, Inventory Wastage, Audit",Marketing Growth,Immediate management intervention required | Review inventory levels and replenishment | Reduce inventory wastage and improve stock rotation | Review audit findings and compliance issues,"Health: Needs Attention | Risk Areas: Inventory, Inventory Wastage, Audit | Recommendation: Immediate management intervention required | Review inventory levels and replenishment | Reduce inventory wastage and improve stock rotation | Review audit findings and compliance issues",81.32,Excellent,Unknown,,,71.125,5,18,0,40,65.96000000000001,96.91749999999999,4764,95749,15.80975,80.0,20.385774493504403,4.9053814478259525,10302560.97,210025684.64
OUT0699,50.53,Needs Attention,Critical,5,100.0,High,2,4,"Inventory, Inventory Wastage, Inventory Overstock, Audit",Marketing Growth,Immediate management intervention required | Review inventory levels and replenishment | Reduce inventory wastage and improve stock rotation | Reduce excess inventory and avoid unnecessary replenishment | Review audit findings and compliance issues,"Health: Needs Attention | Risk Areas: Inventory, Inventory Wastage, Inventory Overstock, Audit | Recommendation: Immediate management intervention required | Review inventory levels and replenishment | Reduce inventory wastage and improve stock rotation | Reduce excess inventory and avoid unnecessary replenishment | Review audit findings and compliance issues",74.54,Good,Unknown,,,83.125,1,11,1,40,48.04,99.2775,954,107763,22.6305,92.5,23.361150833350845,4.280611032964951,3094054.58,72280675.73
OUT0467,50.53,Needs Attention,Critical,5,100.0,High,2,3,"Inventory, Inventory Wastage, Audit",Marketing Growth,Immediate management intervention required | Review inventory levels and replenishment | Reduce inventory wastage and improve stock rotation | Review audit findings and compliance issues,"Health: Needs Attention | Risk Areas: Inventory, Inventory Wastage, Audit | Recommendation: Immediate management intervention required | Review inventory levels and replenishment | Reduce inventory wastage and improve stock rotation | Review audit findings and compliance issues",73.48,Good,Unknown,,,78.625,2,15,0,40,46.7325,99.28,961,111294,22.11575,80.0,20.96640243054763,4.769535466623591,6474445.43,135745828.4
OUT0623,50.56,Needs Attention,Critical,5,100.0,High,2,3,"Inventory, Inventory Wastage, Audit",Marketing Growth,Immediate management intervention required | Review inventory levels and replenishment | Reduce inventory wastage and improve stock rotation | Review audit findings and compliance issues,"Health: Needs Attention | Risk Areas: Inventory, Inventory Wastage, Audit | Recommendation: Immediate management intervention required | Review inventory levels and replenishment | Reduce inventory wastage and improve stock rotation | Review audit findings and compliance issues",65.67,Good,Unknown,,,78.75,3,13,0,40,46.665,96.8725,2619,69548,21.8905,80.0,20.544559568924555,4.867468668019477,4340808.6,89180000.86
OUT0571,50.59,Needs Attention,Critical,5,100.0,High,2,3,"Inventory, Inventory Wastage, Audit",Marketing Growth,Immediate management intervention required | Review inventory levels and replenishment | Reduce inventory wastage and improve stock rotation | Review audit findings and compliance issues,"Health: Needs Attention | Risk Areas: Inventory, Inventory Wastage, Audit | Recommendation: Immediate management intervention required | Review inventory levels and replenishment | Reduce inventory wastage and improve stock rotation | Review audit findings and compliance issues",77.81,Good,Unknown,,,78.875,4,11,0,40,77.55,96.905,3900,59471,13.720249999999998,80.0,20.524391661953626,4.872251594446597,5961118.2,122348324.68
OUT0647,50.72,Needs Attention,Critical,5,100.0,High,2,3,"Inventory, Inventory Wastage, Audit",Marketing Growth,Immediate management intervention required | Review inventory levels and replenishment | Reduce inventory wastage and improve stock rotation | Review audit findings and compliance issues,"Health: Needs Attention | Risk Areas: Inventory, Inventory Wastage, Audit | Recommendation: Immediate management intervention required | Review inventory levels and replenishment | Reduce inventory wastage and improve stock rotation | Review audit findings and compliance issues",78.54,Good,Unknown,,,79.375,1,16,0,40,64.94,99.22749999999999,677,56195,17.19575,80.0,20.46855191809336,4.885543461997628,6026695.7,123357733.83
OUT0077,50.72,Needs Attention,Critical,5,100.0,High,2,3,"Inventory, Inventory Wastage, Audit",Marketing Growth,Immediate management intervention required | Review inventory levels and replenishment | Reduce inventory wastage and improve stock rotation | Review audit findings and compliance issues,"Health: Needs Attention | Risk Areas: Inventory, Inventory Wastage, Audit | Recommendation: Immediate management intervention required | Review inventory levels and replenishment | Reduce inventory wastage and improve stock rotation | Review audit findings and compliance issues",65.46,Good,Unknown,,,79.375,1,16,0,40,55.177499999999995,99.345,431,48685,19.69725,80.0,20.8775936330066,4.789824045713017,2912763.19,60811486.23
OUT0239,50.81,Needs Attention,Critical,5,100.0,High,2,3,"Inventory, Inventory Wastage, Audit",Marketing Growth,Immediate management intervention required | Review inventory levels and replenishment | Reduce inventory wastage and improve stock rotation | Review audit findings and compliance issues,"Health: Needs Attention | Risk Areas: Inventory, Inventory Wastage, Audit | Recommendation: Immediate management intervention required | Review inventory levels and replenishment | Reduce inventory wastage and improve stock rotation | Review audit findings and compliance issues",73.27,Good,Unknown,,,79.75,4,10,0,40,55.33,99.3775,560,67559,19.9685,80.0,20.272619237870817,4.93276171305937,6497280.14,131716886.36
OUT0300,50.94,Needs Attention,Critical,5,100.0,High,2,3,"Inventory, Inventory Wastage, Audit",Marketing Growth,Immediate management intervention required | Review inventory levels and replenishment | Reduce inventory wastage and improve stock rotation | Review audit findings and compliance issues,"Health: Needs Attention | Risk Areas: Inventory, Inventory Wastage, Audit | Recommendation: Immediate management intervention required | Review inventory levels and replenishment | Reduce inventory wastage and improve stock rotation | Review audit findings and compliance issues",76.06,Good,Unknown,,,80.25,1,15,0,40,43.415,98.175,2516,119595,23.357499999999998,80.0,20.24261215747949,4.940073900642847,11052313.28,223727691.17
OUT0556,50.94,Needs Attention,Critical,5,100.0,High,2,3,"Inventory, Inventory Wastage, Audit",Marketing Growth,Immediate management intervention required | Review inventory levels and replenishment | Reduce inventory wastage and improve stock rotation | Review audit findings and compliance issues,"Health: Needs Attention | Risk Areas: Inventory, Inventory Wastage, Audit | Recommendation: Immediate management intervention required | Review inventory levels and replenishment | Reduce inventory wastage and improve stock rotation | Review audit findings and compliance issues",65.65,Good,Unknown,,,80.25,1,15,0,40,66.405,96.82000000000001,3040,59832,16.2745,80.0,20.40642183080848,4.900418154104095,3703574.06,75576694.55
OUT0177,50.97,Needs Attention,Critical,5,100.0,High,2,3,"Inventory, Inventory Wastage, Audit",Marketing Growth,Immediate management intervention required | Review inventory levels and replenishment | Reduce inventory wastage and improve stock rotation | Review audit findings and compliance issues,"Health: Needs Attention | Risk Areas: Inventory, Inventory Wastage, Audit | Recommendation: Immediate management intervention required | Review inventory levels and replenishment | Reduce inventory wastage and improve stock rotation | Review audit findings and compliance issues",66.52,Good,Unknown,,,80.375,2,13,0,40,71.61749999999999,99.3375,496,43014,15.489249999999998,80.0,20.195661718894016,4.9515584778509725,5363961.7700000005,108328757.38
OUT0516,51.0,Needs Attention,Critical,5,100.0,High,2,3,"Inventory, Inventory Wastage, Audit",Marketing Growth,Immediate management intervention required | Review inventory levels and replenishment | Reduce inventory wastage and improve stock rotation | Review audit findings and compliance issues,"Health: Needs Attention | Risk Areas: Inventory, Inventory Wastage, Audit | Recommendation: Immediate management intervention required | Review inventory levels and replenishment | Reduce inventory wastage and improve stock rotation | Review audit findings and compliance issues",77.66,Good,Unknown,,,80.5,3,11,0,40,49.902499999999996,96.8725,3863,97793,20.886000000000003,80.0,19.92722128747734,5.0182611292043005,9468852.17,188687912.53
OUT0253,51.0,Needs Attention,Critical,5,100.0,High,2,3,"Inventory, Inventory Wastage, Audit",Marketing Growth,Immediate management intervention required | Review inventory levels and replenishment | Reduce inventory wastage and improve stock rotation | Review audit findings and compliance issues,"Health: Needs Attention | Risk Areas: Inventory, Inventory Wastage, Audit | Recommendation: Immediate management intervention required | Review inventory levels and replenishment | Reduce inventory wastage and improve stock rotation | Review audit findings and compliance issues",73.35,Good,Unknown,,,80.5,3,11,0,40,49.795,96.715,2952,71493,20.5255,80.0,19.400738442314022,5.154442976350569,6919589.93,134245154.36
OUT0178,51.0,Needs Attention,Critical,5,100.0,High,2,3,"Inventory, Inventory Wastage, Audit",Marketing Growth,Immediate management intervention required | Review inventory levels and replenishment | Reduce inventory wastage and improve stock rotation | Review audit findings and compliance issues,"Health: Needs Attention | Risk Areas: Inventory, Inventory Wastage, Audit | Recommendation: Immediate management intervention required | Review inventory levels and replenishment | Reduce inventory wastage and improve stock rotation | Review audit findings and compliance issues",71.98,Good,Unknown,,,80.5,3,11,0,40,49.8775,96.5975,3637,85568,21.7485,80.0,20.83805941682247,4.798911357324879,5670612.9,118164568.54
OUT0151,51.0,Needs Attention,Critical,5,100.0,High,2,3,"Inventory, Inventory Wastage, Audit",Marketing Growth,Immediate management intervention required | Review inventory levels and replenishment | Reduce inventory wastage and improve stock rotation | Review audit findings and compliance issues,"Health: Needs Attention | Risk Areas: Inventory, Inventory Wastage, Audit | Recommendation: Immediate management intervention required | Review inventory levels and replenishment | Reduce inventory wastage and improve stock rotation | Review audit findings and compliance issues",74.38,Good,Unknown,,,80.5,3,11,0,40,77.41,96.7175,1681,25984,14.0275,80.0,20.201529851885677,4.950120150958057,4265773.74,86175155.55
OUT0340,51.0,Needs Attention,Critical,5,100.0,High,2,3,"Inventory, Inventory Wastage, Audit",Marketing Growth,Immediate management intervention required | Review inventory levels and replenishment | Reduce inventory wastage and improve stock rotation | Review audit findings and compliance issues,"Health: Needs Attention | Risk Areas: Inventory, Inventory Wastage, Audit | Recommendation: Immediate management intervention required | Review inventory levels and replenishment | Reduce inventory wastage and improve stock rotation | Review audit findings and compliance issues",66.24,Good,Unknown,,,80.5,3,11,0,40,83.1875,97.935,2783,54184,12.934000000000001,80.0,21.72768084691564,4.602424009472486,4269376.38,92763647.4
OUT0221,51.16,Needs Attention,Critical,5,100.0,High,2,3,"Inventory, Inventory Wastage, Audit",Marketing Growth,Immediate management intervention required | Review inventory levels and replenishment | Reduce inventory wastage and improve stock rotation | Review audit findings and compliance issues,"Health: Needs Attention | Risk Areas: Inventory, Inventory Wastage, Audit | Recommendation: Immediate management intervention required | Review inventory levels and replenishment | Reduce inventory wastage and improve stock rotation | Review audit findings and compliance issues",68.99,Good,Unknown,,,81.125,1,14,0,40,46.7825,96.89750000000001,2663,71161,21.8615,80.0,19.4517680899076,5.140920842660275,6369824.55,123904349.92
OUT0311,51.16,Needs Attention,Critical,5,100.0,High,2,3,"Inventory, Inventory Wastage, Marketing",Marketing Growth,Immediate management intervention required | Review inventory levels and replenishment | Reduce inventory wastage and improve stock rotation | Review marketing effectiveness and conversion performance,"Health: Needs Attention | Risk Areas: Inventory, Inventory Wastage, Marketing | Recommendation: Immediate management intervention required | Review inventory levels and replenishment | Reduce inventory wastage and improve stock rotation | Review marketing effectiveness and conversion performance",74.91,Good,Unknown,,,75.125,2,19,0,40,65.0575,96.6225,2344,44983,16.24575,52.5,18.700178191291958,5.347542626442279,4496325.22,84082082.82
OUT0202,51.16,Needs Attention,Critical,5,100.0,High,2,3,"Inventory, Inventory Wastage, Audit",Marketing Growth,Immediate management intervention required | Review inventory levels and replenishment | Reduce inventory wastage and improve stock rotation | Review audit findings and compliance issues,"Health: Needs Attention | Risk Areas: Inventory, Inventory Wastage, Audit | Recommendation: Immediate management intervention required | Review inventory levels and replenishment | Reduce inventory wastage and improve stock rotation | Review audit findings and compliance issues",65.47,Good,Unknown,,,81.125,1,14,0,40,78.15,99.315,440,31245,14.065000000000001,80.0,20.28109045457069,4.930701345866897,3078082.93,62426878.33
OUT0091,51.19,Needs Attention,Critical,5,100.0,High,2,3,"Inventory, Inventory Wastage, Audit",Marketing Growth,Immediate management intervention required | Review inventory levels and replenishment | Reduce inventory wastage and improve stock rotation | Review audit findings and compliance issues,"Health: Needs Attention | Risk Areas: Inventory, Inventory Wastage, Audit | Recommendation: Immediate management intervention required | Review inventory levels and replenishment | Reduce inventory wastage and improve stock rotation | Review audit findings and compliance issues",78.1,Good,Unknown,,,81.25,2,12,0,40,62.782500000000006,96.67,5886,118053,17.62425,80.0,20.016458891324355,4.995888660573352,8475808.44,169655671.21
OUT0698,51.19,Needs Attention,Critical,5,100.0,High,2,3,"Inventory, Inventory Wastage, Audit",Marketing Growth,Immediate management intervention required | Review inventory levels and replenishment | Reduce inventory wastage and improve stock rotation | Review audit findings and compliance issues,"Health: Needs Attention | Risk Areas: Inventory, Inventory Wastage, Audit | Recommendation: Immediate management intervention required | Review inventory levels and replenishment | Reduce inventory wastage and improve stock rotation | Review audit findings and compliance issues",66.28,Good,Unknown,,,81.25,2,12,0,40,69.85499999999999,96.6775,2910,53128,15.983500000000001,80.0,22.491538728799053,4.446116435420048,3267251.97,73485524.22
OUT0471,51.19,Needs Attention,Critical,5,100.0,High,2,3,"Inventory, Inventory Wastage, Audit",Marketing Growth,Immediate management intervention required | Review inventory levels and replenishment | Reduce inventory wastage and improve stock rotation | Review audit findings and compliance issues,"Health: Needs Attention | Risk Areas: Inventory, Inventory Wastage, Audit | Recommendation: Immediate management intervention required | Review inventory levels and replenishment | Reduce inventory wastage and improve stock rotation | Review audit findings and compliance issues",75.9,Good,Unknown,,,81.25,2,12,0,40,73.7975,96.55749999999999,4099,65436,14.976249999999999,80.0,19.471293091234536,5.135765741465695,9073936.77,176681282.34
OUT0724,51.19,Needs Attention,Critical,5,100.0,High,2,3,"Inventory, Inventory Wastage, Audit",Marketing Growth,Immediate management intervention required | Review inventory levels and replenishment | Reduce inventory wastage and improve stock rotation | Review audit findings and compliance issues,"Health: Needs Attention | Risk Areas: Inventory, Inventory Wastage, Audit | Recommendation: Immediate management intervention required | Review inventory levels and replenishment | Reduce inventory wastage and improve stock rotation | Review audit findings and compliance issues",65.1,Good,Unknown,,,81.25,2,12,0,40,47.07,99.3175,564,68235,21.703,80.0,23.5840349806145,4.240156533103753,5306001.7,125136929.7
OUT0693,51.34,Needs Attention,Critical,5,100.0,High,2,3,"Inventory, Inventory Wastage, Marketing",Marketing Growth,Immediate management intervention required | Review inventory levels and replenishment | Reduce inventory wastage and improve stock rotation | Review marketing effectiveness and conversion performance,"Health: Needs Attention | Risk Areas: Inventory, Inventory Wastage, Marketing | Recommendation: Immediate management intervention required | Review inventory levels and replenishment | Reduce inventory wastage and improve stock rotation | Review marketing effectiveness and conversion performance",75.57,Good,Unknown,,,75.875,1,20,0,40,76.375,96.975,3747,60718,13.732499999999998,52.5,19.249523786297637,5.194933709018967,8970993.44,172687351.61
OUT0018,51.34,Needs Attention,Critical,5,100.0,High,2,3,"Inventory, Inventory Wastage, Audit",Marketing Growth,Immediate management intervention required | Review inventory levels and replenishment | Reduce inventory wastage and improve stock rotation | Review audit findings and compliance issues,"Health: Needs Attention | Risk Areas: Inventory, Inventory Wastage, Audit | Recommendation: Immediate management intervention required | Review inventory levels and replenishment | Reduce inventory wastage and improve stock rotation | Review audit findings and compliance issues",71.85,Good,Unknown,,,74.375,3,18,0,40,40.505,96.91749999999999,1353,39384,23.475,92.5,22.216201263145383,4.501219574648467,2460328.04,54659142.91
OUT0067,51.38,Needs Attention,Critical,5,100.0,High,2,3,"Inventory, Inventory Wastage, Audit",Marketing Growth,Immediate management intervention required | Review inventory levels and replenishment | Reduce inventory wastage and improve stock rotation | Review audit findings and compliance issues,"Health: Needs Attention | Risk Areas: Inventory, Inventory Wastage, Audit | Recommendation: Immediate management intervention required | Review inventory levels and replenishment | Reduce inventory wastage and improve stock rotation | Review audit findings and compliance issues",79.07,Good,Unknown,,,82.0,1,13,0,40,79.91,99.235,802,49879,13.6585,80.0,19.439634580555254,5.144129617540563,9247088.65,179760024.29
OUT0249,51.41,Needs Attention,Critical,5,100.0,High,2,3,"Inventory, Inventory Wastage, Marketing",Marketing Growth,Immediate management intervention required | Review inventory levels and replenishment | Reduce inventory wastage and improve stock rotation | Review marketing effectiveness and conversion performance,"Health: Needs Attention | Risk Areas: Inventory, Inventory Wastage, Marketing | Recommendation: Immediate management intervention required | Review inventory levels and replenishment | Reduce inventory wastage and improve stock rotation | Review marketing effectiveness and conversion performance",76.8,Good,Unknown,,,76.125,3,16,0,40,70.19500000000001,99.3875,646,61530,14.854249999999999,52.5,18.415291621028768,5.430269694225647,5742431.22,105748545.53
OUT0492,51.41,Needs Attention,Critical,5,100.0,High,2,3,"Inventory, Inventory Wastage, Audit",Marketing Growth,Immediate management intervention required | Review inventory levels and replenishment | Reduce inventory wastage and improve stock rotation | Review audit findings and compliance issues,"Health: Needs Attention | Risk Areas: Inventory, Inventory Wastage, Audit | Recommendation: Immediate management intervention required | Review inventory levels and replenishment | Reduce inventory wastage and improve stock rotation | Review audit findings and compliance issues",71.73,Good,Unknown,,,82.125,2,11,0,40,80.13250000000001,99.3475,751,53345,13.599,80.0,19.976724278390176,5.005825710282993,6413449.28,128119707.94
OUT0736,51.44,Needs Attention,Critical,5,100.0,High,2,3,"Inventory, Inventory Wastage, Audit",Marketing Growth,Immediate management intervention required | Review inventory levels and replenishment | Reduce inventory wastage and improve stock rotation | Review audit findings and compliance issues,"Health: Needs Attention | Risk Areas: Inventory, Inventory Wastage, Audit | Recommendation: Immediate management intervention required | Review inventory levels and replenishment | Reduce inventory wastage and improve stock rotation | Review audit findings and compliance issues",66.8,Good,Unknown,,,82.25,3,9,0,40,73.615,96.7175,1637,27114,15.03025,80.0,19.606855150333192,5.100256988347294,3170634.77,62166176.67
OUT0111,51.44,Needs Attention,Critical,5,100.0,High,2,3,"Inventory, Inventory Wastage, Audit",Marketing Growth,Immediate management intervention required | Review inventory levels and replenishment | Reduce inventory wastage and improve stock rotation | Review audit findings and compliance issues,"Health: Needs Attention | Risk Areas: Inventory, Inventory Wastage, Audit | Recommendation: Immediate management intervention required | Review inventory levels and replenishment | Reduce inventory wastage and improve stock rotation | Review audit findings and compliance issues",71.3,Good,Unknown,,,82.25,3,9,0,40,56.77,96.75750000000001,2887,65605,19.486,80.0,19.497594075589397,5.128837928018927,5823158.84,113537587.3
OUT0456,51.5,Needs Attention,Critical,5,100.0,High,2,3,"Inventory, Inventory Wastage, Audit",Marketing Growth,Immediate management intervention required | Review inventory levels and replenishment | Reduce inventory wastage and improve stock rotation | Review audit findings and compliance issues,"Health: Needs Attention | Risk Areas: Inventory, Inventory Wastage, Audit | Recommendation: Immediate management intervention required | Review inventory levels and replenishment | Reduce inventory wastage and improve stock rotation | Review audit findings and compliance issues",69.22,Good,Unknown,,,75.0,1,21,0,40,60.067499999999995,96.53,4050,81595,17.56475,92.5,20.809956014373235,4.805392184920091,5384765.83,112056740.07
OUT0083,51.59,Needs Attention,Critical,5,100.0,High,2,3,"Inventory, Inventory Wastage, Audit",Marketing Growth,Immediate management intervention required | Review inventory levels and replenishment | Reduce inventory wastage and improve stock rotation | Review audit findings and compliance issues,"Health: Needs Attention | Risk Areas: Inventory, Inventory Wastage, Audit | Recommendation: Immediate management intervention required | Review inventory levels and replenishment | Reduce inventory wastage and improve stock rotation | Review audit findings and compliance issues",68.2,Good,Unknown,,,75.375,4,15,0,40,45.585,96.8925,2290,62126,23.0025,92.5,21.55879041306941,4.6384791578741735,3568692.99,76936704.22
OUT0423,51.59,Needs Attention,Critical,5,100.0,High,2,3,"Inventory, Inventory Wastage, Audit",Marketing Growth,Immediate management intervention required | Review inventory levels and replenishment | Reduce inventory wastage and improve stock rotation | Review audit findings and compliance issues,"Health: Needs Attention | Risk Areas: Inventory, Inventory Wastage, Audit | Recommendation: Immediate management intervention required | Review inventory levels and replenishment | Reduce inventory wastage and improve stock rotation | Review audit findings and compliance issues",70.25,Good,Unknown,,,82.875,1,12,0,40,74.42,96.7625,3446,58397,14.839500000000001,80.0,19.569583054192883,5.109970903471778,8175334.88,159987894.93
OUT0051,51.59,Needs Attention,Critical,5,100.0,High,2,3,"Inventory, Inventory Wastage, Audit",Marketing Growth,Immediate management intervention required | Review inventory levels and replenishment | Reduce inventory wastage and improve stock rotation | Review audit findings and compliance issues,"Health: Needs Attention | Risk Areas: Inventory, Inventory Wastage, Audit | Recommendation: Immediate management intervention required | Review inventory levels and replenishment | Reduce inventory wastage and improve stock rotation | Review audit findings and compliance issues",74.31,Good,Unknown,,,82.875,1,12,0,40,76.5475,96.595,3482,53222,14.594249999999999,80.0,19.6587033274034,5.086805489383639,6981657.84,137250340.21
OUT0671,51.59,Needs Attention,Critical,5,100.0,High,2,3,"Inventory, Inventory Wastage, Audit",Marketing Growth,Immediate management intervention required | Review inventory levels and replenishment | Reduce inventory wastage and improve stock rotation | Review audit findings and compliance issues,"Health: Needs Attention | Risk Areas: Inventory, Inventory Wastage, Audit | Recommendation: Immediate management intervention required | Review inventory levels and replenishment | Reduce inventory wastage and improve stock rotation | Review audit findings and compliance issues",74.89,Good,Unknown,,,82.875,1,12,0,40,81.38,96.7625,3174,43863,13.28025,80.0,21.88694572448261,4.568933521324565,5586354.67,122268241.46
OUT0472,51.62,Needs Attention,Critical,5,100.0,High,2,3,"Inventory, Inventory Wastage, Audit",Marketing Growth,Immediate management intervention required | Review inventory levels and replenishment | Reduce inventory wastage and improve stock rotation | Review audit findings and compliance issues,"Health: Needs Attention | Risk Areas: Inventory, Inventory Wastage, Audit | Recommendation: Immediate management intervention required | Review inventory levels and replenishment | Reduce inventory wastage and improve stock rotation | Review audit findings and compliance issues",71.42,Good,Unknown,,,75.5,5,13,0,40,71.51,99.255,754,56307,14.9605,92.5,21.39003882740743,4.675073327677566,3987209.3,85286561.74
OUT0608,51.62,Needs Attention,Critical,5,100.0,High,2,3,"Inventory, Inventory Wastage, Audit",Marketing Growth,Immediate management intervention required | Review inventory levels and replenishment | Reduce inventory wastage and improve stock rotation | Review audit findings and compliance issues,"Health: Needs Attention | Risk Areas: Inventory, Inventory Wastage, Audit | Recommendation: Immediate management intervention required | Review inventory levels and replenishment | Reduce inventory wastage and improve stock rotation | Review audit findings and compliance issues",73.2,Good,Unknown,,,83.0,2,10,0,40,68.405,96.75750000000001,4800,91298,16.31,80.0,19.704054670253782,5.075097571210304,10072462.48,198468351.37
OUT0703,51.81,Needs Attention,Critical,5,100.0,High,2,3,"Inventory, Inventory Wastage, Audit",Marketing Growth,Immediate management intervention required | Review inventory levels and replenishment | Reduce inventory wastage and improve stock rotation | Review audit findings and compliance issues,"Health: Needs Attention | Risk Areas: Inventory, Inventory Wastage, Audit | Recommendation: Immediate management intervention required | Review inventory levels and replenishment | Reduce inventory wastage and improve stock rotation | Review audit findings and compliance issues",77.18,Good,Unknown,,,83.75,1,11,0,40,55.842499999999994,97.13,1660,42767,20.01975,80.0,20.096921540346173,4.975886470932477,4676148.34,93976186.3
OUT0572,51.84,Needs Attention,Critical,5,100.0,High,2,3,"Inventory, Inventory Wastage, Audit",Marketing Growth,Immediate management intervention required | Review inventory levels and replenishment | Reduce inventory wastage and improve stock rotation | Review audit findings and compliance issues,"Health: Needs Attention | Risk Areas: Inventory, Inventory Wastage, Audit | Recommendation: Immediate management intervention required | Review inventory levels and replenishment | Reduce inventory wastage and improve stock rotation | Review audit findings and compliance issues",79.24,Good,Unknown,,,76.375,5,12,0,40,54.095000000000006,99.465,389,55594,18.89375,92.5,20.91663382215325,4.780884001233882,5596216.26,117054006.3
OUT0617,51.94,Needs Attention,Critical,5,100.0,High,2,3,"Inventory, Inventory Wastage, Audit",Marketing Growth,Immediate management intervention required | Review inventory levels and replenishment | Reduce inventory wastage and improve stock rotation | Review audit findings and compliance issues,"Health: Needs Attention | Risk Areas: Inventory, Inventory Wastage, Audit | Recommendation: Immediate management intervention required | Review inventory levels and replenishment | Reduce inventory wastage and improve stock rotation | Review audit findings and compliance issues",74.95,Good,Unknown,,,76.75,1,19,0,40,48.245,99.3575,561,72613,20.74725,92.5,23.06938137669802,4.334749960005787,3741208.41,86307363.62
OUT0245,51.94,Needs Attention,Critical,5,100.0,High,2,3,"Inventory, Inventory Wastage, Audit",Marketing Growth,Immediate management intervention required | Review inventory levels and replenishment | Reduce inventory wastage and improve stock rotation | Review audit findings and compliance issues,"Health: Needs Attention | Risk Areas: Inventory, Inventory Wastage, Audit | Recommendation: Immediate management intervention required | Review inventory levels and replenishment | Reduce inventory wastage and improve stock rotation | Review audit findings and compliance issues",84.8,Excellent,Unknown,,,76.75,1,19,0,40,63.3575,97.9025,2534,80054,16.669999999999998,80.0,21.9974643887926,4.545978492455185,8010261.96,176205452.21
OUT0522,51.97,Needs Attention,Critical,5,100.0,High,2,3,"Inventory, Inventory Wastage, Audit",Marketing Growth,Immediate management intervention required | Review inventory levels and replenishment | Reduce inventory wastage and improve stock rotation | Review audit findings and compliance issues,"Health: Needs Attention | Risk Areas: Inventory, Inventory Wastage, Audit | Recommendation: Immediate management intervention required | Review inventory levels and replenishment | Reduce inventory wastage and improve stock rotation | Review audit findings and compliance issues",81.17,Excellent,Unknown,,,76.875,2,17,0,40,44.894999999999996,99.2375,1071,117630,22.6265,80.0,19.73695733088705,5.066637087141415,9196926.37,181519343.34
OUT0526,52.03,Needs Attention,Critical,5,100.0,High,2,3,"Inventory, Inventory Wastage, Audit",Marketing Growth,Immediate management intervention required | Review inventory levels and replenishment | Reduce inventory wastage and improve stock rotation | Review audit findings and compliance issues,"Health: Needs Attention | Risk Areas: Inventory, Inventory Wastage, Audit | Recommendation: Immediate management intervention required | Review inventory levels and replenishment | Reduce inventory wastage and improve stock rotation | Review audit findings and compliance issues",70.57,Good,Unknown,,,84.625,1,10,0,40,56.967499999999994,96.905,2112,49836,18.8405,80.0,19.477716928438696,5.13407194320571,6036238.3,117572140.92
OUT0530,52.03,Needs Attention,Critical,5,100.0,High,2,3,"Inventory, Inventory Wastage, Marketing",Marketing Growth,Immediate management intervention required | Review inventory levels and replenishment | Reduce inventory wastage and improve stock rotation | Review marketing effectiveness and conversion performance,"Health: Needs Attention | Risk Areas: Inventory, Inventory Wastage, Marketing | Recommendation: Immediate management intervention required | Review inventory levels and replenishment | Reduce inventory wastage and improve stock rotation | Review marketing effectiveness and conversion performance",71.23,Good,Unknown,,,78.625,2,15,0,40,76.25,98.01,758,19409,13.655750000000001,52.5,19.044663364131317,5.250814786694515,3229090.84,61496948.02
OUT0561,52.19,Needs Attention,Critical,5,100.0,High,2,3,"Inventory, Inventory Wastage, Audit",Marketing Growth,Immediate management intervention required | Review inventory levels and replenishment | Reduce inventory wastage and improve stock rotation | Review audit findings and compliance issues,"Health: Needs Attention | Risk Areas: Inventory, Inventory Wastage, Audit | Recommendation: Immediate management intervention required | Review inventory levels and replenishment | Reduce inventory wastage and improve stock rotation | Review audit findings and compliance issues",78.93,Good,Unknown,,,77.75,2,16,0,40,62.5825,96.6525,5186,104664,17.21,92.5,21.017265277868766,4.757992949030351,10570151.34,222155674.74
OUT0153,52.22,Needs Attention,Critical,5,100.0,High,2,3,"Inventory, Inventory Wastage, Marketing",Marketing Growth,Immediate management intervention required | Review inventory levels and replenishment | Reduce inventory wastage and improve stock rotation | Review marketing effectiveness and conversion performance,"Health: Needs Attention | Risk Areas: Inventory, Inventory Wastage, Marketing | Recommendation: Immediate management intervention required | Review inventory levels and replenishment | Reduce inventory wastage and improve stock rotation | Review marketing effectiveness and conversion performance",70.03,Good,Unknown,,,79.375,1,16,0,40,81.6375,96.965,1977,28818,13.500499999999999,52.5,19.219569493795227,5.203030173609436,5345933.17,102746534.07
OUT0106,52.41,Needs Attention,Critical,5,100.0,High,2,3,"Inventory, Inventory Wastage, Audit",Marketing Growth,Immediate management intervention required | Review inventory levels and replenishment | Reduce inventory wastage and improve stock rotation | Review audit findings and compliance issues,"Health: Needs Attention | Risk Areas: Inventory, Inventory Wastage, Audit | Recommendation: Immediate management intervention required | Review inventory levels and replenishment | Reduce inventory wastage and improve stock rotation | Review audit findings and compliance issues",68.64,Good,Unknown,,,78.625,2,15,0,40,71.9475,96.63,2618,45585,14.947999999999999,92.5,20.94065017181428,4.775400915421343,3476756.99,72805551.86
OUT0157,52.44,Needs Attention,Critical,5,100.0,High,2,3,"Inventory, Inventory Wastage, Audit",Marketing Growth,Immediate management intervention required | Review inventory levels and replenishment | Reduce inventory wastage and improve stock rotation | Review audit findings and compliance issues,"Health: Needs Attention | Risk Areas: Inventory, Inventory Wastage, Audit | Recommendation: Immediate management intervention required | Review inventory levels and replenishment | Reduce inventory wastage and improve stock rotation | Review audit findings and compliance issues",72.66,Good,Unknown,,,78.75,3,13,0,40,46.144999999999996,99.3,456,55163,21.901249999999997,92.5,21.360826539712374,4.6814667875368885,2649064.73,56586212.19
OUT0003,52.59,Needs Attention,Critical,5,100.0,High,2,3,"Inventory, Inventory Wastage, Audit",Marketing Growth,Immediate management intervention required | Review inventory levels and replenishment | Reduce inventory wastage and improve stock rotation | Review audit findings and compliance issues,"Health: Needs Attention | Risk Areas: Inventory, Inventory Wastage, Audit | Recommendation: Immediate management intervention required | Review inventory levels and replenishment | Reduce inventory wastage and improve stock rotation | Review audit findings and compliance issues",67.25,Good,Unknown,,,79.375,1,16,0,40,68.8575,96.83,4162,79358,16.07075,92.5,21.481949162500023,4.655071066575516,3289099.19,70656261.59
OUT0171,52.62,Needs Attention,Critical,5,100.0,High,2,3,"Inventory, Inventory Wastage, Audit",Marketing Growth,Immediate management intervention required | Review inventory levels and replenishment | Reduce inventory wastage and improve stock rotation | Review audit findings and compliance issues,"Health: Needs Attention | Risk Areas: Inventory, Inventory Wastage, Audit | Recommendation: Immediate management intervention required | Review inventory levels and replenishment | Reduce inventory wastage and improve stock rotation | Review audit findings and compliance issues",75.28,Good,Unknown,,,79.5,2,14,0,40,45.795,96.6925,3967,101148,22.18925,92.5,21.111375166667266,4.736782858081644,5459027.97,115247587.52
OUT0346,52.66,Needs Attention,Critical,5,100.0,High,2,3,"Inventory, Inventory Wastage, Audit",Marketing Growth,Immediate management intervention required | Review inventory levels and replenishment | Reduce inventory wastage and improve stock rotation | Review audit findings and compliance issues,"Health: Needs Attention | Risk Areas: Inventory, Inventory Wastage, Audit | Recommendation: Immediate management intervention required | Review inventory levels and replenishment | Reduce inventory wastage and improve stock rotation | Review audit findings and compliance issues",71.5,Good,Unknown,,,79.625,3,12,0,40,55.0175,96.7325,3651,84409,19.85975,92.5,21.02177414478342,4.756972428267437,6696372.76,140769635.75
OUT0463,52.66,Needs Attention,Critical,5,100.0,High,2,3,"Inventory, Inventory Wastage, Marketing",Marketing Growth,Immediate management intervention required | Review inventory levels and replenishment | Reduce inventory wastage and improve stock rotation | Review marketing effectiveness and conversion performance,"Health: Needs Attention | Risk Areas: Inventory, Inventory Wastage, Marketing | Recommendation: Immediate management intervention required | Review inventory levels and replenishment | Reduce inventory wastage and improve stock rotation | Review marketing effectiveness and conversion performance",73.53,Good,Unknown,,,81.125,1,14,0,40,70.0725,96.66749999999999,4575,81957,15.822,52.5,18.969056554917827,5.271743468658407,9989823.02,189497517.84
OUT0734,52.81,Needs Attention,Critical,5,100.0,High,2,3,"Inventory, Inventory Wastage, Audit",Marketing Growth,Immediate management intervention required | Review inventory levels and replenishment | Reduce inventory wastage and improve stock rotation | Review audit findings and compliance issues,"Health: Needs Attention | Risk Areas: Inventory, Inventory Wastage, Audit | Recommendation: Immediate management intervention required | Review inventory levels and replenishment | Reduce inventory wastage and improve stock rotation | Review audit findings and compliance issues",76.29,Good,Unknown,,,80.25,1,15,0,40,73.7775,99.35,813,67805,14.97575,92.5,21.34571691524264,4.684780576687568,6317765.24,134857228.35
OUT0134,52.91,Needs Attention,Critical,5,100.0,High,2,3,"Inventory, Inventory Wastage, Audit",Marketing Growth,Immediate management intervention required | Review inventory levels and replenishment | Reduce inventory wastage and improve stock rotation | Review audit findings and compliance issues,"Health: Needs Attention | Risk Areas: Inventory, Inventory Wastage, Audit | Recommendation: Immediate management intervention required | Review inventory levels and replenishment | Reduce inventory wastage and improve stock rotation | Review audit findings and compliance issues",71.84,Good,Unknown,,,80.625,4,9,0,40,67.1,99.275,283,24411,16.30525,92.5,21.828997543709388,4.581062405626487,2564126.56,55972312.38
OUT0513,53.12,Needs Attention,Critical,5,100.0,High,2,3,"Inventory, Inventory Wastage, Audit",Marketing Growth,Immediate management intervention required | Review inventory levels and replenishment | Reduce inventory wastage and improve stock rotation | Review audit findings and compliance issues,"Health: Needs Attention | Risk Areas: Inventory, Inventory Wastage, Audit | Recommendation: Immediate management intervention required | Review inventory levels and replenishment | Reduce inventory wastage and improve stock rotation | Review audit findings and compliance issues",83.79,Excellent,Unknown,,,71.0,4,20,0,40,65.3275,96.7325,2710,52714,15.38625,80.0,20.60857411238214,4.852349291837592,6295483.38,129740935.81
OUT0468,53.19,Needs Attention,Critical,5,100.0,High,2,3,"Inventory, Inventory Wastage, Audit",Marketing Growth,Immediate management intervention required | Review inventory levels and replenishment | Reduce inventory wastage and improve stock rotation | Review audit findings and compliance issues,"Health: Needs Attention | Risk Areas: Inventory, Inventory Wastage, Audit | Recommendation: Immediate management intervention required | Review inventory levels and replenishment | Reduce inventory wastage and improve stock rotation | Review audit findings and compliance issues",81.8,Excellent,Unknown,,,71.25,6,16,0,40,63.335,96.69500000000001,2243,45034,16.5075,80.0,19.69798485962945,5.076661430730795,6216121.31,122445063.45
OUT0506,53.28,Needs Attention,Critical,5,100.0,High,2,3,"Inventory, Inventory Wastage, Audit",Marketing Growth,Immediate management intervention required | Review inventory levels and replenishment | Reduce inventory wastage and improve stock rotation | Review audit findings and compliance issues,"Health: Needs Attention | Risk Areas: Inventory, Inventory Wastage, Audit | Recommendation: Immediate management intervention required | Review inventory levels and replenishment | Reduce inventory wastage and improve stock rotation | Review audit findings and compliance issues",77.88,Good,Unknown,,,82.125,2,11,0,40,62.265,96.725,2327,48557,17.5595,92.5,21.45968875837229,4.659899830140171,4182034.42,89745157.03
OUT0413,53.56,Needs Attention,Critical,5,100.0,High,2,3,"Inventory, Inventory Wastage, Audit",Marketing Growth,Immediate management intervention required | Review inventory levels and replenishment | Reduce inventory wastage and improve stock rotation | Review audit findings and compliance issues,"Health: Needs Attention | Risk Areas: Inventory, Inventory Wastage, Audit | Recommendation: Immediate management intervention required | Review inventory levels and replenishment | Reduce inventory wastage and improve stock rotation | Review audit findings and compliance issues",88.25,Excellent,Unknown,,,72.75,4,18,0,40,49.275,96.9625,2872,76681,19.981,80.0,19.69572785432197,5.077243183884485,7658940.37,150848405.18
OUT0175,53.69,Needs Attention,Critical,5,100.0,High,2,3,"Inventory, Inventory Wastage, Audit",Marketing Growth,Immediate management intervention required | Review inventory levels and replenishment | Reduce inventory wastage and improve stock rotation | Review audit findings and compliance issues,"Health: Needs Attention | Risk Areas: Inventory, Inventory Wastage, Audit | Recommendation: Immediate management intervention required | Review inventory levels and replenishment | Reduce inventory wastage and improve stock rotation | Review audit findings and compliance issues",73.38,Good,Unknown,,,83.75,1,11,0,40,74.27250000000001,97.91,4534,118247,15.196000000000002,92.5,21.950170640310475,4.555773239245559,4704837.9,103271994.74
OUT0515,54.0,Needs Attention,Critical,5,100.0,High,2,3,"Inventory, Inventory Wastage, Audit",Marketing Growth,Immediate management intervention required | Review inventory levels and replenishment | Reduce inventory wastage and improve stock rotation | Review audit findings and compliance issues,"Health: Needs Attention | Risk Areas: Inventory, Inventory Wastage, Audit | Recommendation: Immediate management intervention required | Review inventory levels and replenishment | Reduce inventory wastage and improve stock rotation | Review audit findings and compliance issues",87.62,Excellent,Unknown,,,74.5,4,16,0,40,74.35249999999999,98.0675,1916,51541,13.979499999999998,80.0,20.313501997030773,4.922834084177953,8593638.24,174566887.55
OUT0642,54.0,Needs Attention,Critical,5,100.0,High,2,3,"Inventory, Inventory Wastage, Audit",Marketing Growth,Immediate management intervention required | Review inventory levels and replenishment | Reduce inventory wastage and improve stock rotation | Review audit findings and compliance issues,"Health: Needs Attention | Risk Areas: Inventory, Inventory Wastage, Audit | Recommendation: Immediate management intervention required | Review inventory levels and replenishment | Reduce inventory wastage and improve stock rotation | Review audit findings and compliance issues",81.56,Excellent,Unknown,,,74.5,4,16,0,40,71.9325,99.25750000000001,832,63360,14.4695,80.0,20.362399773516863,4.911012508950885,8549051.59,174079206.16
OUT0009,54.16,Needs Attention,Critical,5,100.0,High,2,3,"Inventory, Inventory Wastage, Audit",Marketing Growth,Immediate management intervention required | Review inventory levels and replenishment | Reduce inventory wastage and improve stock rotation | Review audit findings and compliance issues,"Health: Needs Attention | Risk Areas: Inventory, Inventory Wastage, Audit | Recommendation: Immediate management intervention required | Review inventory levels and replenishment | Reduce inventory wastage and improve stock rotation | Review audit findings and compliance issues",83.45,Excellent,Unknown,,,75.125,2,19,0,40,47.292500000000004,99.215,1272,136258,21.20425,80.0,20.704535744788416,4.8298595647174185,9531345.13,197342075.94
OUT0723,54.38,Needs Attention,Critical,5,100.0,High,2,3,"Inventory, Inventory Wastage, Audit",Marketing Growth,Immediate management intervention required | Review inventory levels and replenishment | Reduce inventory wastage and improve stock rotation | Review audit findings and compliance issues,"Health: Needs Attention | Risk Areas: Inventory, Inventory Wastage, Audit | Recommendation: Immediate management intervention required | Review inventory levels and replenishment | Reduce inventory wastage and improve stock rotation | Review audit findings and compliance issues",91.93,Excellent,Unknown,,,76.0,2,18,0,40,73.6825,96.865,7109,123891,14.216,80.0,20.70349715683774,4.8301018539263065,14502578.91,300254101.23
OUT0033,54.38,Needs Attention,Critical,5,100.0,High,2,3,"Inventory, Inventory Wastage, Audit",Marketing Growth,Immediate management intervention required | Review inventory levels and replenishment | Reduce inventory wastage and improve stock rotation | Review audit findings and compliance issues,"Health: Needs Attention | Risk Areas: Inventory, Inventory Wastage, Audit | Recommendation: Immediate management intervention required | Review inventory levels and replenishment | Reduce inventory wastage and improve stock rotation | Review audit findings and compliance issues",86.51,Excellent,Unknown,,,76.0,2,18,0,40,44.410000000000004,96.725,4850,128240,22.7915,80.0,19.37883220181085,5.160269667367031,9145965.03,177238121.64
OUT0021,54.41,Needs Attention,Critical,5,100.0,High,2,3,"Inventory, Inventory Wastage, Audit",Marketing Growth,Immediate management intervention required | Review inventory levels and replenishment | Reduce inventory wastage and improve stock rotation | Review audit findings and compliance issues,"Health: Needs Attention | Risk Areas: Inventory, Inventory Wastage, Audit | Recommendation: Immediate management intervention required | Review inventory levels and replenishment | Reduce inventory wastage and improve stock rotation | Review audit findings and compliance issues",90.54,Excellent,Unknown,,,76.125,3,16,0,40,58.8775,96.83500000000001,5870,132321,17.10275,80.0,19.50835820678742,5.126007987961162,9944725.24,194005262.25
OUT0290,54.44,Needs Attention,Critical,5,100.0,High,2,3,"Inventory, Inventory Wastage, Audit",Marketing Growth,Immediate management intervention required | Review inventory levels and replenishment | Reduce inventory wastage and improve stock rotation | Review audit findings and compliance issues,"Health: Needs Attention | Risk Areas: Inventory, Inventory Wastage, Audit | Recommendation: Immediate management intervention required | Review inventory levels and replenishment | Reduce inventory wastage and improve stock rotation | Review audit findings and compliance issues",83.38,Excellent,Unknown,,,76.25,4,14,0,40,58.05,98.0925,2368,88945,17.944499999999998,80.0,19.421766732568013,5.148862169800021,10572262.57,205332017.47
OUT0476,54.81,Needs Attention,Critical,5,100.0,High,2,3,"Inventory, Inventory Wastage, Audit",Marketing Growth,Immediate management intervention required | Review inventory levels and replenishment | Reduce inventory wastage and improve stock rotation | Review audit findings and compliance issues,"Health: Needs Attention | Risk Areas: Inventory, Inventory Wastage, Audit | Recommendation: Immediate management intervention required | Review inventory levels and replenishment | Reduce inventory wastage and improve stock rotation | Review audit findings and compliance issues",88.02,Excellent,Unknown,,,77.75,2,16,0,40,68.735,96.78,4434,83335,14.789750000000002,80.0,20.73838936507002,4.821975238271469,10786133.64,223687039.17
OUT0116,54.81,Needs Attention,Critical,5,100.0,High,2,3,"Inventory, Inventory Wastage, Audit",Marketing Growth,Immediate management intervention required | Review inventory levels and replenishment | Reduce inventory wastage and improve stock rotation | Review audit findings and compliance issues,"Health: Needs Attention | Risk Areas: Inventory, Inventory Wastage, Audit | Recommendation: Immediate management intervention required | Review inventory levels and replenishment | Reduce inventory wastage and improve stock rotation | Review audit findings and compliance issues",86.99,Excellent,Unknown,,,77.75,2,16,0,40,61.295,96.79499999999999,4014,85009,17.43825,80.0,20.67173894891216,4.837522389729212,9489175.55,196157759.81
OUT0521,54.88,Needs Attention,Critical,5,100.0,High,2,3,"Inventory, Inventory Wastage, Audit",Marketing Growth,Immediate management intervention required | Review inventory levels and replenishment | Reduce inventory wastage and improve stock rotation | Review audit findings and compliance issues,"Health: Needs Attention | Risk Areas: Inventory, Inventory Wastage, Audit | Recommendation: Immediate management intervention required | Review inventory levels and replenishment | Reduce inventory wastage and improve stock rotation | Review audit findings and compliance issues",83.63,Excellent,Unknown,,,78.0,4,12,0,40,54.95,96.7025,3975,89924,19.163,80.0,20.056891118274915,4.985817563165839,9923007.09,199024672.77
OUT0735,55.0,Needs Attention,Critical,5,100.0,High,2,3,"Inventory, Inventory Wastage, Audit",Marketing Growth,Immediate management intervention required | Review inventory levels and replenishment | Reduce inventory wastage and improve stock rotation | Review audit findings and compliance issues,"Health: Needs Attention | Risk Areas: Inventory, Inventory Wastage, Audit | Recommendation: Immediate management intervention required | Review inventory levels and replenishment | Reduce inventory wastage and improve stock rotation | Review audit findings and compliance issues",83.81,Excellent,Unknown,,,78.5,1,17,0,40,50.505,97.99249999999999,4598,181033,20.393,80.0,20.474066472198835,4.884227573246733,14246270.42,291679087.56
OUT0137,55.0,Needs Attention,Critical,5,100.0,High,2,3,"Inventory, Inventory Wastage, Audit",Marketing Growth,Immediate management intervention required | Review inventory levels and replenishment | Reduce inventory wastage and improve stock rotation | Review audit findings and compliance issues,"Health: Needs Attention | Risk Areas: Inventory, Inventory Wastage, Audit | Recommendation: Immediate management intervention required | Review inventory levels and replenishment | Reduce inventory wastage and improve stock rotation | Review audit findings and compliance issues",80.94,Excellent,Unknown,,,78.5,1,17,0,40,65.4125,99.2975,806,75106,16.174500000000002,80.0,20.28340537732786,4.930138610342857,9185410.54,186311405.54
OUT0354,55.09,Needs Attention,Critical,5,100.0,High,2,3,"Inventory, Inventory Wastage, Audit",Marketing Growth,Immediate management intervention required | Review inventory levels and replenishment | Reduce inventory wastage and improve stock rotation | Review audit findings and compliance issues,"Health: Needs Attention | Risk Areas: Inventory, Inventory Wastage, Audit | Recommendation: Immediate management intervention required | Review inventory levels and replenishment | Reduce inventory wastage and improve stock rotation | Review audit findings and compliance issues",87.34,Excellent,Unknown,,,78.875,4,11,0,40,60.9,99.3275,973,99905,17.721,80.0,21.3481464315009,4.68424742732896,10709376.81,228625344.33
OUT0441,55.22,Needs Attention,Critical,5,100.0,High,2,3,"Inventory, Inventory Wastage, Audit",Marketing Growth,Immediate management intervention required | Review inventory levels and replenishment | Reduce inventory wastage and improve stock rotation | Review audit findings and compliance issues,"Health: Needs Attention | Risk Areas: Inventory, Inventory Wastage, Audit | Recommendation: Immediate management intervention required | Review inventory levels and replenishment | Reduce inventory wastage and improve stock rotation | Review audit findings and compliance issues",81.67,Excellent,Unknown,,,79.375,1,16,0,40,79.2325,96.69,2906,41790,13.435749999999999,80.0,20.17254109919664,4.957233672657257,6348749.4,128070408.2
OUT0469,55.22,Needs Attention,Critical,5,100.0,High,2,3,"Inventory, Inventory Wastage, Audit",Marketing Growth,Immediate management intervention required | Review inventory levels and replenishment | Reduce inventory wastage and improve stock rotation | Review audit findings and compliance issues,"Health: Needs Attention | Risk Areas: Inventory, Inventory Wastage, Audit | Recommendation: Immediate management intervention required | Review inventory levels and replenishment | Reduce inventory wastage and improve stock rotation | Review audit findings and compliance issues",83.0,Excellent,Unknown,,,79.375,1,16,0,40,49.2625,99.385,942,123480,20.6525,80.0,19.747972340895505,5.063811021899848,9007908.41,177887926.13
OUT0061,55.22,Needs Attention,Critical,5,100.0,High,2,3,"Inventory, Inventory Wastage, Audit",Marketing Growth,Immediate management intervention required | Review inventory levels and replenishment | Reduce inventory wastage and improve stock rotation | Review audit findings and compliance issues,"Health: Needs Attention | Risk Areas: Inventory, Inventory Wastage, Audit | Recommendation: Immediate management intervention required | Review inventory levels and replenishment | Reduce inventory wastage and improve stock rotation | Review audit findings and compliance issues",86.58,Excellent,Unknown,,,71.875,4,19,0,40,70.2875,96.4125,3828,62013,14.578,92.5,21.184348905453124,4.720466059462357,7605510.25,161117782.74
OUT0606,55.25,Needs Attention,Critical,5,100.0,High,2,3,"Inventory, Inventory Wastage, Audit",Marketing Growth,Immediate management intervention required | Review inventory levels and replenishment | Reduce inventory wastage and improve stock rotation | Review audit findings and compliance issues,"Health: Needs Attention | Risk Areas: Inventory, Inventory Wastage, Audit | Recommendation: Immediate management intervention required | Review inventory levels and replenishment | Reduce inventory wastage and improve stock rotation | Review audit findings and compliance issues",93.42,Excellent,Unknown,,,79.5,2,14,0,40,63.49249999999999,96.9025,4218,91068,17.81975,80.0,20.21989329955453,4.945624515348116,9087639.66,183751104.27
OUT0604,55.34,Needs Attention,Critical,5,100.0,High,2,3,"Inventory, Inventory Wastage, Audit",Marketing Growth,Immediate management intervention required | Review inventory levels and replenishment | Reduce inventory wastage and improve stock rotation | Review audit findings and compliance issues,"Health: Needs Attention | Risk Areas: Inventory, Inventory Wastage, Audit | Recommendation: Immediate management intervention required | Review inventory levels and replenishment | Reduce inventory wastage and improve stock rotation | Review audit findings and compliance issues",92.32,Excellent,Unknown,,,72.375,8,11,0,40,42.3925,99.385,962,135447,23.744,92.5,20.992506779312794,4.763604511422413,13003239.07,272970584.33
OUT0445,55.66,Needs Attention,Critical,5,100.0,High,2,3,"Inventory, Inventory Wastage, Audit",Marketing Growth,Immediate management intervention required | Review inventory levels and replenishment | Reduce inventory wastage and improve stock rotation | Review audit findings and compliance issues,"Health: Needs Attention | Risk Areas: Inventory, Inventory Wastage, Audit | Recommendation: Immediate management intervention required | Review inventory levels and replenishment | Reduce inventory wastage and improve stock rotation | Review audit findings and compliance issues",87.77,Excellent,Unknown,,,73.625,4,17,0,40,59.345000000000006,98.08250000000001,3023,110937,17.35025,92.5,20.96788131061757,4.769199067783863,12401670.73,260036759.92
OUT0276,55.69,Needs Attention,Critical,5,100.0,High,2,3,"Inventory, Inventory Wastage, Audit",Marketing Growth,Immediate management intervention required | Review inventory levels and replenishment | Reduce inventory wastage and improve stock rotation | Review audit findings and compliance issues,"Health: Needs Attention | Risk Areas: Inventory, Inventory Wastage, Audit | Recommendation: Immediate management intervention required | Review inventory levels and replenishment | Reduce inventory wastage and improve stock rotation | Review audit findings and compliance issues",86.11,Excellent,Unknown,,,81.25,2,12,0,40,62.8975,96.6525,2858,57311,17.17275,80.0,20.22620035333002,4.94408234137442,7148059.48,144578083.18
OUT0732,55.72,Needs Attention,Critical,5,100.0,High,2,3,"Inventory, Inventory Wastage, Audit",Marketing Growth,Immediate management intervention required | Review inventory levels and replenishment | Reduce inventory wastage and improve stock rotation | Review audit findings and compliance issues,"Health: Needs Attention | Risk Areas: Inventory, Inventory Wastage, Audit | Recommendation: Immediate management intervention required | Review inventory levels and replenishment | Reduce inventory wastage and improve stock rotation | Review audit findings and compliance issues",81.05,Excellent,Unknown,,,81.375,3,10,0,40,63.8875,99.25,840,75406,16.8745,80.0,20.05100369737751,4.987281510155977,7712512.43,154643615.25
OUT0419,56.03,Needs Attention,Critical,5,100.0,High,2,3,"Inventory, Inventory Wastage, Audit",Marketing Growth,Immediate management intervention required | Review inventory levels and replenishment | Reduce inventory wastage and improve stock rotation | Review audit findings and compliance issues,"Health: Needs Attention | Risk Areas: Inventory, Inventory Wastage, Audit | Recommendation: Immediate management intervention required | Review inventory levels and replenishment | Reduce inventory wastage and improve stock rotation | Review audit findings and compliance issues",82.14,Excellent,Unknown,,,75.125,2,19,0,40,51.042500000000004,99.295,666,75196,19.8405,92.5,21.059503287574486,4.748450076645537,6280470.63,132263591.88
OUT0595,56.09,Needs Attention,Critical,5,100.0,High,2,3,"Inventory, Inventory Wastage, Audit",Marketing Growth,Immediate management intervention required | Review inventory levels and replenishment | Reduce inventory wastage and improve stock rotation | Review audit findings and compliance issues,"Health: Needs Attention | Risk Areas: Inventory, Inventory Wastage, Audit | Recommendation: Immediate management intervention required | Review inventory levels and replenishment | Reduce inventory wastage and improve stock rotation | Review audit findings and compliance issues",94.61,Excellent,Unknown,,,82.875,1,12,0,40,55.295,97.935,3848,138798,19.794999999999998,80.0,20.515988652038104,4.874247188183436,14919662.36,306091623.67
OUT0294,56.28,Needs Attention,Critical,5,100.0,High,2,3,"Inventory, Inventory Wastage, Marketing",Marketing Growth,Immediate management intervention required | Review inventory levels and replenishment | Reduce inventory wastage and improve stock rotation | Review marketing effectiveness and conversion performance,"Health: Needs Attention | Risk Areas: Inventory, Inventory Wastage, Marketing | Recommendation: Immediate management intervention required | Review inventory levels and replenishment | Reduce inventory wastage and improve stock rotation | Review marketing effectiveness and conversion performance",84.85,Excellent,Unknown,,,77.625,1,18,0,40,51.697500000000005,99.2775,805,88230,19.669249999999998,52.5,17.602429609794434,5.68103393774445,8529964.790000001,150148104.79
OUT0250,56.31,Needs Attention,Critical,5,100.0,High,2,3,"Inventory, Inventory Wastage, Audit",Marketing Growth,Immediate management intervention required | Review inventory levels and replenishment | Reduce inventory wastage and improve stock rotation | Review audit findings and compliance issues,"Health: Needs Attention | Risk Areas: Inventory, Inventory Wastage, Audit | Recommendation: Immediate management intervention required | Review inventory levels and replenishment | Reduce inventory wastage and improve stock rotation | Review audit findings and compliance issues",90.15,Excellent,Unknown,,,76.25,4,14,0,40,41.9425,98.045,3682,165479,24.244,92.5,22.561862312567893,4.432258233589869,8940360.65,201711186.01
OUT0129,56.44,Needs Attention,Critical,5,100.0,High,2,3,"Inventory, Inventory Wastage, Audit",Marketing Growth,Immediate management intervention required | Review inventory levels and replenishment | Reduce inventory wastage and improve stock rotation | Review audit findings and compliance issues,"Health: Needs Attention | Risk Areas: Inventory, Inventory Wastage, Audit | Recommendation: Immediate management intervention required | Review inventory levels and replenishment | Reduce inventory wastage and improve stock rotation | Review audit findings and compliance issues",82.59,Excellent,Unknown,,,76.75,1,19,0,40,60.864999999999995,99.225,1321,116687,16.86675,92.5,21.28526830411665,4.698085012189375,11120548.53,236703859.15
OUT0713,56.5,Needs Attention,Critical,5,100.0,High,2,3,"Inventory, Inventory Wastage, Marketing",Marketing Growth,Immediate management intervention required | Review inventory levels and replenishment | Reduce inventory wastage and improve stock rotation | Review marketing effectiveness and conversion performance,"Health: Needs Attention | Risk Areas: Inventory, Inventory Wastage, Marketing | Recommendation: Immediate management intervention required | Review inventory levels and replenishment | Reduce inventory wastage and improve stock rotation | Review marketing effectiveness and conversion performance",85.55,Excellent,Unknown,,,78.5,1,17,0,40,71.52000000000001,96.7525,3562,63837,15.62475,52.5,19.167847191485347,5.217069971447891,8695039.56,166665189.60999998
OUT0594,56.72,Needs Attention,Critical,5,100.0,High,2,3,"Inventory, Inventory Wastage, Audit",Marketing Growth,Immediate management intervention required | Review inventory levels and replenishment | Reduce inventory wastage and improve stock rotation | Review audit findings and compliance issues,"Health: Needs Attention | Risk Areas: Inventory, Inventory Wastage, Audit | Recommendation: Immediate management intervention required | Review inventory levels and replenishment | Reduce inventory wastage and improve stock rotation | Review audit findings and compliance issues",80.45,Excellent,Unknown,,,77.875,3,14,0,40,76.8175,99.2775,1026,71319,13.752500000000001,92.5,21.745512545710717,4.598649941673825,6747769.57,146733707.84
OUT0118,56.97,Needs Attention,Critical,5,100.0,High,2,3,"Inventory, Inventory Wastage, Audit",Marketing Growth,Immediate management intervention required | Review inventory levels and replenishment | Reduce inventory wastage and improve stock rotation | Review audit findings and compliance issues,"Health: Needs Attention | Risk Areas: Inventory, Inventory Wastage, Audit | Recommendation: Immediate management intervention required | Review inventory levels and replenishment | Reduce inventory wastage and improve stock rotation | Review audit findings and compliance issues",87.63,Excellent,Unknown,,,78.875,4,11,0,40,48.339999999999996,96.9275,3054,80709,22.31525,92.5,22.36092300028585,4.472087310471112,7253314.33,162190803.23
OUT0158,56.97,Needs Attention,Critical,5,100.0,High,2,3,"Inventory, Inventory Wastage, Audit",Marketing Growth,Immediate management intervention required | Review inventory levels and replenishment | Reduce inventory wastage and improve stock rotation | Review audit findings and compliance issues,"Health: Needs Attention | Risk Areas: Inventory, Inventory Wastage, Audit | Recommendation: Immediate management intervention required | Review inventory levels and replenishment | Reduce inventory wastage and improve stock rotation | Review audit findings and compliance issues",82.58,Excellent,Unknown,,,78.875,4,11,0,40,65.08500000000001,96.675,4458,87003,16.504749999999998,92.5,21.64366928327967,4.620288671535596,8217442.4,177855605.66
OUT0039,56.97,Needs Attention,Critical,5,100.0,High,2,3,"Inventory, Inventory Wastage, Audit",Marketing Growth,Immediate management intervention required | Review inventory levels and replenishment | Reduce inventory wastage and improve stock rotation | Review audit findings and compliance issues,"Health: Needs Attention | Risk Areas: Inventory, Inventory Wastage, Audit | Recommendation: Immediate management intervention required | Review inventory levels and replenishment | Reduce inventory wastage and improve stock rotation | Review audit findings and compliance issues",81.13,Excellent,Unknown,,,78.875,4,11,0,40,54.5025,99.1975,787,74203,20.10125,92.5,21.149252669133507,4.728299461188339,5325282.52,112625745.55
OUT0710,46.68,Critical,High,5,100.0,High,1,2,"Inventory Wastage, Audit",Marketing Growth,Prioritize corrective action | Reduce inventory wastage and improve stock rotation | Review audit findings and compliance issues,"Health: Critical | Risk Areas: Inventory Wastage, Audit | Recommendation: Prioritize corrective action | Reduce inventory wastage and improve stock rotation | Review audit findings and compliance issues",53.11,Needs Improvement,Unknown,,,81.0,0,16,0,40,63.739999999999995,97.77250000000001,930,27969,16.973,80.0,20.163296001223184,4.959506620045334,2757915.36,55608663.75
OUT0371,49.78,Critical,High,5,100.0,High,1,2,"Inventory Wastage, Audit",Marketing Growth,Prioritize corrective action | Reduce inventory wastage and improve stock rotation | Review audit findings and compliance issues,"Health: Critical | Risk Areas: Inventory Wastage, Audit | Recommendation: Prioritize corrective action | Reduce inventory wastage and improve stock rotation | Review audit findings and compliance issues",51.66,Needs Improvement,Unknown,,,80.125,0,17,0,40,57.6725,96.595,1369,28771,19.048750000000002,80.0,20.339544637551462,4.916530914629086,1444341.32,29377244.75
OUT0071,50.96,Needs Attention,High,5,100.0,High,1,2,"Inventory Wastage, Audit",Marketing Growth,Prioritize corrective action | Reduce inventory wastage and improve stock rotation | Review audit findings and compliance issues,"Health: Needs Attention | Risk Areas: Inventory Wastage, Audit | Recommendation: Prioritize corrective action | Reduce inventory wastage and improve stock rotation | Review audit findings and compliance issues",58.62,Needs Improvement,Unknown,,,81.0,0,16,0,40,74.14500000000001,96.815,1329,23274,14.9525,80.0,21.012785442728863,4.759007332585856,3601384.87,75675127.57
OUT0318,51.05,Needs Attention,High,5,100.0,High,1,2,"Inventory Wastage, Audit",Marketing Growth,Prioritize corrective action | Reduce inventory wastage and improve stock rotation | Review audit findings and compliance issues,"Health: Needs Attention | Risk Areas: Inventory Wastage, Audit | Recommendation: Prioritize corrective action | Reduce inventory wastage and improve stock rotation | Review audit findings and compliance issues",52.97,Needs Improvement,Unknown,,,83.625,0,13,0,40,72.58500000000001,96.83,2120,38135,15.022499999999999,80.0,19.52912552491372,5.120556978981361,3801074.67,74231664.36
OUT0257,51.87,Needs Attention,High,5,100.0,High,1,2,"Inventory, Inventory Wastage",Marketing Growth,Prioritize corrective action | Review inventory levels and replenishment | Reduce inventory wastage and improve stock rotation,"Health: Needs Attention | Risk Areas: Inventory, Inventory Wastage | Recommendation: Prioritize corrective action | Review inventory levels and replenishment | Reduce inventory wastage and improve stock rotation",55.52,Needs Improvement,Unknown,,,77.875,3,14,0,40,68.7225,99.36,381,37135,15.84075,80.0,20.11987177407567,4.97021060188114,3447695.95,69367200.43
OUT0065,51.89,Needs Attention,High,5,100.0,High,1,2,"Inventory Wastage, Audit",Marketing Growth,Prioritize corrective action | Reduce inventory wastage and improve stock rotation | Review audit findings and compliance issues,"Health: Needs Attention | Risk Areas: Inventory Wastage, Audit | Recommendation: Prioritize corrective action | Reduce inventory wastage and improve stock rotation | Review audit findings and compliance issues",55.05,Needs Improvement,Unknown,,,74.0,0,24,0,40,53.260000000000005,98.075,1771,71110,18.613999999999997,80.0,20.31027811974101,4.923615492138577,2526156.89,51306949.01
OUT0477,51.98,Needs Attention,High,5,100.0,High,1,2,"Inventory Wastage, Audit",Marketing Growth,Prioritize corrective action | Reduce inventory wastage and improve stock rotation | Review audit findings and compliance issues,"Health: Needs Attention | Risk Areas: Inventory Wastage, Audit | Recommendation: Prioritize corrective action | Reduce inventory wastage and improve stock rotation | Review audit findings and compliance issues",52.43,Needs Improvement,Unknown,,,77.5,0,20,0,40,74.66499999999999,99.2675,251,18331,13.999500000000001,80.0,19.403922890704507,5.153597061958292,2317921.32,44976766.56
OUT0375,52.52,Needs Attention,High,5,100.0,High,1,2,"Inventory Wastage, Audit",Marketing Growth,Prioritize corrective action | Reduce inventory wastage and improve stock rotation | Review audit findings and compliance issues,"Health: Needs Attention | Risk Areas: Inventory Wastage, Audit | Recommendation: Prioritize corrective action | Reduce inventory wastage and improve stock rotation | Review audit findings and compliance issues",61.52,Needs Improvement,Unknown,,,79.25,0,18,0,40,73.49249999999999,97.8875,1920,50477,14.2405,80.0,20.485469219206184,4.881508884660784,4613623.38,94512239.74
OUT0180,52.67,Needs Attention,High,5,100.0,High,1,2,"Inventory Wastage, Audit",Marketing Growth,Prioritize corrective action | Reduce inventory wastage and improve stock rotation | Review audit findings and compliance issues,"Health: Needs Attention | Risk Areas: Inventory Wastage, Audit | Recommendation: Prioritize corrective action | Reduce inventory wastage and improve stock rotation | Review audit findings and compliance issues",53.99,Needs Improvement,Unknown,,,78.375,0,19,0,40,65.11749999999999,98.11,617,21262,16.9045,80.0,19.89871344520058,5.025450528517423,2214309.1,44061902.26
OUT0545,52.91,Needs Attention,High,5,100.0,High,1,2,"Performance, Inventory Wastage",Marketing Growth,Prioritize corrective action | Review outlet performance and revenue drivers | Reduce inventory wastage and improve stock rotation,"Health: Needs Attention | Risk Areas: Performance, Inventory Wastage | Recommendation: Prioritize corrective action | Review outlet performance and revenue drivers | Reduce inventory wastage and improve stock rotation",46.45,Critical,Unknown,,,83.625,0,13,0,40,76.49249999999999,97.94,1232,31160,14.617500000000001,80.0,21.703970260194588,4.607451945481216,3239241.1,70304392.5
OUT0705,53.34,Needs Attention,High,5,100.0,High,1,2,"Inventory Wastage, Audit",Marketing Growth,Prioritize corrective action | Reduce inventory wastage and improve stock rotation | Review audit findings and compliance issues,"Health: Needs Attention | Risk Areas: Inventory Wastage, Audit | Recommendation: Prioritize corrective action | Reduce inventory wastage and improve stock rotation | Review audit findings and compliance issues",51.12,Needs Improvement,Unknown,,,84.5,0,12,0,40,49.339999999999996,98.065,652,26987,21.529249999999998,80.0,19.338128262238605,5.171131282403847,2099518.79,40600763.65
OUT0503,54.04,Needs Attention,High,5,100.0,High,1,2,"Inventory Wastage, Marketing",Marketing Growth,Prioritize corrective action | Reduce inventory wastage and improve stock rotation | Review marketing effectiveness and conversion performance,"Health: Needs Attention | Risk Areas: Inventory Wastage, Marketing | Recommendation: Prioritize corrective action | Reduce inventory wastage and improve stock rotation | Review marketing effectiveness and conversion performance",50.67,Needs Improvement,Unknown,,,81.875,0,15,0,40,82.015,97.0175,1435,20640,13.270750000000001,52.5,21.723161950633248,4.603381415065357,2673165.96,58069617.07
OUT0269,54.26,Needs Attention,High,5,100.0,High,1,2,"Inventory, Inventory Wastage",Marketing Growth,Prioritize corrective action | Review inventory levels and replenishment | Reduce inventory wastage and improve stock rotation,"Health: Needs Attention | Risk Areas: Inventory, Inventory Wastage | Recommendation: Prioritize corrective action | Review inventory levels and replenishment | Reduce inventory wastage and improve stock rotation",52.64,Needs Improvement,Unknown,,,75.875,1,20,0,40,65.6875,99.3,513,48054,16.02975,80.0,22.80554847704404,4.384897828730562,4486858.25,102325263.33
OUT0529,55.2,Needs Attention,High,5,100.0,High,1,2,"Inventory, Inventory Wastage",Marketing Growth,Prioritize corrective action | Review inventory levels and replenishment | Reduce inventory wastage and improve stock rotation,"Health: Needs Attention | Risk Areas: Inventory, Inventory Wastage | Recommendation: Prioritize corrective action | Review inventory levels and replenishment | Reduce inventory wastage and improve stock rotation",53.48,Needs Improvement,Unknown,,,78.625,2,15,0,40,75.115,99.2475,647,44949,14.30125,80.0,21.53360960203965,4.643903267872379,3637058.09,78318989.01
OUT0066,55.38,Needs Attention,High,5,100.0,High,1,2,"Inventory, Inventory Wastage",Marketing Growth,Prioritize corrective action | Review inventory levels and replenishment | Reduce inventory wastage and improve stock rotation,"Health: Needs Attention | Risk Areas: Inventory, Inventory Wastage | Recommendation: Prioritize corrective action | Review inventory levels and replenishment | Reduce inventory wastage and improve stock rotation",55.55,Needs Improvement,Unknown,,,76.875,2,17,0,40,52.61749999999999,96.7225,1010,23884,19.765,80.0,19.821280356169023,5.045082769785695,2398393.88,47539237.5
OUT0181,55.45,Needs Attention,High,5,100.0,High,1,2,"Inventory Wastage, Audit",Marketing Growth,Prioritize corrective action | Reduce inventory wastage and improve stock rotation | Review audit findings and compliance issues,"Health: Needs Attention | Risk Areas: Inventory Wastage, Audit | Recommendation: Prioritize corrective action | Reduce inventory wastage and improve stock rotation | Review audit findings and compliance issues",58.9,Needs Improvement,Unknown,,,83.625,0,13,0,40,82.7525,96.6575,3344,44182,12.99,80.0,19.47937234372537,5.133635634425956,4399928.61,85707847.68
OUT0338,55.48,Needs Attention,High,5,100.0,High,1,2,"Inventory Wastage, Audit",Marketing Growth,Prioritize corrective action | Reduce inventory wastage and improve stock rotation | Review audit findings and compliance issues,"Health: Needs Attention | Risk Areas: Inventory Wastage, Audit | Recommendation: Prioritize corrective action | Reduce inventory wastage and improve stock rotation | Review audit findings and compliance issues",58.99,Needs Improvement,Unknown,,,83.625,0,13,0,40,55.239999999999995,96.64500000000001,2014,45208,19.53675,80.0,20.717344829795262,4.826873367294733,3713706.03,76938128.42
OUT0081,55.52,Needs Attention,High,5,100.0,High,1,2,"Inventory, Inventory Wastage",Marketing Growth,Prioritize corrective action | Review inventory levels and replenishment | Reduce inventory wastage and improve stock rotation,"Health: Needs Attention | Risk Areas: Inventory, Inventory Wastage | Recommendation: Prioritize corrective action | Review inventory levels and replenishment | Reduce inventory wastage and improve stock rotation",52.36,Needs Improvement,Unknown,,,81.25,2,12,0,40,82.635,96.64,1705,21567,13.144499999999999,80.0,19.475505974794583,5.134654787886955,2058059.04,40081741.13
OUT0499,55.67,Needs Attention,High,5,100.0,High,1,2,"Inventory, Inventory Wastage",Marketing Growth,Prioritize corrective action | Review inventory levels and replenishment | Reduce inventory wastage and improve stock rotation,"Health: Needs Attention | Risk Areas: Inventory, Inventory Wastage | Recommendation: Prioritize corrective action | Review inventory levels and replenishment | Reduce inventory wastage and improve stock rotation",57.24,Needs Improvement,Unknown,,,76.0,2,18,0,40,76.755,99.285,358,24398,13.499,80.0,20.863162446449813,4.79313719847954,3392198.91,70771996.91
OUT0353,55.95,Needs Attention,High,5,100.0,High,1,2,"Inventory, Inventory Wastage",Marketing Growth,Prioritize corrective action | Review inventory levels and replenishment | Reduce inventory wastage and improve stock rotation,"Health: Needs Attention | Risk Areas: Inventory, Inventory Wastage | Recommendation: Prioritize corrective action | Review inventory levels and replenishment | Reduce inventory wastage and improve stock rotation",58.16,Needs Improvement,Unknown,,,76.0,2,18,0,40,50.152499999999996,96.95,703,18403,20.6355,80.0,20.503590969675056,4.877194445982689,1988166.33,40764549.21
OUT0217,56.43,Needs Attention,High,5,100.0,High,1,2,"Inventory, Inventory Wastage",Marketing Growth,Prioritize corrective action | Review inventory levels and replenishment | Reduce inventory wastage and improve stock rotation,"Health: Needs Attention | Risk Areas: Inventory, Inventory Wastage | Recommendation: Prioritize corrective action | Review inventory levels and replenishment | Reduce inventory wastage and improve stock rotation",56.94,Needs Improvement,Unknown,,,79.375,1,16,0,40,43.355000000000004,99.3075,1060,130579,23.681,80.0,20.54110288892608,4.868287771145484,3351973.27,68853227.82
OUT0017,56.43,Needs Attention,High,5,100.0,High,1,2,"Inventory, Inventory Wastage",Marketing Growth,Prioritize corrective action | Review inventory levels and replenishment | Reduce inventory wastage and improve stock rotation,"Health: Needs Attention | Risk Areas: Inventory, Inventory Wastage | Recommendation: Prioritize corrective action | Review inventory levels and replenishment | Reduce inventory wastage and improve stock rotation",56.95,Needs Improvement,Unknown,,,79.375,1,16,0,40,63.8725,99.295,789,73877,16.95525,80.0,20.10647124943643,4.973523138865201,3348335.93,67323220.11
OUT0509,56.51,Needs Attention,High,5,100.0,High,1,2,"Inventory, Inventory Wastage",Marketing Growth,Prioritize corrective action | Review inventory levels and replenishment | Reduce inventory wastage and improve stock rotation,"Health: Needs Attention | Risk Areas: Inventory, Inventory Wastage | Recommendation: Prioritize corrective action | Review inventory levels and replenishment | Reduce inventory wastage and improve stock rotation",55.54,Needs Improvement,Unknown,,,81.375,3,10,0,40,54.71,99.30499999999999,335,37149,19.161,80.0,19.983185943818707,5.004207050924854,3183448.98,63615452.91
OUT0059,56.97,Needs Attention,High,5,100.0,High,1,2,"Inventory, Inventory Wastage",Marketing Growth,Prioritize corrective action | Review inventory levels and replenishment | Reduce inventory wastage and improve stock rotation,"Health: Needs Attention | Risk Areas: Inventory, Inventory Wastage | Recommendation: Prioritize corrective action | Review inventory levels and replenishment | Reduce inventory wastage and improve stock rotation",52.0,Needs Improvement,Unknown,,,77.0,3,15,0,40,68.2975,99.2625,588,49162,15.580250000000001,80.0,19.82775025489328,5.043436532862373,2240055.1,44415253.08
OUT0215,57.04,Needs Attention,High,5,100.0,High,1,2,"Inventory, Inventory Wastage",Marketing Growth,Prioritize corrective action | Review inventory levels and replenishment | Reduce inventory wastage and improve stock rotation,"Health: Needs Attention | Risk Areas: Inventory, Inventory Wastage | Recommendation: Prioritize corrective action | Review inventory levels and replenishment | Reduce inventory wastage and improve stock rotation",60.45,Needs Improvement,Unknown,,,77.625,1,18,0,40,70.53999999999999,98.095,1669,50674,15.17625,80.0,20.58727671480126,4.857369014139923,2977994.08,61308788.18
OUT0104,57.26,Needs Attention,High,5,100.0,High,1,2,"Inventory, Inventory Wastage",Marketing Growth,Prioritize corrective action | Review inventory levels and replenishment | Reduce inventory wastage and improve stock rotation,"Health: Needs Attention | Risk Areas: Inventory, Inventory Wastage | Recommendation: Prioritize corrective action | Review inventory levels and replenishment | Reduce inventory wastage and improve stock rotation",61.5,Needs Improvement,Unknown,,,77.25,5,11,0,40,42.447500000000005,99.2875,511,62921,23.575,80.0,21.073287589816196,4.74534405577636,5167901.7,108904678.76
OUT0264,57.44,Needs Attention,High,5,100.0,High,1,2,"Inventory, Inventory Wastage",Marketing Growth,Prioritize corrective action | Review inventory levels and replenishment | Reduce inventory wastage and improve stock rotation,"Health: Needs Attention | Risk Areas: Inventory, Inventory Wastage | Recommendation: Prioritize corrective action | Review inventory levels and replenishment | Reduce inventory wastage and improve stock rotation",57.5,Needs Improvement,Unknown,,,75.25,3,17,0,40,76.53,99.345,558,42187,13.666,92.5,20.80407292445908,4.806751080094096,3309629.76,68853778.88
OUT0019,57.46,Needs Attention,High,5,100.0,High,1,2,"Inventory, Inventory Wastage",Marketing Growth,Prioritize corrective action | Review inventory levels and replenishment | Reduce inventory wastage and improve stock rotation,"Health: Needs Attention | Risk Areas: Inventory, Inventory Wastage | Recommendation: Prioritize corrective action | Review inventory levels and replenishment | Reduce inventory wastage and improve stock rotation",61.34,Needs Improvement,Unknown,,,67.75,6,20,0,40,63.629999999999995,99.22999999999999,386,33775,15.0335,80.0,19.56909368413071,5.11009869001208,3711455.37,72629817.84
OUT0673,57.52,Needs Attention,High,5,100.0,High,1,2,"Inventory, Inventory Wastage",Marketing Growth,Prioritize corrective action | Review inventory levels and replenishment | Reduce inventory wastage and improve stock rotation,"Health: Needs Attention | Risk Areas: Inventory, Inventory Wastage | Recommendation: Prioritize corrective action | Review inventory levels and replenishment | Reduce inventory wastage and improve stock rotation",64.53,Needs Improvement,Unknown,,,74.625,5,14,0,40,61.685,96.495,1771,34253,17.169,80.0,20.92734255826073,4.778437573791549,3163568.17,66205074.8
OUT0711,58.1,Needs Attention,High,5,100.0,High,1,2,"Inventory, Inventory Wastage",Marketing Growth,Prioritize corrective action | Review inventory levels and replenishment | Reduce inventory wastage and improve stock rotation,"Health: Needs Attention | Risk Areas: Inventory, Inventory Wastage | Recommendation: Prioritize corrective action | Review inventory levels and replenishment | Reduce inventory wastage and improve stock rotation",61.79,Needs Improvement,Unknown,,,80.25,1,15,0,40,70.8025,96.8225,2914,53942,15.623,80.0,20.434895060093933,4.893590092140181,5262458.97,107537796.81
OUT0379,58.22,Needs Attention,High,5,100.0,High,1,2,"Inventory, Inventory Wastage",Marketing Growth,Prioritize corrective action | Review inventory levels and replenishment | Reduce inventory wastage and improve stock rotation,"Health: Needs Attention | Risk Areas: Inventory, Inventory Wastage | Recommendation: Prioritize corrective action | Review inventory levels and replenishment | Reduce inventory wastage and improve stock rotation",61.27,Needs Improvement,Unknown,,,81.375,3,10,0,40,58.5625,99.28999999999999,516,52430,18.611,80.0,19.572048017936552,5.109327338066834,5684383.37,111255024.27
OUT0234,58.64,Needs Attention,High,5,100.0,High,1,2,"Inventory, Inventory Wastage",Marketing Growth,Prioritize corrective action | Review inventory levels and replenishment | Reduce inventory wastage and improve stock rotation,"Health: Needs Attention | Risk Areas: Inventory, Inventory Wastage | Recommendation: Prioritize corrective action | Review inventory levels and replenishment | Reduce inventory wastage and improve stock rotation",58.71,Needs Improvement,Unknown,,,78.625,2,15,0,40,71.075,99.24249999999999,676,51964,15.110999999999999,92.5,21.97122113245456,4.551408380860819,3624944.93,79644466.65
OUT0591,58.64,Needs Attention,High,5,100.0,High,1,2,"Inventory, Inventory Wastage",Marketing Growth,Prioritize corrective action | Review inventory levels and replenishment | Reduce inventory wastage and improve stock rotation,"Health: Needs Attention | Risk Areas: Inventory, Inventory Wastage | Recommendation: Prioritize corrective action | Review inventory levels and replenishment | Reduce inventory wastage and improve stock rotation",64.65,Needs Improvement,Unknown,,,79.0,5,9,0,40,73.14750000000001,96.56,3407,54575,14.72275,80.0,19.576510277911098,5.108162720545434,6133481.25,120072158.73
OUT0026,59.02,Needs Attention,High,5,100.0,High,1,2,"Inventory, Inventory Wastage",Marketing Growth,Prioritize corrective action | Review inventory levels and replenishment | Reduce inventory wastage and improve stock rotation,"Health: Needs Attention | Risk Areas: Inventory, Inventory Wastage | Recommendation: Prioritize corrective action | Review inventory levels and replenishment | Reduce inventory wastage and improve stock rotation",62.16,Needs Improvement,Unknown,,,76.0,2,18,0,40,65.9,96.9125,4327,89090,16.01225,92.5,20.825597468435376,4.8017830053407335,5256562.63,109471057.4
OUT0582,59.25,Needs Attention,High,5,100.0,High,1,2,"Inventory, Inventory Wastage",Marketing Growth,Prioritize corrective action | Review inventory levels and replenishment | Reduce inventory wastage and improve stock rotation,"Health: Needs Attention | Risk Areas: Inventory, Inventory Wastage | Recommendation: Prioritize corrective action | Review inventory levels and replenishment | Reduce inventory wastage and improve stock rotation",73.42,Good,Unknown,,,78.0,4,12,0,40,74.6875,99.2875,668,48699,14.67925,80.0,21.372637055298917,4.678879809789641,7016926.8,149970229.74
OUT0107,59.68,Needs Attention,High,5,100.0,High,1,2,"Inventory, Inventory Wastage",Marketing Growth,Prioritize corrective action | Review inventory levels and replenishment | Reduce inventory wastage and improve stock rotation,"Health: Needs Attention | Risk Areas: Inventory, Inventory Wastage | Recommendation: Prioritize corrective action | Review inventory levels and replenishment | Reduce inventory wastage and improve stock rotation",59.65,Needs Improvement,Unknown,,,78.625,2,15,0,40,72.9025,99.365,311,27064,14.722999999999999,80.0,19.8093727594679,5.048115415577959,3434131.23,68027985.64
OUT0230,60.03,Needs Attention,High,5,100.0,High,1,2,"Inventory Wastage, Audit",Marketing Growth,Prioritize corrective action | Reduce inventory wastage and improve stock rotation | Review audit findings and compliance issues,"Health: Needs Attention | Risk Areas: Inventory Wastage, Audit | Recommendation: Prioritize corrective action | Reduce inventory wastage and improve stock rotation | Review audit findings and compliance issues",74.75,Good,Unknown,,,76.625,0,21,0,40,47.1575,98.0725,2310,99059,21.47225,80.0,20.438441066081868,4.892741069471909,5661440.23,115711012.49
OUT0267,60.25,Needs Attention,High,5,100.0,High,1,2,"Inventory Wastage, Audit",Marketing Growth,Prioritize corrective action | Reduce inventory wastage and improve stock rotation | Review audit findings and compliance issues,"Health: Needs Attention | Risk Areas: Inventory Wastage, Audit | Recommendation: Prioritize corrective action | Reduce inventory wastage and improve stock rotation | Review audit findings and compliance issues",71.8,Good,Unknown,,,77.5,0,20,0,40,59.3775,99.33250000000001,859,89904,18.1195,80.0,21.621562083189108,4.625012735677899,6488141.649999999,140283757.49
OUT0473,60.69,Needs Attention,High,5,100.0,High,1,2,"Inventory Wastage, Audit",Marketing Growth,Prioritize corrective action | Reduce inventory wastage and improve stock rotation | Review audit findings and compliance issues,"Health: Needs Attention | Risk Areas: Inventory Wastage, Audit | Recommendation: Prioritize corrective action | Reduce inventory wastage and improve stock rotation | Review audit findings and compliance issues",76.12,Good,Unknown,,,79.25,0,18,0,40,60.205,96.77250000000001,3513,75894,17.80425,80.0,19.980259363128248,5.004940035189978,4849181.95,96887913.06
OUT0721,61.34,Needs Attention,High,5,100.0,High,1,2,"Inventory Wastage, Audit",Marketing Growth,Prioritize corrective action | Reduce inventory wastage and improve stock rotation | Review audit findings and compliance issues,"Health: Needs Attention | Risk Areas: Inventory Wastage, Audit | Recommendation: Prioritize corrective action | Reduce inventory wastage and improve stock rotation | Review audit findings and compliance issues",73.36,Good,Unknown,,,81.875,0,15,0,40,49.6225,96.82000000000001,3333,82814,21.49725,80.0,20.257616007222214,4.936415023581656,4369957.45,88524919.99
OUT0386,61.78,Needs Attention,High,5,100.0,High,1,2,"Inventory Wastage, Audit",Marketing Growth,Prioritize corrective action | Reduce inventory wastage and improve stock rotation | Review audit findings and compliance issues,"Health: Needs Attention | Risk Areas: Inventory Wastage, Audit | Recommendation: Prioritize corrective action | Reduce inventory wastage and improve stock rotation | Review audit findings and compliance issues",72.01,Good,Unknown,,,83.625,0,13,0,40,48.83,96.79249999999999,4758,119666,21.5145,80.0,19.56053925521227,5.112333494249303,6616023.58,129412988.95
OUT0627,62.34,Needs Attention,High,5,100.0,High,1,2,"Inventory Wastage, Audit",Marketing Growth,Prioritize corrective action | Reduce inventory wastage and improve stock rotation | Review audit findings and compliance issues,"Health: Needs Attention | Risk Areas: Inventory Wastage, Audit | Recommendation: Prioritize corrective action | Reduce inventory wastage and improve stock rotation | Review audit findings and compliance issues",79.46,Good,Unknown,,,78.375,0,19,0,40,56.24249999999999,99.285,1017,105176,19.168,92.5,21.402374455619643,4.672378768410105,8541732.19,182813350.83
OUT0254,62.41,Needs Attention,High,5,100.0,High,1,2,"Inventory, Inventory Wastage",Marketing Growth,Prioritize corrective action | Review inventory levels and replenishment | Reduce inventory wastage and improve stock rotation,"Health: Needs Attention | Risk Areas: Inventory, Inventory Wastage | Recommendation: Prioritize corrective action | Review inventory levels and replenishment | Reduce inventory wastage and improve stock rotation",65.39,Good,Unknown,,,75.625,6,11,0,40,50.085,99.2775,922,101288,20.8595,80.0,20.56534692708132,4.862548653060443,7858567.54,161614167.81
OUT0573,62.41,Needs Attention,High,5,100.0,High,1,2,"Inventory, Inventory Wastage",Marketing Growth,Prioritize corrective action | Review inventory levels and replenishment | Reduce inventory wastage and improve stock rotation,"Health: Needs Attention | Risk Areas: Inventory, Inventory Wastage | Recommendation: Prioritize corrective action | Review inventory levels and replenishment | Reduce inventory wastage and improve stock rotation",73.85,Good,Unknown,,,75.625,6,11,0,40,50.13,96.995,1425,37846,19.98025,80.0,19.3337850118597,5.172292954465883,4068306.46,78655762.46
OUT0672,62.44,Needs Attention,High,5,100.0,High,1,2,"Inventory Wastage, Audit","Marketing Growth, Healthy Inventory",Prioritize corrective action | Reduce inventory wastage and improve stock rotation | Review audit findings and compliance issues,"Health: Needs Attention | Risk Areas: Inventory Wastage, Audit | Recommendation: Prioritize corrective action | Reduce inventory wastage and improve stock rotation | Review audit findings and compliance issues",77.42,Good,Unknown,,,86.25,0,10,0,40,76.35249999999999,99.27000000000001,481,35217,15.449250000000001,80.0,20.602797140242767,4.853709878289938,5600939.76,115395025.67
OUT0119,62.59,Needs Attention,High,5,100.0,High,1,2,"Inventory, Inventory Wastage",Marketing Growth,Prioritize corrective action | Review inventory levels and replenishment | Reduce inventory wastage and improve stock rotation,"Health: Needs Attention | Risk Areas: Inventory, Inventory Wastage | Recommendation: Prioritize corrective action | Review inventory levels and replenishment | Reduce inventory wastage and improve stock rotation",68.55,Good,Unknown,,,76.375,5,12,0,40,47.105000000000004,99.3125,572,69789,21.31025,80.0,21.54125148921733,4.642255815547946,5075358.95,109329583.54
OUT0433,62.72,Needs Attention,High,5,100.0,High,1,2,"Inventory, Inventory Wastage",Marketing Growth,Prioritize corrective action | Review inventory levels and replenishment | Reduce inventory wastage and improve stock rotation,"Health: Needs Attention | Risk Areas: Inventory, Inventory Wastage | Recommendation: Prioritize corrective action | Review inventory levels and replenishment | Reduce inventory wastage and improve stock rotation",72.23,Good,Unknown,,,76.875,2,17,0,40,70.4975,96.775,5476,98968,15.072999999999999,80.0,19.95565302438756,5.0111113817118,3824085.13,76312115.99
OUT0195,62.94,Needs Attention,High,5,100.0,High,1,2,"Inventory, Inventory Wastage",Marketing Growth,Prioritize corrective action | Review inventory levels and replenishment | Reduce inventory wastage and improve stock rotation,"Health: Needs Attention | Risk Areas: Inventory, Inventory Wastage | Recommendation: Prioritize corrective action | Review inventory levels and replenishment | Reduce inventory wastage and improve stock rotation",72.82,Good,Unknown,,,77.75,2,16,0,40,75.0925,97.935,2464,62147,14.145,80.0,20.112703204022363,4.971982084437107,5114813.86,102872733.11
OUT0562,63.19,Needs Attention,High,5,100.0,High,1,2,"Inventory, Inventory Wastage",Marketing Growth,Prioritize corrective action | Review inventory levels and replenishment | Reduce inventory wastage and improve stock rotation,"Health: Needs Attention | Risk Areas: Inventory, Inventory Wastage | Recommendation: Prioritize corrective action | Review inventory levels and replenishment | Reduce inventory wastage and improve stock rotation",79.81,Good,Unknown,,,78.75,3,13,0,40,44.4525,99.3725,772,105457,23.6255,80.0,19.949836842306823,5.012572322793838,8792015.7,175399278.73
OUT0611,63.34,Needs Attention,High,5,100.0,High,1,2,"Inventory, Inventory Wastage",Marketing Growth,Prioritize corrective action | Review inventory levels and replenishment | Reduce inventory wastage and improve stock rotation,"Health: Needs Attention | Risk Areas: Inventory, Inventory Wastage | Recommendation: Prioritize corrective action | Review inventory levels and replenishment | Reduce inventory wastage and improve stock rotation",66.34,Good,Unknown,,,79.375,1,16,0,40,77.4,96.995,3816,63039,13.806000000000001,80.0,20.14054207781067,4.965109658601118,5237012.37,105476268.0
OUT0685,63.88,Needs Attention,High,5,100.0,High,1,2,"Inventory Wastage, Audit",Marketing Growth,Prioritize corrective action | Reduce inventory wastage and improve stock rotation | Review audit findings and compliance issues,"Health: Needs Attention | Risk Areas: Inventory Wastage, Audit | Recommendation: Prioritize corrective action | Reduce inventory wastage and improve stock rotation | Review audit findings and compliance issues",77.96,Good,Unknown,,,84.5,0,12,0,40,50.9375,98.20750000000001,2470,107850,19.81525,92.5,22.81087624070852,4.383873681342367,6294576.76,143584811.46
OUT0579,64.22,Needs Attention,High,5,100.0,High,1,2,"Inventory, Inventory Wastage",Marketing Growth,Prioritize corrective action | Review inventory levels and replenishment | Reduce inventory wastage and improve stock rotation,"Health: Needs Attention | Risk Areas: Inventory, Inventory Wastage | Recommendation: Prioritize corrective action | Review inventory levels and replenishment | Reduce inventory wastage and improve stock rotation",79.88,Good,Unknown,,,82.875,1,12,0,40,80.0625,99.325,1308,90015,13.659,80.0,20.494454321643104,4.879368751691784,15883687.14,325527500.55
OUT0192,64.22,Needs Attention,High,5,100.0,High,1,2,"Inventory, Inventory Wastage",Marketing Growth,Prioritize corrective action | Review inventory levels and replenishment | Reduce inventory wastage and improve stock rotation,"Health: Needs Attention | Risk Areas: Inventory, Inventory Wastage | Recommendation: Prioritize corrective action | Review inventory levels and replenishment | Reduce inventory wastage and improve stock rotation",76.76,Good,Unknown,,,82.875,1,12,0,40,71.8775,99.22999999999999,1417,106693,15.298750000000002,80.0,19.91474456995245,5.021405102573142,8859526.01,176435197.5
OUT0535,64.41,Needs Attention,High,5,100.0,High,1,2,"Inventory, Inventory Wastage",Marketing Growth,Prioritize corrective action | Review inventory levels and replenishment | Reduce inventory wastage and improve stock rotation,"Health: Needs Attention | Risk Areas: Inventory, Inventory Wastage | Recommendation: Prioritize corrective action | Review inventory levels and replenishment | Reduce inventory wastage and improve stock rotation",74.93,Good,Unknown,,,76.125,3,16,0,40,61.8125,98.0925,3983,140426,17.1495,92.5,20.959123274636937,4.771191938214899,8958620.26,187764826.4
OUT0341,64.69,Needs Attention,High,5,100.0,High,1,2,"Inventory, Inventory Wastage",Marketing Growth,Prioritize corrective action | Review inventory levels and replenishment | Reduce inventory wastage and improve stock rotation,"Health: Needs Attention | Risk Areas: Inventory, Inventory Wastage | Recommendation: Prioritize corrective action | Review inventory levels and replenishment | Reduce inventory wastage and improve stock rotation",68.19,Good,Unknown,,,84.75,2,8,0,40,73.8075,96.80499999999999,1942,33786,14.926499999999999,80.0,20.39975705519824,4.902019162748712,3841876.81,78373353.56
OUT0716,64.75,Needs Attention,High,5,100.0,High,1,2,"Inventory Wastage, Audit",Marketing Growth,Prioritize corrective action | Reduce inventory wastage and improve stock rotation | Review audit findings and compliance issues,"Health: Needs Attention | Risk Areas: Inventory Wastage, Audit | Recommendation: Prioritize corrective action | Reduce inventory wastage and improve stock rotation | Review audit findings and compliance issues",83.93,Excellent,Unknown,,,77.5,0,20,0,40,70.2625,97.00750000000001,4690,90073,15.017500000000002,80.0,19.494587167981564,5.12962901641963,7692040.85,149953160.85
OUT0641,64.75,Needs Attention,High,5,100.0,High,1,2,"Inventory Wastage, Audit",Marketing Growth,Prioritize corrective action | Reduce inventory wastage and improve stock rotation | Review audit findings and compliance issues,"Health: Needs Attention | Risk Areas: Inventory Wastage, Audit | Recommendation: Prioritize corrective action | Reduce inventory wastage and improve stock rotation | Review audit findings and compliance issues",91.86,Excellent,Unknown,,,77.5,0,20,0,40,68.035,97.06,2600,53545,15.496500000000001,80.0,20.45371980745157,4.88908623670344,7139475.59,146028833.29
OUT0640,64.97,Needs Attention,High,5,100.0,High,1,2,"Inventory Wastage, Audit",Marketing Growth,Prioritize corrective action | Reduce inventory wastage and improve stock rotation | Review audit findings and compliance issues,"Health: Needs Attention | Risk Areas: Inventory Wastage, Audit | Recommendation: Prioritize corrective action | Reduce inventory wastage and improve stock rotation | Review audit findings and compliance issues",85.77,Excellent,Unknown,,,78.375,0,19,0,40,78.185,98.04249999999999,2694,64588,13.622499999999999,80.0,20.321168487000644,4.9209768652806325,10073974.63,204714935.79
OUT0049,65.16,Stable,High,5,100.0,High,1,2,"Inventory, Inventory Wastage",Marketing Growth,Prioritize corrective action | Review inventory levels and replenishment | Reduce inventory wastage and improve stock rotation,"Health: Stable | Risk Areas: Inventory, Inventory Wastage | Recommendation: Prioritize corrective action | Review inventory levels and replenishment | Reduce inventory wastage and improve stock rotation",79.36,Good,Unknown,,,76.125,3,16,0,40,67.0775,99.225,888,71667,16.0085,80.0,20.489289376984907,4.880598744060272,6358054.98,130272028.36
OUT0372,65.34,Stable,High,5,100.0,High,1,2,"Inventory, Inventory Wastage",Marketing Growth,Prioritize corrective action | Review inventory levels and replenishment | Reduce inventory wastage and improve stock rotation,"Health: Stable | Risk Areas: Inventory, Inventory Wastage | Recommendation: Prioritize corrective action | Review inventory levels and replenishment | Reduce inventory wastage and improve stock rotation",66.3,Good,Unknown,,,76.875,2,17,0,40,65.5025,99.3,194,17574,16.69975,80.0,20.11911648059404,4.970397188984682,2102393.21,42298293.88
OUT0179,65.69,Stable,High,5,100.0,High,1,2,"Inventory Wastage, Marketing",Marketing Growth,Prioritize corrective action | Reduce inventory wastage and improve stock rotation | Review marketing effectiveness and conversion performance,"Health: Stable | Risk Areas: Inventory Wastage, Marketing | Recommendation: Prioritize corrective action | Reduce inventory wastage and improve stock rotation | Review marketing effectiveness and conversion performance",66.21,Good,Unknown,,,82.75,0,14,0,40,81.52000000000001,99.3175,606,39067,13.4235,52.5,19.08555295433305,5.239565248084506,7774955.35,148389322.05
OUT0112,65.78,Stable,High,5,100.0,High,1,2,"Inventory, Inventory Wastage",Marketing Growth,Prioritize corrective action | Review inventory levels and replenishment | Reduce inventory wastage and improve stock rotation,"Health: Stable | Risk Areas: Inventory, Inventory Wastage | Recommendation: Prioritize corrective action | Review inventory levels and replenishment | Reduce inventory wastage and improve stock rotation",72.49,Good,Unknown,,,78.625,2,15,0,40,72.5025,99.2675,373,28949,14.937000000000001,80.0,19.33581893172354,5.171748884963637,4314171.07,83418030.65
OUT0484,66.41,Stable,High,5,100.0,High,1,2,"Inventory Wastage, Audit",Marketing Growth,Prioritize corrective action | Reduce inventory wastage and improve stock rotation | Review audit findings and compliance issues,"Health: Stable | Risk Areas: Inventory Wastage, Audit | Recommendation: Prioritize corrective action | Reduce inventory wastage and improve stock rotation | Review audit findings and compliance issues",85.63,Excellent,Unknown,,,76.625,0,21,0,40,71.44500000000001,99.2875,1090,86879,14.88475,92.5,21.33393222932592,4.687368410336403,8670125.36,184967866.85
OUT0489,66.5,Stable,High,5,100.0,High,1,2,"Inventory Wastage, Audit",Marketing Growth,Prioritize corrective action | Reduce inventory wastage and improve stock rotation | Review audit findings and compliance issues,"Health: Stable | Risk Areas: Inventory Wastage, Audit | Recommendation: Prioritize corrective action | Reduce inventory wastage and improve stock rotation | Review audit findings and compliance issues",83.34,Excellent,Unknown,,,84.5,0,12,0,40,80.8075,99.2775,1318,85581,14.18525,80.0,19.93802292746342,5.01554243185547,7496437.65,149464145.74
OUT0332,67.06,Stable,High,5,100.0,High,1,2,"Inventory Wastage, Audit",Marketing Growth,Prioritize corrective action | Reduce inventory wastage and improve stock rotation | Review audit findings and compliance issues,"Health: Stable | Risk Areas: Inventory Wastage, Audit | Recommendation: Prioritize corrective action | Reduce inventory wastage and improve stock rotation | Review audit findings and compliance issues",83.48,Excellent,Unknown,,,79.25,0,18,0,40,57.3275,99.33500000000001,976,105862,18.6285,92.5,21.24148521487777,4.707768735961972,7553380.57,160445021.7
OUT0361,67.06,Stable,High,5,100.0,High,1,2,"Inventory Wastage, Audit",Marketing Growth,Prioritize corrective action | Reduce inventory wastage and improve stock rotation | Review audit findings and compliance issues,"Health: Stable | Risk Areas: Inventory Wastage, Audit | Recommendation: Prioritize corrective action | Reduce inventory wastage and improve stock rotation | Review audit findings and compliance issues",80.35,Excellent,Unknown,,,79.25,0,18,0,40,77.4675,96.72,4484,67697,13.574000000000002,92.5,20.796519900493685,4.808496829203915,5462648.4,113604076.16
OUT0359,67.72,Stable,High,5,100.0,High,1,2,"Inventory, Inventory Wastage",Marketing Growth,Prioritize corrective action | Review inventory levels and replenishment | Reduce inventory wastage and improve stock rotation,"Health: Stable | Risk Areas: Inventory, Inventory Wastage | Recommendation: Prioritize corrective action | Review inventory levels and replenishment | Reduce inventory wastage and improve stock rotation",81.74,Excellent,Unknown,,,78.875,4,11,0,40,47.5125,99.3125,832,97890,22.3145,80.0,20.29396500721706,4.927573294052562,9895234.7,200813546.74
OUT0422,68.25,Stable,High,5,100.0,High,1,2,"Inventory, Inventory Wastage",Marketing Growth,Prioritize corrective action | Review inventory levels and replenishment | Reduce inventory wastage and improve stock rotation,"Health: Stable | Risk Areas: Inventory, Inventory Wastage | Recommendation: Prioritize corrective action | Review inventory levels and replenishment | Reduce inventory wastage and improve stock rotation",89.37,Excellent,Unknown,,,73.5,3,19,0,40,67.2975,99.3375,997,93926,15.712250000000001,92.5,20.77988863022946,4.812345329634028,10216248.04,212292496.49
OUT0667,68.81,Stable,High,5,100.0,High,1,2,"Inventory, Inventory Wastage",Marketing Growth,Prioritize corrective action | Review inventory levels and replenishment | Reduce inventory wastage and improve stock rotation,"Health: Stable | Risk Areas: Inventory, Inventory Wastage | Recommendation: Prioritize corrective action | Review inventory levels and replenishment | Reduce inventory wastage and improve stock rotation",80.9,Excellent,Unknown,,,72.75,4,18,0,40,57.5375,99.3175,1216,130595,17.7315,80.0,19.97025627603263,5.007447006076499,10744016.8,214560768.93
OUT0395,68.88,Stable,High,5,100.0,High,1,2,"Inventory, Inventory Wastage",Marketing Growth,Prioritize corrective action | Review inventory levels and replenishment | Reduce inventory wastage and improve stock rotation,"Health: Stable | Risk Areas: Inventory, Inventory Wastage | Recommendation: Prioritize corrective action | Review inventory levels and replenishment | Reduce inventory wastage and improve stock rotation",83.36,Excellent,Unknown,,,76.0,2,18,0,40,65.25,98.0775,1803,60293,16.232499999999998,92.5,22.259295922446167,4.492505079604089,6320700.86,140694350.88
OUT0324,69.56,Stable,High,5,100.0,High,1,2,"Inventory, Inventory Wastage",Marketing Growth,Prioritize corrective action | Review inventory levels and replenishment | Reduce inventory wastage and improve stock rotation,"Health: Stable | Risk Areas: Inventory, Inventory Wastage | Recommendation: Prioritize corrective action | Review inventory levels and replenishment | Reduce inventory wastage and improve stock rotation",86.53,Excellent,Unknown,,,78.75,3,13,0,40,75.85249999999999,99.2525,1085,74333,13.969999999999999,92.5,21.071205694149832,4.745812909403841,10453385.63,220265438.81
OUT0105,65.83,Stable,Medium,5,100.0,High,0,1,Inventory Wastage,Marketing Growth,Reduce inventory wastage and improve stock rotation,Health: Stable | Risk Areas: Inventory Wastage | Recommendation: Reduce inventory wastage and improve stock rotation,50.67,Needs Improvement,Unknown,,,84.5,0,12,0,40,78.10249999999999,97.9325,1693,41483,13.975249999999999,80.0,20.187320421144623,4.953604436538188,3637263.55,73426604.74
OUT0348,68.0,Stable,Medium,5,100.0,High,0,1,Inventory Wastage,"Marketing Growth, Healthy Inventory",Reduce inventory wastage and improve stock rotation,Health: Stable | Risk Areas: Inventory Wastage | Recommendation: Reduce inventory wastage and improve stock rotation,57.2,Needs Improvement,Unknown,,,85.375,0,11,0,40,84.61,96.62,2572,30410,12.800749999999999,80.0,21.0492879004346,4.750754537303627,6128320.69,128996786.55
OUT0185,68.33,Stable,Medium,5,100.0,High,0,1,Inventory Wastage,Marketing Growth,Reduce inventory wastage and improve stock rotation,Health: Stable | Risk Areas: Inventory Wastage | Recommendation: Reduce inventory wastage and improve stock rotation,63.4,Needs Improvement,Unknown,,,79.25,0,18,0,40,60.1225,98.05,762,27051,17.475749999999998,80.0,21.39470925140739,4.674052768135739,2386511.81,51058726.3
OUT0207,69.55,Stable,Medium,5,100.0,High,0,1,Inventory Wastage,Marketing Growth,Reduce inventory wastage and improve stock rotation,Health: Stable | Risk Areas: Inventory Wastage | Recommendation: Reduce inventory wastage and improve stock rotation,63.82,Needs Improvement,Unknown,,,83.625,0,13,0,40,77.4825,99.3025,736,52685,14.1715,80.0,21.05127592197019,4.750305889802854,4357121.07,91722957.87
OUT0577,74.19,Stable,Medium,5,100.0,High,0,1,Inventory Wastage,Marketing Growth,Reduce inventory wastage and improve stock rotation,Health: Stable | Risk Areas: Inventory Wastage | Recommendation: Reduce inventory wastage and improve stock rotation,68.39,Good,Unknown,,,82.75,0,14,0,40,82.62,99.2675,418,25400,13.094999999999999,80.0,22.769681093486497,4.391805031850272,4357695.88,99223345.49
