Outlet_ID,Outlet_Name,Outlet_Type,City,State,Region,Recent_Sales,Recent_Profit,Profit_Margin_%,Conversion_Rate_%,Recent_Orders,Complaints_Per_1000_Orders,Avg_Satisfaction,Avg_Employee_Turnover,Wastage_Rate_%,Avg_Freshness,Sales_Trend_%,Profit_Trend_%,Orders_Trend_%,Operational_Risk_Score,Operational_Risk,Issue_Count,Detected_Issues,Primary_Operational_Issue,Recommended_Action,Operational_Insight
OUT0630,Franchise Outlet 0630,Franchise,Siliguri,West Bengal,East,2314955.87,389705.32999999996,16.834244447173845,17.418185694488862,3268.0,23.561811505507958,2.89,10.416666666666666,1.9501950195019502,98.0,-21.401761958236886,-25.583362508253614,-22.50414986957554,8,High,6,"True, True, True, True, True, True",Customer Complaints,Investigate complaint drivers and service bottlenecks,Customer Complaints | Investigate complaint drivers and service bottlenecks
OUT0161,Franchise Outlet 0161,Franchise,Ahmedabad,Gujarat,West,4870832.28,632660.52,12.988755999621485,18.18293506972173,2960.0,34.12162162162162,2.69,6.890000000000001,2.7914614121510675,97.13333333333333,-10.483491030734223,-27.153477074890148,-11.297572670062927,8,High,6,"True, True, True, True, True, True",Customer Complaints,Investigate complaint drivers and service bottlenecks,Customer Complaints | Investigate complaint drivers and service bottlenecks
OUT0653,Franchise Outlet 0653,Company-Owned,Mysuru,Karnataka,South,2619761.84,288690.49,11.01972269357126,16.56357940396819,2062.0,46.071774975751694,2.956666666666667,11.763333333333334,3.101503759398496,96.8,-7.953995947120064,-55.43946057589797,-4.359925788497207,7,High,6,"True, True, True, True, True, True",Customer Complaints,Investigate complaint drivers and service bottlenecks,Customer Complaints | Investigate complaint drivers and service bottlenecks
OUT0188,Franchise Outlet 0188,Franchise,Jammu,Jammu & Kashmir,North,2035577.35,339567.39,16.681625485762062,18.862773029439698,1589.0,52.23410950283197,2.9499999999999997,8.92,2.575107296137339,97.33333333333333,-25.92516544052031,-34.440130493659346,-20.668996505242138,7,High,5,"True, True, True, True, True",Customer Complaints,Investigate complaint drivers and service bottlenecks,Customer Complaints | Investigate complaint drivers and service bottlenecks
OUT0366,Franchise Outlet 0366,Franchise,Lucknow,Uttar Pradesh,North,1806613.6800000002,341633.51,18.910158479481897,15.582624683980695,1356.0,59.73451327433629,2.85,11.703333333333333,3.6931818181818183,96.23333333333333,-0.6079981567560956,-33.191153569418034,7.363420427553444,7,High,6,"True, True, True, True, True, True",Customer Complaints,Investigate complaint drivers and service bottlenecks,Customer Complaints | Investigate complaint drivers and service bottlenecks
OUT0501,Franchise Outlet 0501,Franchise,Kochi,Kerala,South,2969899.4699999997,456906.35,15.384572933036015,16.515515248510717,3715.0,27.994616419919247,2.8266666666666667,11.836666666666666,3.8312192596427646,96.03333333333335,3.554544997901035,-26.25579638089654,1.2537476151539868,7,High,6,"True, True, True, True, True, True",Inventory Wastage,"Review stock handling, demand planning and shelf-life management","Inventory Wastage | Review stock handling, demand planning and shelf-life management"
OUT0306,Franchise Outlet 0306,Franchise,Lucknow,Uttar Pradesh,North,2887212.85,461250.03,15.975615722270009,14.785538960768815,3554.0,28.137310073157007,2.7533333333333334,12.29,3.26619488296135,96.66666666666667,-1.037310286408411,-28.937950039399574,-0.4760571268552099,7,High,6,"True, True, True, True, True, True",Customer Complaints,Investigate complaint drivers and service bottlenecks,Customer Complaints | Investigate complaint drivers and service bottlenecks
OUT0436,Franchise Outlet 0436,Franchise,Vadodara,Gujarat,West,5739572.27,1025150.3099999999,17.86109246081503,18.236194185561274,3933.0,25.680142384947874,2.44,11.58,3.6973555337904016,96.2,3.971245620052441,-29.085763339905355,5.020026702269699,7,High,6,"True, True, True, True, True, True",Inventory Wastage,"Review stock handling, demand planning and shelf-life management","Inventory Wastage | Review stock handling, demand planning and shelf-life management"
OUT0587,Franchise Outlet 0587,Franchise,Bengaluru,Karnataka,South,415472.25,76912.95999999999,18.512177407757076,13.112504900039202,669.0,127.05530642750374,2.4633333333333334,10.346666666666666,0.741839762611276,99.23333333333333,-2.84884679373936,-19.51032009401788,2.7649769585253456,6,High,5,"True, True, True, True, True",Customer Complaints,Investigate complaint drivers and service bottlenecks,Customer Complaints | Investigate complaint drivers and service bottlenecks
OUT0045,Franchise Outlet 0045,Franchise,Nashik,Maharashtra,West,403853.31999999995,78807.68,19.513936396511486,15.588637919233403,911.0,120.7464324917673,2.26,11.203333333333333,2.1482277121374866,97.83333333333333,1.8239177512562161,-15.669038368667382,8.194774346793348,6,High,5,"True, True, True, True, True",Customer Complaints,Investigate complaint drivers and service bottlenecks,Customer Complaints | Investigate complaint drivers and service bottlenecks
OUT0286,Franchise Outlet 0286,Franchise,Vadodara,Gujarat,West,1076258.7,101780.86,9.456914030056158,15.126315789473685,1437.0,70.28531663187196,2.9333333333333336,8.836666666666666,3.1018206338503034,96.8,8.058053588228802,-47.245101087131516,9.862385321100918,6,High,5,"True, True, True, True, True",Customer Complaints,Investigate complaint drivers and service bottlenecks,Customer Complaints | Investigate complaint drivers and service bottlenecks
OUT0498,Franchise Outlet 0498,Franchise,Hyderabad,Telangana,South,787244.27,122012.75,15.498715538443994,12.07083128381702,1227.0,76.60961695191524,2.84,8.98,3.0039525691699605,96.76666666666667,0.7651435593433766,-16.941881389743887,3.3698399326031963,6,High,5,"True, True, True, True, True",Customer Complaints,Investigate complaint drivers and service bottlenecks,Customer Complaints | Investigate complaint drivers and service bottlenecks
OUT0038,Franchise Outlet 0038,Company-Owned,Jammu,Jammu & Kashmir,North,1744843.88,160687.45,9.209273783279684,15.38212172785477,3796.0,20.284510010537407,3.283333333333333,12.156666666666666,3.7037037037037033,96.13333333333333,4.174461469401254,-62.284273311049034,6.899464939453662,6,High,5,"True, True, True, True, True",Inventory Wastage,"Review stock handling, demand planning and shelf-life management","Inventory Wastage | Review stock handling, demand planning and shelf-life management"
OUT0270,Franchise Outlet 0270,Franchise,Siliguri,West Bengal,East,994395.1499999999,162857.56,16.37754970948923,14.32030997739748,1774.0,56.93348365276212,2.9066666666666663,11.146666666666667,2.151130722559294,97.83333333333333,12.991092658738367,-13.466652440823193,8.634415186772811,6,High,5,"True, True, True, True, True",Customer Complaints,Investigate complaint drivers and service bottlenecks,Customer Complaints | Investigate complaint drivers and service bottlenecks
OUT0715,Franchise Outlet 0715,Franchise,Kolkata,West Bengal,East,1679758.76,198962.86,11.844728227522385,19.96591877307583,1406.0,64.01137980085349,2.896666666666667,11.236666666666666,2.564102564102564,97.39999999999999,2.5494230543686,-14.199650265966055,6.7577828397874,6,High,5,"True, True, True, True, True",Customer Complaints,Investigate complaint drivers and service bottlenecks,Customer Complaints | Investigate complaint drivers and service bottlenecks
OUT0460,Franchise Outlet 0460,Company-Owned,Pune,Maharashtra,West,1138516.04,211113.72999999998,18.5428858780066,10.367049593723731,740.0,117.56756756756758,2.665,9.083333333333334,2.8871391076115485,97.03333333333335,6.285580954168562,-12.593815803964523,0.2710027100270964,6,High,5,"True, True, True, True, True",Customer Complaints,Investigate complaint drivers and service bottlenecks,Customer Complaints | Investigate complaint drivers and service bottlenecks
OUT0518,Franchise Outlet 0518,Franchise,Jammu,Jammu & Kashmir,North,1647202.59,222995.18,13.537811399385912,12.568648987917777,2403.0,28.71410736579276,3.186666666666667,10.2,3.6873747494989977,96.2,1.8779902646060203,-1.3133835132433576,0.1667361400583624,6,High,5,"True, True, True, True, True",Inventory Wastage,"Review stock handling, demand planning and shelf-life management","Inventory Wastage | Review stock handling, demand planning and shelf-life management"
OUT0357,Franchise Outlet 0357,Franchise,Guwahati,Assam,East,2448310.88,348398.29000000004,14.230149154914512,14.06711409395973,1572.0,61.704834605597966,2.7600000000000002,10.303333333333333,0.6948831332912192,99.23333333333333,22.189349519955645,-14.45640560159097,18.820861678004537,6,High,5,"True, True, True, True, True",Customer Complaints,Investigate complaint drivers and service bottlenecks,Customer Complaints | Investigate complaint drivers and service bottlenecks
OUT0227,Franchise Outlet 0227,Company-Owned,Bengaluru,Karnataka,South,4173681.86,432822.29000000004,10.37027508368834,17.01660450006016,5657.0,22.980378292381122,2.8166666666666664,10.923333333333332,0.49252418645558493,99.46666666666665,52.16285340907795,-22.561137365155652,52.39762931034484,6,High,5,"True, True, True, True, True",Customer Complaints,Investigate complaint drivers and service bottlenecks,Customer Complaints | Investigate complaint drivers and service bottlenecks
OUT0397,Franchise Outlet 0397,Franchise,Dehradun,Uttarakhand,North,3698876.1799999997,485904.8,13.136552194618206,15.228448091635679,3563.0,26.662924501824307,2.6633333333333336,10.21,0.6413831567205801,99.33333333333333,8.774385271449315,0.8437606875637765,9.462365591397855,6,High,5,"True, True, True, True, True",Customer Complaints,Investigate complaint drivers and service bottlenecks,Customer Complaints | Investigate complaint drivers and service bottlenecks
OUT0238,Franchise Outlet 0238,Franchise,Patna,Bihar,East,4418912.09,491695.28,11.127066345418065,18.030163127116037,2929.0,28.678729941959713,2.883333333333333,9.943333333333333,3.3014196104324856,96.56666666666666,7.712790704970021,-40.86876393075906,3.425141242937857,6,High,5,"True, True, True, True, True",Customer Complaints,Investigate complaint drivers and service bottlenecks,Customer Complaints | Investigate complaint drivers and service bottlenecks
OUT0040,Franchise Outlet 0040,Franchise,Pune,Maharashtra,West,7556994.76,526317.68,6.964642648501718,17.765076402659513,4569.0,21.011162179908073,2.8200000000000003,11.86,2.246469833119384,97.7,10.347212424586656,-34.150352828023465,13.038099950519552,6,High,5,"True, True, True, True, True",Profitability,"Review costs, pricing and product profitability","Profitability | Review costs, pricing and product profitability"
OUT0226,Franchise Outlet 0226,Franchise,Vadodara,Gujarat,West,3762364.3099999996,548982.61,14.591426155645198,17.408589506691303,3109.0,21.87198456095207,2.67,8.24,3.236850295673825,96.66666666666667,8.737182863035443,-5.905902819383259,2.001312335957998,6,High,5,"True, True, True, True, True",Inventory Wastage,"Review stock handling, demand planning and shelf-life management","Inventory Wastage | Review stock handling, demand planning and shelf-life management"
OUT0145,Franchise Outlet 0145,Franchise,Kolkata,West Bengal,East,2766501.29,562507.32,20.332805266828554,12.20106863101105,2352.0,42.517006802721085,2.3466666666666662,11.76,1.507537688442211,98.46666666666665,-5.976653991981141,-20.327834302181476,1.5982721382289466,6,High,5,"True, True, True, True, True",Customer Complaints,Investigate complaint drivers and service bottlenecks,Customer Complaints | Investigate complaint drivers and service bottlenecks
OUT0271,Franchise Outlet 0271,Franchise,Ludhiana,Punjab,North,3694663.76,661110.83,17.893667000430913,15.598009076269944,2131.0,38.94885030502112,2.8533333333333335,9.63,4.439461883408072,95.39999999999999,16.4586617088776,-14.863271894709323,12.811011116993132,6,High,5,"True, True, True, True, True",Customer Complaints,Investigate complaint drivers and service bottlenecks,Customer Complaints | Investigate complaint drivers and service bottlenecks
OUT0607,Franchise Outlet 0607,Franchise,Dehradun,Uttarakhand,North,4730601.8,695140.19,14.694540343683121,13.985482781904118,3314.0,23.536511768255885,2.4166666666666665,11.506666666666668,0.599880023995201,99.39999999999999,2.793688274375849,-11.70023965819159,-0.2708396027685826,6,High,5,"True, True, True, True, True",Customer Satisfaction,Review service quality and customer experience,Customer Satisfaction | Review service quality and customer experience
OUT0297,Franchise Outlet 0297,Franchise,Guwahati,Assam,East,4351586.59,983359.46,22.59772245506437,17.387280859595908,3382.0,23.65464222353637,2.8800000000000003,11.63,0.6171025565677344,99.36666666666667,-0.35426599446333384,-21.190887954283966,1.0759115361625822,6,High,5,"True, True, True, True, True",Customer Complaints,Investigate complaint drivers and service bottlenecks,Customer Complaints | Investigate complaint drivers and service bottlenecks
OUT0184,Franchise Outlet 0184,Franchise,Delhi,Delhi,North,496922.78,74490.81999999999,14.990421650623462,9.931613304320795,639.0,126.76056338028168,2.69,9.576666666666666,0.9302325581395349,99.06666666666666,5.719521330589682,-29.163143406301444,4.071661237785021,5,High,4,"True, True, True, True",Customer Complaints,Investigate complaint drivers and service bottlenecks,Customer Complaints | Investigate complaint drivers and service bottlenecks
OUT0288,Franchise Outlet 0288,Franchise,Hyderabad,Telangana,South,591561.3200000001,87477.96,14.787640273708227,15.034168564920272,858.0,102.56410256410255,3.1033333333333335,8.076666666666666,3.160270880361174,96.73333333333333,8.761485120829226,-10.224966210426167,2.877697841726619,5,High,4,"True, True, True, True",Customer Complaints,Investigate complaint drivers and service bottlenecks,Customer Complaints | Investigate complaint drivers and service bottlenecks
OUT0491,Franchise Outlet 0491,Franchise,Ahmedabad,Gujarat,West,661423.0,112268.98999999999,16.97385636725666,15.123194562446898,712.0,87.07865168539327,2.7533333333333334,11.573333333333332,3.3921302578018993,96.53333333333335,8.256920255658141,18.8279229820478,2.298850574712648,5,High,5,"True, True, True, True, True",Customer Complaints,Investigate complaint drivers and service bottlenecks,Customer Complaints | Investigate complaint drivers and service bottlenecks
OUT0113,Franchise Outlet 0113,Franchise,Mysuru,Karnataka,South,762230.01,121555.72,15.947380502638566,23.149648838465694,1714.0,29.754959159859975,3.313333333333333,11.15,3.4366197183098595,96.40000000000002,11.032227080544677,-20.186615987716856,11.806914546640582,5,High,4,"True, True, True, True",Customer Complaints,Investigate complaint drivers and service bottlenecks,Customer Complaints | Investigate complaint drivers and service bottlenecks
OUT0567,Franchise Outlet 0567,Franchise,Guwahati,Assam,East,1233441.28,163713.03,13.27286776067686,19.820354836315047,2670.0,38.20224719101124,2.8633333333333333,11.793333333333331,0.5216095380029807,99.46666666666665,5.684659013356455,-9.944959681711296,9.291854277527625,5,High,4,"True, True, True, True",Customer Complaints,Investigate complaint drivers and service bottlenecks,Customer Complaints | Investigate complaint drivers and service bottlenecks
OUT0670,Franchise Outlet 0670,Franchise,Pune,Maharashtra,West,1458042.68,175687.66,12.0495553669252,14.183402244536325,1921.0,52.05622071837585,2.953333333333333,9.503333333333332,1.5881147540983607,98.39999999999999,6.1019111189204684,-9.382742755642033,6.3676633444075375,5,High,4,"True, True, True, True",Customer Complaints,Investigate complaint drivers and service bottlenecks,Customer Complaints | Investigate complaint drivers and service bottlenecks
OUT0208,Franchise Outlet 0208,Franchise,Patna,Bihar,East,1659105.71,203996.14,12.295548063661357,18.63200553523772,1885.0,44.56233421750663,3.26,10.963333333333333,3.5312180143295806,96.33333333333333,3.3537770981601023,-35.21473719853124,9.085648148148156,5,High,4,"True, True, True, True",Customer Complaints,Investigate complaint drivers and service bottlenecks,Customer Complaints | Investigate complaint drivers and service bottlenecks
OUT0006,Franchise Outlet 0006,Franchise,Lucknow,Uttar Pradesh,North,1724141.0,213257.81,12.368930963302885,19.72171808832426,1956.0,38.34355828220859,2.99,7.683333333333334,3.4550839091806513,96.39999999999999,17.832722245675214,-21.76131018536148,16.985645933014347,5,High,4,"True, True, True, True",Customer Complaints,Investigate complaint drivers and service bottlenecks,Customer Complaints | Investigate complaint drivers and service bottlenecks
OUT0628,Franchise Outlet 0628,Franchise,Patna,Bihar,East,1618032.52,217381.32,13.434916623307421,18.835231830579175,1174.0,68.99488926746167,2.7866666666666666,9.85,3.6124794745484397,96.23333333333333,14.870886015271811,-5.067888842850177,12.237093690248555,5,High,4,"True, True, True, True",Customer Complaints,Investigate complaint drivers and service bottlenecks,Customer Complaints | Investigate complaint drivers and service bottlenecks
OUT0600,Franchise Outlet 0600,Franchise,Siliguri,West Bengal,East,1543045.56,219832.83,14.246684329916997,16.478421115206277,1386.0,43.290043290043286,2.8433333333333337,9.796666666666667,1.5625,98.43333333333334,2.5813232807402446,-11.367754574532997,-0.21598272138228944,5,High,4,"True, True, True, True",Customer Complaints,Investigate complaint drivers and service bottlenecks,Customer Complaints | Investigate complaint drivers and service bottlenecks
OUT0231,Franchise Outlet 0231,Franchise,Kochi,Kerala,South,1434796.75,225904.74,15.744720637260992,14.274726965082296,1856.0,43.64224137931035,3.186666666666667,9.396666666666667,3.3333333333333335,96.56666666666666,13.199356526315078,-29.817150017214473,12.484848484848477,5,High,4,"True, True, True, True",Customer Complaints,Investigate complaint drivers and service bottlenecks,Customer Complaints | Investigate complaint drivers and service bottlenecks
OUT0121,Franchise Outlet 0121,Company-Owned,Ludhiana,Punjab,North,1679997.36,278195.16,16.559261735982727,12.787843366452368,1094.0,80.43875685557587,2.7266666666666666,9.543333333333335,2.234137622877569,97.63333333333333,4.755758665374116,-28.589764753599738,8.531746031746037,5,High,4,"True, True, True, True",Customer Complaints,Investigate complaint drivers and service bottlenecks,Customer Complaints | Investigate complaint drivers and service bottlenecks
OUT0343,Franchise Outlet 0343,Franchise,Indore,Madhya Pradesh,West,2186597.49,284581.16,13.014794048812336,15.660243603789393,2430.0,31.687242798353907,3.2733333333333334,7.256666666666667,3.3797216699801194,96.5,17.291336549724463,-17.24509948635059,17.221418234442837,5,High,4,"True, True, True, True",Customer Complaints,Investigate complaint drivers and service bottlenecks,Customer Complaints | Investigate complaint drivers and service bottlenecks
OUT0124,Franchise Outlet 0124,Franchise,Delhi,Delhi,North,2023408.99,294997.51,14.579232940938947,14.859796392212896,1664.0,51.08173076923077,2.9499999999999997,7.723333333333334,0.6567164179104478,99.3,10.57832392270473,-19.6222798349153,17.10063335679098,5,High,4,"True, True, True, True",Customer Complaints,Investigate complaint drivers and service bottlenecks,Customer Complaints | Investigate complaint drivers and service bottlenecks
OUT0011,Franchise Outlet 0011,Franchise,Ahmedabad,Gujarat,West,2189500.56,307465.86,14.042739500372631,9.019963702359346,1491.0,64.38631790744468,3.453333333333333,7.183333333333334,3.1189083820662766,96.93333333333334,10.662704408796984,-20.413371479104296,6.272273699215962,5,High,4,"True, True, True, True",Customer Complaints,Investigate complaint drivers and service bottlenecks,Customer Complaints | Investigate complaint drivers and service bottlenecks
OUT0497,Franchise Outlet 0497,Franchise,Bengaluru,Karnataka,South,2607485.36,307913.75,11.808839072446412,27.569925890509207,4613.0,15.174506828528074,3.026666666666667,10.34,0.6461339651087659,99.33333333333333,-11.34057006888443,-32.64462935561595,-9.406912804399049,5,High,3,"True, True, True",Profitability,"Review costs, pricing and product profitability","Profitability | Review costs, pricing and product profitability"
OUT0448,Franchise Outlet 0448,Franchise,Patna,Bihar,East,1639570.3900000001,308216.44000000006,18.798609799241376,15.63941990771259,2847.0,27.748507200561995,2.606666666666667,11.406666666666666,2.633378932968536,97.26666666666667,11.754817961193922,66.69816563916415,7.637051039697547,5,High,5,"True, True, True, True, True",Customer Complaints,Investigate complaint drivers and service bottlenecks,Customer Complaints | Investigate complaint drivers and service bottlenecks
OUT0588,Franchise Outlet 0588,Franchise,Hyderabad,Telangana,South,2192046.12,311684.79,14.218897456409355,16.09702315325248,1460.0,65.06849315068493,3.0566666666666666,9.163333333333334,2.925531914893617,97.03333333333335,14.135175358550821,-4.660307399712266,9.281437125748512,5,High,4,"True, True, True, True",Customer Complaints,Investigate complaint drivers and service bottlenecks,Customer Complaints | Investigate complaint drivers and service bottlenecks
OUT0559,Franchise Outlet 0559,Franchise,Chennai,Tamil Nadu,South,2192348.31,319550.66,14.575724967717377,12.556715683594819,2297.0,28.733130169786676,3.1566666666666663,11.379999999999999,0.7346585998271392,99.3,-3.556496547574186,-37.70658276212633,-2.0886615515771574,5,High,4,"True, True, True, True",Customer Complaints,Investigate complaint drivers and service bottlenecks,Customer Complaints | Investigate complaint drivers and service bottlenecks
OUT0150,Franchise Outlet 0150,Franchise,Siliguri,West Bengal,East,2117500.23,322488.49,15.229679101380784,14.229480737018427,1699.0,54.738081224249555,2.7866666666666666,9.540000000000001,1.905311778290993,98.0,-2.212266772702558,-17.501861582573895,4.041641151255358,5,High,4,"True, True, True, True",Customer Complaints,Investigate complaint drivers and service bottlenecks,Customer Complaints | Investigate complaint drivers and service bottlenecks
OUT0069,Franchise Outlet 0069,Franchise,Mumbai,Maharashtra,West,2486770.39,331633.27,13.335902314648356,15.071177223288549,3769.0,19.899177500663306,3.3433333333333333,10.213333333333333,0.7374242823281538,99.26666666666667,1.1727039759653743,-22.491741033397435,3.6863823933975115,5,High,4,"True, True, True, True",Conversion,Improve footfall-to-order conversion,Conversion | Improve footfall-to-order conversion
OUT0277,Franchise Outlet 0277,Franchise,Dehradun,Uttarakhand,North,2553266.79,345023.34,13.51301561400875,21.436972641268216,4192.0,19.322519083969468,2.9766666666666666,10.553333333333333,0.7810650887573964,99.2,11.406745729760528,0.20591648898504464,9.024707412223655,5,High,4,"True, True, True, True",Employee Turnover,Review staffing stability and retention factors,Employee Turnover | Review staffing stability and retention factors
OUT0223,Franchise Outlet 0223,Franchise,Indore,Madhya Pradesh,West,3509844.59,351325.82,10.009725815239017,17.25001898109483,4544.0,21.346830985915492,3.026666666666667,9.226666666666667,4.155241510229909,95.66666666666667,7.326194212882934,-57.17056561626532,11.127415015896313,5,High,4,"True, True, True, True",Inventory Wastage,"Review stock handling, demand planning and shelf-life management","Inventory Wastage | Review stock handling, demand planning and shelf-life management"
OUT0583,Franchise Outlet 0583,Franchise,Indore,Madhya Pradesh,West,1339662.78,356007.44,26.574407030999247,12.479980288283848,1013.0,90.81934846989141,2.873333333333333,10.780000000000001,2.5024061597690084,97.46666666666665,16.54148975340268,151.4134046164892,11.318681318681332,5,High,5,"True, True, True, True, True",Customer Complaints,Investigate complaint drivers and service bottlenecks,Customer Complaints | Investigate complaint drivers and service bottlenecks
OUT0745,Franchise Outlet 0745,Franchise,Kolkata,West Bengal,East,4762495.33,360340.67,7.566215713223596,18.257209273104227,5812.0,9.463179628355126,3.455,11.853333333333332,2.6954629164573913,97.23333333333333,15.706438621738739,-33.93448731238885,14.52216748768472,5,High,4,"True, True, True, True",Profitability,"Review costs, pricing and product profitability","Profitability | Review costs, pricing and product profitability"
OUT0328,Franchise Outlet 0328,Franchise,Patna,Bihar,East,2982288.0100000002,376030.41000000003,12.608789249700935,18.15960318039244,4979.0,17.473388230568386,2.9566666666666666,9.726666666666667,3.395421032207994,96.60000000000001,0.8750737269088884,-37.24109183057085,-2.6207705847838754,5,High,4,"True, True, True, True",Inventory Wastage,"Review stock handling, demand planning and shelf-life management","Inventory Wastage | Review stock handling, demand planning and shelf-life management"
OUT0351,Franchise Outlet 0351,Franchise,Kochi,Kerala,South,1984384.1400000001,376706.79,18.98356182185572,11.09980151661662,2181.0,28.88583218707015,3.313333333333333,7.546666666666667,3.922858000933458,95.86666666666667,-0.8802091590155973,-27.202223958060273,-30.319488817891372,5,High,4,"True, True, True, True",Inventory Wastage,"Review stock handling, demand planning and shelf-life management","Inventory Wastage | Review stock handling, demand planning and shelf-life management"
OUT0541,Franchise Outlet 0541,Franchise,Ludhiana,Punjab,North,3699718.9,393252.26999999996,10.629247265244935,22.66228630528685,3725.0,14.228187919463087,3.69,6.4433333333333325,3.1964656964656966,96.73333333333333,-13.578527638704482,-58.62818676453215,-13.291433891992547,5,High,3,"True, True, True",Inventory Wastage,"Review stock handling, demand planning and shelf-life management","Inventory Wastage | Review stock handling, demand planning and shelf-life management"
OUT0164,Franchise Outlet 0164,Company-Owned,Nagpur,Maharashtra,West,2580550.92,395998.33999999997,15.345496069498212,14.25748281114908,3463.0,26.566560785446146,2.5500000000000003,9.633333333333333,0.65978198508319,99.33333333333333,14.5239821068119,-19.67368800009932,14.479338842975196,5,High,4,"True, True, True, True",Customer Complaints,Investigate complaint drivers and service bottlenecks,Customer Complaints | Investigate complaint drivers and service bottlenecks
OUT0368,Franchise Outlet 0368,Franchise,Jammu,Jammu & Kashmir,North,1852551.65,411249.25,22.199070670985073,13.169307018320206,1488.0,66.53225806451613,2.52,10.956666666666665,3.3766233766233764,96.53333333333335,6.058980935174472,-0.2382351676181328,8.533916849015318,5,High,5,"True, True, True, True, True",Customer Complaints,Investigate complaint drivers and service bottlenecks,Customer Complaints | Investigate complaint drivers and service bottlenecks
OUT0172,Franchise Outlet 0172,Franchise,Vijayawada,Andhra Pradesh,South,3387517.67,438888.73,12.956057288994154,14.881499173250045,2430.0,45.67901234567901,2.9466666666666668,8.323333333333332,0.7352941176470588,99.26666666666667,17.99117880604842,-29.611437298065717,13.710809546092648,5,High,4,"True, True, True, True",Customer Complaints,Investigate complaint drivers and service bottlenecks,Customer Complaints | Investigate complaint drivers and service bottlenecks
OUT0494,Franchise Outlet 0494,Franchise,Nagpur,Maharashtra,West,2888779.6799999997,451744.98,15.637917392163326,11.42384105960265,2070.0,40.57971014492753,2.8766666666666665,9.17,1.0043041606886656,99.0,-3.03087119594143,-12.295956240486277,-1.802656546489558,5,High,4,"True, True, True, True",Customer Complaints,Investigate complaint drivers and service bottlenecks,Customer Complaints | Investigate complaint drivers and service bottlenecks
OUT0731,Franchise Outlet 0731,Franchise,Ahmedabad,Gujarat,West,2758209.7199999997,497756.15,18.046348919399794,18.73465744253515,1679.0,44.0738534842168,3.06,10.49,4.493742889647327,95.3,-1.3101434813856816,-13.556886212154176,-2.835648148148155,5,High,4,"True, True, True, True",Customer Complaints,Investigate complaint drivers and service bottlenecks,Customer Complaints | Investigate complaint drivers and service bottlenecks
OUT0466,Franchise Outlet 0466,Franchise,Vadodara,Gujarat,West,3426257.71,504620.48,14.728036321587728,24.35564435564436,2438.0,35.274815422477445,2.7266666666666666,7.123333333333334,2.7522935779816518,97.2,26.51523872575165,13.366120707912374,23.255813953488357,5,High,4,"True, True, True, True",Customer Complaints,Investigate complaint drivers and service bottlenecks,Customer Complaints | Investigate complaint drivers and service bottlenecks
OUT0128,Franchise Outlet 0128,Franchise,Jammu,Jammu & Kashmir,North,2813481.72,506782.65,18.012651242674504,13.112380006620326,3169.0,34.7112653834017,3.0233333333333334,8.056666666666667,3.236641221374046,96.60000000000001,9.133012276548726,-13.723625964677518,9.653979238754314,5,High,4,"True, True, True, True",Customer Complaints,Investigate complaint drivers and service bottlenecks,Customer Complaints | Investigate complaint drivers and service bottlenecks
OUT0355,Franchise Outlet 0355,Franchise,Kolkata,West Bengal,East,4224866.93,515708.72000000003,12.20650800473851,16.76368554124772,2851.0,32.26937916520519,2.3966666666666665,9.950000000000001,2.229080932784637,97.73333333333333,17.297096319566222,-33.32735267691711,12.598736176935233,5,High,4,"True, True, True, True",Customer Complaints,Investigate complaint drivers and service bottlenecks,Customer Complaints | Investigate complaint drivers and service bottlenecks
OUT0391,Franchise Outlet 0391,Company-Owned,Ludhiana,Punjab,North,3047552.53,523382.36,17.173858525746233,13.19126183929117,1727.0,63.69426751592356,2.733333333333333,10.11,2.484472049689441,97.46666666666665,18.328631894583307,-4.673727459740242,18.44993141289437,5,High,5,"True, True, True, True, True",Customer Complaints,Investigate complaint drivers and service bottlenecks,Customer Complaints | Investigate complaint drivers and service bottlenecks
OUT0333,Franchise Outlet 0333,Franchise,Chandigarh,Chandigarh,North,4085158.29,524303.96,12.834360942229242,17.976715122015392,2733.0,31.101353823637027,3.1033333333333335,9.31,3.5298270384751147,96.36666666666667,20.411964686723312,-25.563053112170614,17.1453064723532,5,High,4,"True, True, True, True",Customer Complaints,Investigate complaint drivers and service bottlenecks,Customer Complaints | Investigate complaint drivers and service bottlenecks
OUT0634,Franchise Outlet 0634,Franchise,Delhi,Delhi,North,5342054.15,570319.08,10.676025813029243,12.921644057501519,3191.0,15.355687872140395,3.8166666666666664,9.879999999999999,0.8390304536979489,99.16666666666667,-14.148109039905316,-37.975891862807146,-13.896384241770091,5,High,3,"True, True, True",Conversion,Improve footfall-to-order conversion,Conversion | Improve footfall-to-order conversion
OUT0209,Franchise Outlet 0209,Franchise,Ranchi,Jharkhand,East,5926897.4,571057.97,9.635023714093649,17.851664365700262,4655.0,17.40064446831364,2.9066666666666663,10.493333333333332,0.49166310389055157,99.53333333333335,9.595417619957912,-44.49689889194497,10.675225867807898,5,High,4,"True, True, True, True",Profitability,"Review costs, pricing and product profitability","Profitability | Review costs, pricing and product profitability"
OUT0182,Franchise Outlet 0182,Franchise,Amritsar,Punjab,North,5674705.4,574902.11,10.130959573689939,16.63042140248656,4053.0,23.192696767826302,2.796666666666667,9.81,0.9288682473722807,99.06666666666666,-4.214550533388154,-22.48576441254551,-1.602330662782229,5,High,4,"True, True, True, True",Customer Complaints,Investigate complaint drivers and service bottlenecks,Customer Complaints | Investigate complaint drivers and service bottlenecks
OUT0365,Franchise Outlet 0365,Company-Owned,Jaipur,Rajasthan,North,3546173.37,621367.66,17.522201967243355,10.662723080008021,2127.0,40.43253408556652,2.936666666666667,9.966666666666667,2.071823204419889,97.86666666666667,7.897742294442309,-20.843270690867584,7.805372529143442,5,High,4,"True, True, True, True",Customer Complaints,Investigate complaint drivers and service bottlenecks,Customer Complaints | Investigate complaint drivers and service bottlenecks
OUT0739,Franchise Outlet 0739,Franchise,Chennai,Tamil Nadu,South,5472120.3100000005,631035.69,11.531831433728106,11.804743167074339,3330.0,25.825825825825824,2.98,7.503333333333333,0.6266786034019696,99.36666666666667,18.520496167090947,-32.17768313045381,11.744966442953016,5,High,4,"True, True, True, True",Customer Complaints,Investigate complaint drivers and service bottlenecks,Customer Complaints | Investigate complaint drivers and service bottlenecks
OUT0601,Franchise Outlet 0601,Franchise,Ludhiana,Punjab,North,2603910.12,649709.48,24.951302082577257,9.956733665589573,1818.0,52.805280528052805,2.7133333333333334,11.06,3.4006376195536663,96.5,11.216651839617036,2.7502294133857146,9.18918918918919,5,High,5,"True, True, True, True, True",Customer Complaints,Investigate complaint drivers and service bottlenecks,Customer Complaints | Investigate complaint drivers and service bottlenecks
OUT0066,Franchise Outlet 0066,Franchise,Lucknow,Uttar Pradesh,North,3540582.54,672890.94,19.005091179148163,18.038838067725887,2248.0,24.91103202846975,3.9066666666666663,7.753333333333333,2.472885032537961,97.5,-3.078522814140553,-31.98462077680998,-1.0998680158380896,5,High,4,"True, True, True, True",Customer Complaints,Investigate complaint drivers and service bottlenecks,Customer Complaints | Investigate complaint drivers and service bottlenecks
OUT0225,Franchise Outlet 0225,Franchise,Nashik,Maharashtra,West,6933306.16,708129.9299999999,10.2134524808003,16.49358582773366,4050.0,21.23456790123457,3.296666666666667,11.915,2.1739130434782608,97.76666666666667,11.8911752234888,-45.90897151123565,10.898138006571749,5,High,4,"True, True, True, True",Employee Turnover,Review staffing stability and retention factors,Employee Turnover | Review staffing stability and retention factors
OUT0156,Franchise Outlet 0156,Franchise,Lucknow,Uttar Pradesh,North,5313663.08,724978.21,13.643661615067998,22.65346975088968,4074.0,19.145802650957293,2.8233333333333337,10.473333333333334,2.4658846061766817,97.46666666666665,2.4259858827455356,-28.89892617773373,59.63949843260189,5,High,4,"True, True, True, True",Employee Turnover,Review staffing stability and retention factors,Employee Turnover | Review staffing stability and retention factors
OUT0022,Franchise Outlet 0022,Franchise,Vijayawada,Andhra Pradesh,South,4075919.1799999997,772400.91,18.950349010600355,13.315586178097922,2551.0,36.84829478635829,3.1999999999999997,12.025,0.9320388349514563,99.03333333333335,-18.779025354604386,10.758364236252373,-21.987767584097856,5,High,4,"True, True, True, True",Customer Complaints,Investigate complaint drivers and service bottlenecks,Customer Complaints | Investigate complaint drivers and service bottlenecks
OUT0293,Franchise Outlet 0293,Franchise,Mysuru,Karnataka,South,3704243.74,793539.41,21.422440468239813,16.20740180554899,3429.0,26.8299795858851,2.733333333333333,10.11,3.1355932203389827,96.8,15.505266383315089,30.019604868498362,15.922920892494929,5,High,5,"True, True, True, True, True",Customer Complaints,Investigate complaint drivers and service bottlenecks,Customer Complaints | Investigate complaint drivers and service bottlenecks
OUT0211,Franchise Outlet 0211,Company-Owned,Ludhiana,Punjab,North,5545165.67,829208.42,14.953717694786206,15.084971541597708,3737.0,20.337168852020337,3.456666666666667,6.93,3.5114898011877096,96.46666666666665,4.16886678860818,-11.511132271009574,3.5180055401662176,5,High,4,"True, True, True, True",Inventory Wastage,"Review stock handling, demand planning and shelf-life management","Inventory Wastage | Review stock handling, demand planning and shelf-life management"
OUT0725,Franchise Outlet 0725,Franchise,Jaipur,Rajasthan,North,6097627.25,904256.56,14.829646400573274,19.249121703109434,3671.0,20.97521111413784,2.9933333333333336,11.08,2.132764596107705,97.83333333333333,6.697492181459321,-27.984797253010868,10.07496251874063,5,High,4,"True, True, True, True",Employee Turnover,Review staffing stability and retention factors,Employee Turnover | Review staffing stability and retention factors
OUT0068,Franchise Outlet 0068,Franchise,Jammu,Jammu & Kashmir,North,8473597.04,1058523.81,12.492024402425445,17.51418118349948,5218.0,13.415101571483326,2.95,6.88,2.9750836742283377,96.93333333333334,14.21901805222397,-44.339463666715545,7.1898110106819955,5,High,4,"True, True, True, True",Inventory Wastage,"Review stock handling, demand planning and shelf-life management","Inventory Wastage | Review stock handling, demand planning and shelf-life management"
OUT0382,Franchise Outlet 0382,Franchise,Vijayawada,Andhra Pradesh,South,8227317.5,1464578.1,17.801404892907076,21.770872980173696,6292.0,9.376986649713922,3.606666666666667,10.793333333333335,0.5217391304347827,99.5,-13.803764619827879,-32.610649736088476,-11.317829457364335,5,High,3,"True, True, True",Employee Turnover,Review staffing stability and retention factors,Employee Turnover | Review staffing stability and retention factors
OUT0486,Franchise Outlet 0486,Franchise,Lucknow,Uttar Pradesh,North,6103405.25,1492699.56,24.456831864474346,17.52259297879736,4033.0,20.828167617158442,2.723333333333333,10.34,3.585943103036098,96.3,5.37942983213089,41.937717517215255,1.6637257373329974,5,High,5,"True, True, True, True, True",Inventory Wastage,"Review stock handling, demand planning and shelf-life management","Inventory Wastage | Review stock handling, demand planning and shelf-life management"
OUT0576,Franchise Outlet 0576,Franchise,Lucknow,Uttar Pradesh,North,8195596.529999999,1681376.41,20.5156074221726,21.283206462637875,5480.0,14.963503649635037,2.8333333333333335,11.176666666666668,3.5211267605633805,96.33333333333333,8.000675677898982,-14.296826844172223,8.214849921011062,5,High,4,"True, True, True, True",Inventory Wastage,"Review stock handling, demand planning and shelf-life management","Inventory Wastage | Review stock handling, demand planning and shelf-life management"
OUT0421,Franchise Outlet 0421,Franchise,Ludhiana,Punjab,North,1158442.32,88385.45,7.629680690532783,20.251177394034535,1548.0,51.67958656330749,3.1999999999999997,5.833333333333333,3.25,96.7,19.86838385926046,-38.293041388098935,14.836795252225524,4,Medium,3,"True, True, True",Customer Complaints,Investigate complaint drivers and service bottlenecks,Customer Complaints | Investigate complaint drivers and service bottlenecks
OUT0674,Franchise Outlet 0674,Franchise,Nagpur,Maharashtra,West,815981.65,93277.06,11.43126931837254,14.693689543988944,957.0,85.68443051201672,3.203333333333333,8.67,0.8290155440414507,99.16666666666667,0.6474527345356217,48.12068341556609,-0.3125,4,Medium,3,"True, True, True",Customer Complaints,Investigate complaint drivers and service bottlenecks,Customer Complaints | Investigate complaint drivers and service bottlenecks
OUT0329,Franchise Outlet 0329,Franchise,Ranchi,Jharkhand,East,1133498.68,96760.43,8.53643958367909,20.292397660818715,1041.0,95.10086455331412,2.8766666666666665,8.200000000000001,0.6679389312977099,99.33333333333333,10.316629533504154,-45.90632141307982,14.270032930845217,4,Medium,3,"True, True, True",Customer Complaints,Investigate complaint drivers and service bottlenecks,Customer Complaints | Investigate complaint drivers and service bottlenecks
OUT0260,Franchise Outlet 0260,Franchise,Coimbatore,Tamil Nadu,South,1094361.46,142732.86,13.042570048108235,18.207381370826013,1036.0,72.39382239382239,3.0666666666666664,8.726666666666667,2.2641509433962264,97.66666666666667,12.410921171325242,-26.395101507284473,8.481675392670157,4,Medium,3,"True, True, True",Customer Complaints,Investigate complaint drivers and service bottlenecks,Customer Complaints | Investigate complaint drivers and service bottlenecks
OUT0487,Franchise Outlet 0487,Franchise,Dehradun,Uttarakhand,North,1103423.05,146631.82,13.288812482211604,15.999496475327291,1271.0,55.861526357199054,3.5,7.670000000000001,1.0124610591900312,98.93333333333334,0.22400969774653662,-36.77599430296819,6.717044500419821,4,Medium,3,"True, True, True",Customer Complaints,Investigate complaint drivers and service bottlenecks,Customer Complaints | Investigate complaint drivers and service bottlenecks
OUT0144,Franchise Outlet 0144,Company-Owned,Visakhapatnam,Andhra Pradesh,South,1522176.23,158279.99,10.39826971940036,22.403176146491653,2765.0,29.65641952983725,2.8800000000000003,8.096666666666666,0.5037783375314862,99.5,5.715336613805566,-24.529990795595463,7.004643962848288,4,Medium,3,"True, True, True",Customer Complaints,Investigate complaint drivers and service bottlenecks,Customer Complaints | Investigate complaint drivers and service bottlenecks
OUT0289,Franchise Outlet 0289,Franchise,Chennai,Tamil Nadu,South,765798.39,179367.59,23.4222991772025,14.751530684892497,1036.0,89.76833976833977,2.973333333333333,10.393333333333333,0.6711409395973155,99.36666666666667,7.373102686786899,16.161886395425636,6.914344685242513,4,Medium,4,"True, True, True, True",Customer Complaints,Investigate complaint drivers and service bottlenecks,Customer Complaints | Investigate complaint drivers and service bottlenecks
OUT0700,Franchise Outlet 0700,Franchise,Pune,Maharashtra,West,1090328.42,182558.13,16.743407458827868,13.82223075446343,2160.0,38.88888888888889,3.15,8.593333333333334,2.1739130434782608,97.8,10.226589349054896,-10.342991663423673,8.433734939759036,4,Medium,3,"True, True, True",Customer Complaints,Investigate complaint drivers and service bottlenecks,Customer Complaints | Investigate complaint drivers and service bottlenecks
OUT0042,Franchise Outlet 0042,Franchise,Surat,Gujarat,West,1760554.75,202891.53,11.524295396096033,20.850086157380815,1089.0,62.44260789715335,2.5033333333333334,8.023333333333333,0.6386861313868614,99.39999999999999,32.900949771766996,10.734973076196967,33.94833948339483,4,Medium,3,"True, True, True",Customer Complaints,Investigate complaint drivers and service bottlenecks,Customer Complaints | Investigate complaint drivers and service bottlenecks
OUT0720,Franchise Outlet 0720,Company-Owned,Siliguri,West Bengal,East,1556516.41,223814.87,14.379216856441623,15.44267645858833,2271.0,23.337736679876706,4.0633333333333335,7.533333333333334,1.6883116883116882,98.3,7.828414124551704,-37.889365553716004,13.891675025075232,4,Medium,3,"True, True, True",Customer Complaints,Investigate complaint drivers and service bottlenecks,Customer Complaints | Investigate complaint drivers and service bottlenecks
OUT0050,Franchise Outlet 0050,Franchise,Coimbatore,Tamil Nadu,South,1439163.62,232180.28999999998,16.133001611032938,7.6661838885281925,1535.0,36.48208469055374,3.296666666666667,7.956666666666666,1.6025641025641024,98.36666666666667,3.1145634123128345,-34.22439086742872,1.186552406064601,4,Medium,3,"True, True, True",Customer Complaints,Investigate complaint drivers and service bottlenecks,Customer Complaints | Investigate complaint drivers and service bottlenecks
OUT0043,Franchise Outlet 0043,Franchise,Indore,Madhya Pradesh,West,2447279.89,237942.82,9.722746506121945,22.52526482405942,1850.0,45.4054054054054,3.3366666666666664,6.503333333333333,2.9380902413431267,96.93333333333334,2.7167750463533533,-37.50379992039537,-0.8042895442359249,4,Medium,3,"True, True, True",Customer Complaints,Investigate complaint drivers and service bottlenecks,Customer Complaints | Investigate complaint drivers and service bottlenecks
OUT0659,Franchise Outlet 0659,Franchise,Ranchi,Jharkhand,East,730235.22,237987.02000000002,32.590460372481076,12.065727699530516,514.0,182.8793774319066,2.393333333333333,12.65,0.5802707930367506,99.43333333333334,9.783307644296139,153.25309100018183,5.327868852459028,4,Medium,4,"True, True, True, True",Customer Complaints,Investigate complaint drivers and service bottlenecks,Customer Complaints | Investigate complaint drivers and service bottlenecks
OUT0662,Franchise Outlet 0662,Franchise,Amritsar,Punjab,North,1512630.99,249713.22999999998,16.508535898765366,12.120051085568328,949.0,79.03055848261329,3.203333333333333,8.836666666666666,0.5241090146750524,99.46666666666665,-4.13479649139274,-31.288983937607867,-0.9394572025052194,4,Medium,3,"True, True, True",Customer Complaints,Investigate complaint drivers and service bottlenecks,Customer Complaints | Investigate complaint drivers and service bottlenecks
OUT0201,Franchise Outlet 0201,Franchise,Kochi,Kerala,South,1496012.5,249927.05000000002,16.706214018933665,11.773298276365761,1209.0,65.34325889164599,3.7366666666666664,10.49,3.2025620496397114,96.7,18.268022603486525,3.938117143753667,8.430493273542595,4,Medium,4,"True, True, True, True",Customer Complaints,Investigate complaint drivers and service bottlenecks,Customer Complaints | Investigate complaint drivers and service bottlenecks
OUT0305,Franchise Outlet 0305,Franchise,Jaipur,Rajasthan,North,987516.61,261236.25,26.45385883686554,16.21853546910755,1134.0,89.06525573192239,2.3033333333333332,10.5,1.647875108412836,98.3,6.9975583730395,20.866786085481117,9.777347531461768,4,Medium,4,"True, True, True, True",Customer Complaints,Investigate complaint drivers and service bottlenecks,Customer Complaints | Investigate complaint drivers and service bottlenecks
OUT0408,Franchise Outlet 0408,Franchise,Hyderabad,Telangana,South,1560103.14,262518.39999999997,16.82699004118407,15.61320754716981,2648.0,31.72205438066465,2.513333333333333,10.683333333333332,2.395871728713601,97.53333333333335,0.37995612489159236,11.267302972133402,-0.6751687921980496,4,Medium,4,"True, True, True, True",Customer Complaints,Investigate complaint drivers and service bottlenecks,Customer Complaints | Investigate complaint drivers and service bottlenecks
OUT0191,Franchise Outlet 0191,Franchise,Ahmedabad,Gujarat,West,1485609.04,266549.33,17.9420912786045,8.945438861332757,2074.0,47.251687560270014,2.513333333333333,5.9399999999999995,2.902621722846442,97.0,9.731823216165367,-5.440110961900871,10.201912858660998,4,Medium,4,"True, True, True, True",Customer Complaints,Investigate complaint drivers and service bottlenecks,Customer Complaints | Investigate complaint drivers and service bottlenecks
OUT0053,Franchise Outlet 0053,Franchise,Mysuru,Karnataka,South,1613130.9500000002,272427.86,16.88814289999209,15.95280962759405,3367.0,33.264033264033266,3.0766666666666667,10.166666666666666,2.4905878945844195,97.39999999999999,2.8128097956427136,37.4796570849007,1.3546056592414208,4,Medium,4,"True, True, True, True",Customer Complaints,Investigate complaint drivers and service bottlenecks,Customer Complaints | Investigate complaint drivers and service bottlenecks
OUT0335,Franchise Outlet 0335,Franchise,Jaipur,Rajasthan,North,1175233.1400000001,276889.95999999996,23.56042818874219,14.828636709824828,1947.0,40.57524396507448,2.6566666666666667,9.19,2.5037556334501754,97.46666666666665,3.0409397938473273,7.704671872179268,9.07563025210084,4,Medium,4,"True, True, True, True",Customer Complaints,Investigate complaint drivers and service bottlenecks,Customer Complaints | Investigate complaint drivers and service bottlenecks
OUT0073,Franchise Outlet 0073,Franchise,Indore,Madhya Pradesh,West,1511606.57,279181.82,18.46921186641839,12.938036667440242,1115.0,69.05829596412556,3.026666666666667,10.229999999999999,3.0434782608695654,96.86666666666667,-0.8353639603165816,6.244868889214061,0.9049773755656212,4,Medium,4,"True, True, True, True",Customer Complaints,Investigate complaint drivers and service bottlenecks,Customer Complaints | Investigate complaint drivers and service bottlenecks
OUT0602,Franchise Outlet 0602,Franchise,Amritsar,Punjab,North,1240966.07,280840.18,22.63077023532158,18.192021222324254,1783.0,44.868199663488504,2.9933333333333336,10.47,1.0543840177580466,98.93333333333334,14.162916076214666,11.282661424344226,16.15635179153095,4,Medium,4,"True, True, True, True",Customer Complaints,Investigate complaint drivers and service bottlenecks,Customer Complaints | Investigate complaint drivers and service bottlenecks
OUT0278,Franchise Outlet 0278,Franchise,Jammu,Jammu & Kashmir,North,1717170.75,294235.33,17.134890633328105,15.344549195270588,2946.0,22.40325865580448,3.2100000000000004,8.33,2.41801921165949,97.46666666666665,10.270587516825517,-11.462134401253014,8.030803080308031,4,Medium,3,"True, True, True",Customer Complaints,Investigate complaint drivers and service bottlenecks,Customer Complaints | Investigate complaint drivers and service bottlenecks
OUT0261,Franchise Outlet 0261,Franchise,Kochi,Kerala,South,1688576.71,295725.13,17.5132777947648,15.284913591779542,2618.0,23.682200152788386,3.2900000000000005,10.6,3.9618488628026407,95.86666666666667,6.75942734277771,11.351176699677204,8.36092715231787,4,Medium,4,"True, True, True, True",Inventory Wastage,"Review stock handling, demand planning and shelf-life management","Inventory Wastage | Review stock handling, demand planning and shelf-life management"
OUT0650,Franchise Outlet 0650,Franchise,Coimbatore,Tamil Nadu,South,1639147.67,302705.27999999997,18.467236695031875,11.031810766721044,1623.0,49.29143561306223,2.8366666666666664,12.406666666666666,2.3465703971119134,97.56666666666666,16.986901173987317,9.238385720832486,18.036363636363642,4,Medium,4,"True, True, True, True",Customer Complaints,Investigate complaint drivers and service bottlenecks,Customer Complaints | Investigate complaint drivers and service bottlenecks
OUT0548,Franchise Outlet 0548,Franchise,Jammu,Jammu & Kashmir,North,1537365.22,304355.47,19.797213182694477,14.324133050247701,1012.0,67.19367588932806,3.3800000000000003,10.65,3.435114503816794,96.43333333333334,6.376207796694425,-1.4990612237949805,15.922107674684987,4,Medium,4,"True, True, True, True",Customer Complaints,Investigate complaint drivers and service bottlenecks,Customer Complaints | Investigate complaint drivers and service bottlenecks
OUT0625,Franchise Outlet 0625,Franchise,Kolkata,West Bengal,East,1834432.81,304771.0,16.613909124314016,13.679327848765974,3126.0,31.66986564299424,2.6,10.276666666666666,1.944792973651192,98.0,22.066132363181364,31.191087799423816,15.734912995186964,4,Medium,4,"True, True, True, True",Customer Complaints,Investigate complaint drivers and service bottlenecks,Customer Complaints | Investigate complaint drivers and service bottlenecks
OUT0439,Franchise Outlet 0439,Franchise,Chennai,Tamil Nadu,South,2260150.7199999997,323636.84,14.319259204094145,19.49276066465844,4012.0,22.93120638085743,2.85,8.686666666666666,0.5453644025780863,99.43333333333334,10.85809400380794,-27.63898162163332,11.692650334075724,4,Medium,3,"True, True, True",Customer Complaints,Investigate complaint drivers and service bottlenecks,Customer Complaints | Investigate complaint drivers and service bottlenecks
OUT0681,Franchise Outlet 0681,Franchise,Kochi,Kerala,South,1729326.83,324105.03,18.74168748078696,12.642273808758278,1966.0,31.027466937945064,2.856666666666667,7.9350000000000005,3.3906633906633905,96.5,0.6072644741387386,15.557305229776496,6.385281385281391,4,Medium,4,"True, True, True, True",Customer Complaints,Investigate complaint drivers and service bottlenecks,Customer Complaints | Investigate complaint drivers and service bottlenecks
OUT0481,Franchise Outlet 0481,Franchise,Ludhiana,Punjab,North,1586729.93,328674.66000000003,20.713963591775194,26.506154178363207,2455.0,28.920570264765786,3.1933333333333334,8.923333333333334,4.548989113530326,95.23333333333333,-1.0038359837636408,-16.21226052149358,-2.346857597454252,4,Medium,3,"True, True, True",Inventory Wastage,"Review stock handling, demand planning and shelf-life management","Inventory Wastage | Review stock handling, demand planning and shelf-life management"
OUT0479,Franchise Outlet 0479,Franchise,Ranchi,Jharkhand,East,2227555.79,330792.07,14.850001579533952,26.1138014527845,2157.0,37.088548910523876,2.9333333333333336,8.003333333333334,0.8275862068965517,99.13333333333333,-1.680974878699219,-19.46508390500577,3.1563845050215207,4,Medium,3,"True, True, True",Customer Complaints,Investigate complaint drivers and service bottlenecks,Customer Complaints | Investigate complaint drivers and service bottlenecks
OUT0162,Franchise Outlet 0162,Franchise,Surat,Gujarat,West,1487936.23,331540.32,22.28189040063901,15.044853276569864,1979.0,40.92976250631632,2.9033333333333338,11.346666666666666,0.8517034068136272,99.16666666666667,11.123592056772253,26.714714559080104,11.430180180180175,4,Medium,4,"True, True, True, True",Customer Complaints,Investigate complaint drivers and service bottlenecks,Customer Complaints | Investigate complaint drivers and service bottlenecks
OUT0023,Franchise Outlet 0023,Franchise,Mysuru,Karnataka,South,2329225.98,339936.73,14.594407452041214,22.129248197734295,1719.0,47.12041884816754,3.3166666666666664,9.966666666666667,3.0456852791878175,96.89999999999999,10.158205651243026,-24.205056258565595,7.841907151819314,4,Medium,3,"True, True, True",Customer Complaints,Investigate complaint drivers and service bottlenecks,Customer Complaints | Investigate complaint drivers and service bottlenecks
OUT0193,Franchise Outlet 0193,Franchise,Indore,Madhya Pradesh,West,4006097.46,351909.79000000004,8.78435418792832,17.16975379220977,4505.0,13.318534961154272,3.3533333333333335,9.75,3.367653367653368,96.53333333333335,4.752086201705031,-59.746069623040945,5.306217858812535,4,Medium,3,"True, True, True",Inventory Wastage,"Review stock handling, demand planning and shelf-life management","Inventory Wastage | Review stock handling, demand planning and shelf-life management"
OUT0555,Franchise Outlet 0555,Franchise,Nashik,Maharashtra,West,3213290.34,369253.45,11.491443689461315,16.802874453994647,2385.0,39.41299790356394,3.043333333333333,6.82,1.73053152039555,98.26666666666667,21.52531463532936,-4.367890090997661,25.32842879663688,4,Medium,3,"True, True, True",Customer Complaints,Investigate complaint drivers and service bottlenecks,Customer Complaints | Investigate complaint drivers and service bottlenecks
OUT0325,Franchise Outlet 0325,Franchise,Kolkata,West Bengal,East,1812191.97,375856.85,20.740454445342234,13.143943182954887,1314.0,66.21004566210046,2.3533333333333335,11.423333333333332,2.37741456166419,97.56666666666666,18.604382034431257,137.20489560271727,11.261642675698555,4,Medium,4,"True, True, True, True",Customer Complaints,Investigate complaint drivers and service bottlenecks,Customer Complaints | Investigate complaint drivers and service bottlenecks
OUT0684,Franchise Outlet 0684,Franchise,Visakhapatnam,Andhra Pradesh,South,2286888.91,377481.58999999997,16.506336986871826,17.322266329844823,1440.0,50.0,3.15,9.106666666666667,0.5524861878453038,99.43333333333334,10.410441424475882,-19.04589030841545,14.832535885167463,4,Medium,3,"True, True, True",Customer Complaints,Investigate complaint drivers and service bottlenecks,Customer Complaints | Investigate complaint drivers and service bottlenecks
OUT0706,Franchise Outlet 0706,Franchise,Vadodara,Gujarat,West,2891086.54,378526.16000000003,13.09286853793038,18.177727784027,4848.0,13.407590759075907,3.436666666666667,7.800000000000001,3.020604120824165,96.96666666666665,3.9141875799600414,-46.43049445000961,10.558722919042184,4,Medium,3,"True, True, True",Inventory Wastage,"Review stock handling, demand planning and shelf-life management","Inventory Wastage | Review stock handling, demand planning and shelf-life management"
OUT0236,Franchise Outlet 0236,Company-Owned,Bhubaneswar,Odisha,East,3415775.7199999997,398472.25,11.665644429371376,25.095306954121206,1909.0,37.71608171817706,3.313333333333333,8.229999999999999,2.5523226135783563,97.36666666666667,11.543051989156417,-41.64578973242914,7.975113122171945,4,Medium,3,"True, True, True",Customer Complaints,Investigate complaint drivers and service bottlenecks,Customer Complaints | Investigate complaint drivers and service bottlenecks
OUT0387,Franchise Outlet 0387,Franchise,Guwahati,Assam,East,2107848.69,400921.02,19.020388982474827,15.674477517416086,1980.0,35.85858585858586,2.7866666666666666,11.006666666666666,0.4524886877828055,99.53333333333335,-2.177936719618132,2.7931635387330656,-1.4435042309606714,4,Medium,4,"True, True, True, True",Customer Complaints,Investigate complaint drivers and service bottlenecks,Customer Complaints | Investigate complaint drivers and service bottlenecks
OUT0569,Franchise Outlet 0569,Franchise,Ranchi,Jharkhand,East,2342810.08,408510.41000000003,17.436770205461983,14.832943179399871,1394.0,67.43185078909612,2.7866666666666666,11.073333333333332,0.8534850640113799,99.13333333333333,4.822793284551351,2.2024300091311897,6.574923547400616,4,Medium,4,"True, True, True, True",Customer Complaints,Investigate complaint drivers and service bottlenecks,Customer Complaints | Investigate complaint drivers and service bottlenecks
OUT0058,Franchise Outlet 0058,Franchise,Patna,Bihar,East,2260164.48,409039.28,18.097766052849394,19.27758146839419,3437.0,20.657550189118414,2.8833333333333333,10.843333333333334,2.4687854710556185,97.43333333333334,-1.4578627534798252,-8.038688208157753,-0.6072874493927125,4,Medium,4,"True, True, True, True",Employee Turnover,Review staffing stability and retention factors,Employee Turnover | Review staffing stability and retention factors
OUT0187,Franchise Outlet 0187,Franchise,Dehradun,Uttarakhand,North,2925587.56,434582.55,14.854539168193618,12.004762219723526,3630.0,28.65013774104683,3.266666666666667,8.903333333333334,0.6296194908294552,99.36666666666667,2.9371040431069892,15.70578771821342,6.2335381913959615,4,Medium,3,"True, True, True",Customer Complaints,Investigate complaint drivers and service bottlenecks,Customer Complaints | Investigate complaint drivers and service bottlenecks
OUT0214,Franchise Outlet 0214,Franchise,Delhi,Delhi,North,2237872.25,446779.72000000003,19.964487248992878,12.187804695117379,1625.0,62.15384615384615,2.6566666666666667,10.37,0.8315495901666267,99.13333333333333,-3.1835058850570213,3.9778015469843804,-33.26488706365503,4,Medium,4,"True, True, True, True",Customer Complaints,Investigate complaint drivers and service bottlenecks,Customer Complaints | Investigate complaint drivers and service bottlenecks
OUT0738,Franchise Outlet 0738,Franchise,Hyderabad,Telangana,South,1694991.1400000001,451929.58,26.66265146377107,11.553747161241484,1221.0,78.62407862407862,2.5733333333333333,9.796666666666667,3.858267716535433,96.0,14.442716624214173,42.37484089022589,4.092071611253197,4,Medium,4,"True, True, True, True",Customer Complaints,Investigate complaint drivers and service bottlenecks,Customer Complaints | Investigate complaint drivers and service bottlenecks
OUT0020,Franchise Outlet 0020,Company-Owned,Coimbatore,Tamil Nadu,South,2877381.36,472855.72,16.43354358839664,12.013924894452263,1622.0,57.95314426633785,2.66,11.333333333333334,2.230259192284509,97.63333333333333,13.444897509851032,8.357424436706326,4.510309278350501,4,Medium,4,"True, True, True, True",Customer Complaints,Investigate complaint drivers and service bottlenecks,Customer Complaints | Investigate complaint drivers and service bottlenecks
OUT0131,Franchise Outlet 0131,Franchise,Ahmedabad,Gujarat,West,2351587.3600000003,474908.59,20.19523484766477,16.24053385319037,2166.0,30.932594644506,2.9166666666666665,8.73,2.9134917077543703,97.03333333333335,11.522236776667965,48.38988482353581,10.510204081632647,4,Medium,4,"True, True, True, True",Customer Complaints,Investigate complaint drivers and service bottlenecks,Customer Complaints | Investigate complaint drivers and service bottlenecks
OUT0065,Franchise Outlet 0065,Franchise,Jaipur,Rajasthan,North,3742173.84,486295.06,12.994988495777632,21.499157954942646,6766.0,9.311262193319537,3.8166666666666664,6.993333333333333,1.3414989792942549,98.66666666666667,-27.714259575183647,-62.408689214240695,41.8448637316562,4,Medium,2,"True, True",Profitability,"Review costs, pricing and product profitability","Profitability | Review costs, pricing and product profitability"
OUT0688,Franchise Outlet 0688,Franchise,Patna,Bihar,East,2846145.84,496112.09,17.431014357296604,11.317361423341254,1762.0,48.80817253121453,2.98,9.57,2.6519337016574585,97.23333333333333,28.750539946485947,43.75160524992063,20.109066121336067,4,Medium,4,"True, True, True, True",Customer Complaints,Investigate complaint drivers and service bottlenecks,Customer Complaints | Investigate complaint drivers and service bottlenecks
OUT0749,Franchise Outlet 0749,Franchise,Ranchi,Jharkhand,East,2302926.48,499365.5,21.683953193329906,16.568382318252585,3512.0,23.917995444191344,2.6933333333333334,11.496666666666668,0.39705048213272826,99.60000000000001,19.296784390571606,51.78388785088769,11.421319796954315,4,Medium,4,"True, True, True, True",Customer Complaints,Investigate complaint drivers and service bottlenecks,Customer Complaints | Investigate complaint drivers and service bottlenecks
OUT0148,Franchise Outlet 0148,Franchise,Patna,Bihar,East,2364165.26,501745.53,21.222946571848368,17.444565048844783,2250.0,42.22222222222222,2.6566666666666667,9.236666666666666,2.765773552290406,97.16666666666667,18.7182588322043,87.20312090810162,21.293800539083552,4,Medium,4,"True, True, True, True",Customer Complaints,Investigate complaint drivers and service bottlenecks,Customer Complaints | Investigate complaint drivers and service bottlenecks
OUT0705,Franchise Outlet 0705,Company-Owned,Nashik,Maharashtra,West,3513521.74,521507.86,14.842881262490778,35.3416149068323,2845.0,19.332161687170473,3.7899999999999996,6.616666666666667,2.668491276086213,97.26666666666667,6.447559206350823,-0.16515860578678218,9.381007304882742,4,Medium,3,"True, True, True",Inventory Wastage,"Review stock handling, demand planning and shelf-life management","Inventory Wastage | Review stock handling, demand planning and shelf-life management"
OUT0417,Franchise Outlet 0417,Franchise,Guwahati,Assam,East,2528346.31,527405.61,20.859706121508328,16.440195923526623,2081.0,37.00144161460836,3.0966666666666662,8.436666666666666,0.47824007651841227,99.53333333333335,-13.203335850229141,-3.484609564079361,-8.245149911816583,4,Medium,3,"True, True, True",Customer Complaints,Investigate complaint drivers and service bottlenecks,Customer Complaints | Investigate complaint drivers and service bottlenecks
OUT0092,Franchise Outlet 0092,Company-Owned,Amritsar,Punjab,North,2366817.91,544280.88,22.996314067946187,11.46905176507836,2898.0,53.14009661835749,2.973333333333333,10.113333333333333,0.5149330587023687,99.43333333333334,47.16362050806158,63.20264798776777,49.22760041194644,4,Medium,4,"True, True, True, True",Customer Complaints,Investigate complaint drivers and service bottlenecks,Customer Complaints | Investigate complaint drivers and service bottlenecks
OUT0482,Franchise Outlet 0482,Franchise,Amritsar,Punjab,North,3192520.6799999997,556576.62,17.4337671009229,12.371663244353183,1928.0,34.23236514522822,3.266666666666667,8.290000000000001,0.9249743062692704,99.06666666666668,-10.186647198727583,-7.282931788206064,-14.878587196467997,4,Medium,3,"True, True, True",Customer Complaints,Investigate complaint drivers and service bottlenecks,Customer Complaints | Investigate complaint drivers and service bottlenecks
OUT0566,Franchise Outlet 0566,Franchise,Bhubaneswar,Odisha,East,3690512.95,559277.48,15.154464638851897,18.635414249245766,4015.0,23.163138231631383,2.94,13.083333333333334,2.784503631961259,97.16666666666667,9.95660163280138,25.911551464327225,10.302197802197803,4,Medium,4,"True, True, True, True",Employee Turnover,Review staffing stability and retention factors,Employee Turnover | Review staffing stability and retention factors
OUT0319,Franchise Outlet 0319,Franchise,Chennai,Tamil Nadu,South,2284427.5,566563.33,24.801107936233475,12.72192157979683,1340.0,67.16417910447761,2.766666666666667,10.81,0.7407407407407408,99.26666666666667,-0.32365884946349566,45.28298988666476,-0.6671608598962194,4,Medium,4,"True, True, True, True",Customer Complaints,Investigate complaint drivers and service bottlenecks,Customer Complaints | Investigate complaint drivers and service bottlenecks
OUT0511,Franchise Outlet 0511,Franchise,Ludhiana,Punjab,North,4134491.1500000004,574748.04,13.90130052642633,23.72034956304619,2470.0,20.242914979757085,4.0566666666666675,3.783333333333333,2.525651144435675,97.39999999999999,2.905636531476133,-41.86866300523459,6.880138468195586,4,Medium,3,"True, True, True",Profitability,"Review costs, pricing and product profitability","Profitability | Review costs, pricing and product profitability"
OUT0658,Franchise Outlet 0658,Franchise,Patna,Bihar,East,3299426.96,586529.04,17.77669416873529,15.173713977915432,2817.0,28.399006034788783,2.9233333333333333,6.1866666666666665,4.085801838610827,95.76666666666667,12.767710943850139,50.69548496544609,12.23107569721116,4,Medium,4,"True, True, True, True",Inventory Wastage,"Review stock handling, demand planning and shelf-life management","Inventory Wastage | Review stock handling, demand planning and shelf-life management"
OUT0242,Franchise Outlet 0242,Franchise,Amritsar,Punjab,North,3336841.85,592163.3500000001,17.74622162569677,18.84339219871919,2913.0,20.59732234809475,2.8333333333333335,6.846666666666667,0.9520571234274057,99.03333333333335,12.114340853406102,-12.427762111633674,8.532041728763044,4,Medium,3,"True, True, True",Customer Complaints,Investigate complaint drivers and service bottlenecks,Customer Complaints | Investigate complaint drivers and service bottlenecks
OUT0610,Franchise Outlet 0610,Franchise,Pune,Maharashtra,West,2235898.9,608384.39,27.20983448759691,11.654465592972182,2388.0,34.7571189279732,2.72,10.36,1.3630731102850062,98.60000000000001,15.749398179450885,48.753567646589225,18.511166253101745,4,Medium,4,"True, True, True, True",Customer Complaints,Investigate complaint drivers and service bottlenecks,Customer Complaints | Investigate complaint drivers and service bottlenecks
OUT0551,Franchise Outlet 0551,Franchise,Ahmedabad,Gujarat,West,2348893.21,611830.83,26.047622233111227,20.15887754049314,1954.0,59.877175025588535,2.703333333333333,10.423333333333334,3.506172839506173,96.39999999999999,-5.617539046702316,13.998470768383815,-2.592223330009959,4,Medium,4,"True, True, True, True",Customer Complaints,Investigate complaint drivers and service bottlenecks,Customer Complaints | Investigate complaint drivers and service bottlenecks
OUT0512,Franchise Outlet 0512,Franchise,Amritsar,Punjab,North,4678357.13,634707.07,13.566879405805429,23.017184401850628,2786.0,27.279253409906676,3.3033333333333332,10.283333333333333,0.3220035778175313,99.66666666666667,8.906317028621269,-21.29795865397672,7.609115488605635,4,Medium,3,"True, True, True",Customer Complaints,Investigate complaint drivers and service bottlenecks,Customer Complaints | Investigate complaint drivers and service bottlenecks
OUT0323,Franchise Outlet 0323,Franchise,Mysuru,Karnataka,South,4158785.56,649478.7,15.617027870992223,16.46977504084454,2621.0,26.325829835940482,2.6666666666666665,8.796666666666667,4.273192111029949,95.56666666666666,12.796751238323456,-5.3233726853593355,12.152332049636282,4,Medium,4,"True, True, True, True",Inventory Wastage,"Review stock handling, demand planning and shelf-life management","Inventory Wastage | Review stock handling, demand planning and shelf-life management"
OUT0488,Franchise Outlet 0488,Franchise,Jammu,Jammu & Kashmir,North,5262892.96,665055.5900000001,12.636692310762864,18.52793280654252,3353.0,21.473307485833583,3.4766666666666666,7.109999999999999,3.9255014326647566,95.89999999999999,4.421503106899516,-45.64244067206907,7.193094629156009,4,Medium,3,"True, True, True",Inventory Wastage,"Review stock handling, demand planning and shelf-life management","Inventory Wastage | Review stock handling, demand planning and shelf-life management"
OUT0138,Franchise Outlet 0138,Franchise,Hyderabad,Telangana,South,4548890.05,685727.28,15.07460660650613,18.392512256722625,4952.0,11.712439418416801,3.073333333333333,8.85,3.3378879562756194,96.53333333333335,-3.410681426488469,-13.305608330017263,4.121110176619017,4,Medium,3,"True, True, True",Inventory Wastage,"Review stock handling, demand planning and shelf-life management","Inventory Wastage | Review stock handling, demand planning and shelf-life management"
OUT0461,Franchise Outlet 0461,Franchise,Ahmedabad,Gujarat,West,3489792.65,703569.6100000001,20.160785483916936,18.669306248924084,2169.0,47.026279391424616,2.3433333333333333,11.469999999999999,3.126395712371594,96.76666666666667,0.40702564324532253,0.37784274275728413,6.952662721893491,4,Medium,4,"True, True, True, True",Customer Complaints,Investigate complaint drivers and service bottlenecks,Customer Complaints | Investigate complaint drivers and service bottlenecks
OUT0321,Franchise Outlet 0321,Franchise,Kochi,Kerala,South,3142930.92,709334.46,22.569203016399737,17.224316682375118,2193.0,29.639762881896946,2.953333333333333,6.483333333333333,3.093239063190455,96.8,9.32577230850895,15.948852056697527,6.559766763848396,4,Medium,4,"True, True, True, True",Customer Complaints,Investigate complaint drivers and service bottlenecks,Customer Complaints | Investigate complaint drivers and service bottlenecks
OUT0393,Franchise Outlet 0393,Franchise,Chandigarh,Chandigarh,North,3028266.6999999997,715578.13,23.629957361417343,13.991686508737237,3467.0,22.49783674646669,3.2566666666666664,10.706666666666669,3.4261838440111423,96.46666666666665,12.797566823608724,61.492580536448415,13.263639333551131,4,Medium,4,"True, True, True, True",Inventory Wastage,"Review stock handling, demand planning and shelf-life management","Inventory Wastage | Review stock handling, demand planning and shelf-life management"
OUT0228,Franchise Outlet 0228,Franchise,Hyderabad,Telangana,South,5509491.18,720033.33,13.068962386468508,17.30444252506666,4608.0,11.71875,3.6833333333333336,6.48,3.1932773109243695,96.76666666666667,4.9791999087835155,-28.283073565899443,9.688169483456326,4,Medium,3,"True, True, True",Inventory Wastage,"Review stock handling, demand planning and shelf-life management","Inventory Wastage | Review stock handling, demand planning and shelf-life management"
OUT0029,Franchise Outlet 0029,Franchise,Ranchi,Jharkhand,East,5361233.01,727450.29,13.568712433187082,19.712371491278734,3413.0,26.07676530911222,2.9433333333333334,10.043333333333335,0.9576320371445154,99.03333333333335,16.162227017684753,-31.583002228082414,20.176056338028182,4,Medium,3,"True, True, True",Customer Complaints,Investigate complaint drivers and service bottlenecks,Customer Complaints | Investigate complaint drivers and service bottlenecks
OUT0251,Franchise Outlet 0251,Franchise,Ahmedabad,Gujarat,West,2922963.31,735248.59,25.15421892175581,15.42608469732398,2375.0,39.578947368421055,2.9333333333333336,8.126666666666667,3.8461538461538463,95.96666666666665,9.099735751375148,101.447953954759,15.067829457364335,4,Medium,4,"True, True, True, True",Customer Complaints,Investigate complaint drivers and service bottlenecks,Customer Complaints | Investigate complaint drivers and service bottlenecks
OUT0176,Franchise Outlet 0176,Franchise,Bhubaneswar,Odisha,East,4631313.33,743111.89,16.045381451226493,14.639047026742572,3060.0,34.313725490196084,2.486666666666667,9.44,2.609802673456397,97.33333333333333,9.280102707191613,24.707502151383967,15.996967399545106,4,Medium,4,"True, True, True, True",Customer Complaints,Investigate complaint drivers and service bottlenecks,Customer Complaints | Investigate complaint drivers and service bottlenecks
OUT0326,Franchise Outlet 0326,Franchise,Bhubaneswar,Odisha,East,4629355.84,759668.72,16.409814804817422,18.255058705970523,2923.0,26.00068422853233,2.6233333333333335,9.69,3.243958953988745,96.7,22.122452761085487,11.087231239208672,14.942980731419592,4,Medium,4,"True, True, True, True",Customer Complaints,Investigate complaint drivers and service bottlenecks,Customer Complaints | Investigate complaint drivers and service bottlenecks
OUT0444,Franchise Outlet 0444,Franchise,Visakhapatnam,Andhra Pradesh,South,3078943.32,762499.29,24.76496676788451,13.93383081291686,2110.0,45.97156398104266,2.5500000000000003,11.25,0.6123410268487989,99.36666666666667,18.605168755861897,60.81016044461172,13.624124932687137,4,Medium,4,"True, True, True, True",Customer Complaints,Investigate complaint drivers and service bottlenecks,Customer Complaints | Investigate complaint drivers and service bottlenecks
OUT0443,Franchise Outlet 0443,Franchise,Mysuru,Karnataka,South,3066068.0700000003,775594.56,25.29606461085517,13.064085110674128,2591.0,33.96372057120803,3.0066666666666664,10.696666666666667,2.557352388115833,97.39999999999999,6.09155682861675,137.69527136020054,4.898785425101205,4,Medium,4,"True, True, True, True",Customer Complaints,Investigate complaint drivers and service bottlenecks,Customer Complaints | Investigate complaint drivers and service bottlenecks
OUT0364,Franchise Outlet 0364,Franchise,Delhi,Delhi,North,4641431.84,779667.95,16.798004944956812,15.281362932369644,2960.0,32.77027027027027,2.8866666666666667,12.9,0.5042016806722689,99.5,3.923342348081437,38.87152601857062,0.4752206381534245,4,Medium,4,"True, True, True, True",Customer Complaints,Investigate complaint drivers and service bottlenecks,Customer Complaints | Investigate complaint drivers and service bottlenecks
OUT0383,Franchise Outlet 0383,Franchise,Mysuru,Karnataka,South,4001771.4000000004,796342.88,19.89975939155345,17.36787564766839,2514.0,32.21957040572793,3.5233333333333334,12.146666666666667,3.89908256880734,95.93333333333334,1.049113851419549,-3.7658144476411013,5.276381909547738,4,Medium,4,"True, True, True, True",Customer Complaints,Investigate complaint drivers and service bottlenecks,Customer Complaints | Investigate complaint drivers and service bottlenecks
OUT0528,Franchise Outlet 0528,Franchise,Hyderabad,Telangana,South,4227402.51,800287.49,18.930950816888263,15.218602060707322,3279.0,24.702653247941445,2.893333333333333,8.586666666666666,3.672150411280846,96.16666666666667,-0.27074163279001884,-5.441641521898926,5.2310654685494145,4,Medium,4,"True, True, True, True",Inventory Wastage,"Review stock handling, demand planning and shelf-life management","Inventory Wastage | Review stock handling, demand planning and shelf-life management"
OUT0098,Franchise Outlet 0098,Franchise,Jammu,Jammu & Kashmir,North,4809060.37,808196.55,16.80570605937309,13.008130081300814,2752.0,35.61046511627907,2.983333333333333,9.25,4.011161492849668,95.86666666666667,10.529474400127583,24.294439188847548,10.035985605757707,4,Medium,4,"True, True, True, True",Customer Complaints,Investigate complaint drivers and service bottlenecks,Customer Complaints | Investigate complaint drivers and service bottlenecks
OUT0173,Franchise Outlet 0173,Franchise,Mysuru,Karnataka,South,3219762.91,822824.6699999999,25.555442838491484,14.830201121002307,2249.0,41.79635393508226,2.706666666666667,9.98,3.1438415159345396,96.76666666666667,17.774934014935134,131.67727714717753,16.952678107124278,4,Medium,4,"True, True, True, True",Customer Complaints,Investigate complaint drivers and service bottlenecks,Customer Complaints | Investigate complaint drivers and service bottlenecks
OUT0027,Franchise Outlet 0027,Franchise,Guwahati,Assam,East,6987316.42,824119.86,11.794511804862559,16.071056252866853,3854.0,19.719771665801765,3.42,8.173333333333334,1.027221366204417,98.96666666666665,15.70177587874357,-30.86904922873284,9.863169897377437,4,Medium,3,"True, True, True",Profitability,"Review costs, pricing and product profitability","Profitability | Review costs, pricing and product profitability"
OUT0032,Franchise Outlet 0032,Franchise,Amritsar,Punjab,North,5258517.97,875272.84,16.644857828640262,20.40559347869309,3079.0,28.255927249106854,3.063333333333334,10.17,0.9011908593498551,99.10000000000001,13.77327827990467,-12.889570763650449,13.532448377581114,4,Medium,3,"True, True, True",Customer Complaints,Investigate complaint drivers and service bottlenecks,Customer Complaints | Investigate complaint drivers and service bottlenecks
OUT0315,Franchise Outlet 0315,Company-Owned,Nashik,Maharashtra,West,6352058.26,956202.9299999999,15.053434506754664,24.872508113120073,4292.0,18.63932898415657,2.9333333333333336,8.596666666666666,2.4323709934075928,97.53333333333335,-0.46856063669025744,-10.55373875994523,7.866298064840424,4,Medium,3,"True, True, True",Inventory Wastage,"Review stock handling, demand planning and shelf-life management","Inventory Wastage | Review stock handling, demand planning and shelf-life management"
OUT0426,Franchise Outlet 0426,Franchise,Lucknow,Uttar Pradesh,North,6169171.62,1072579.02,17.38611090867983,18.23787501482272,4614.0,12.570437798006068,3.533333333333333,8.133333333333333,3.0264817150063053,96.93333333333334,5.392384690028242,-19.2980241413329,2.9451137884872822,4,Medium,3,"True, True, True",Inventory Wastage,"Review stock handling, demand planning and shelf-life management","Inventory Wastage | Review stock handling, demand planning and shelf-life management"
OUT0269,Franchise Outlet 0269,Franchise,Ranchi,Jharkhand,East,8436876.71,1075801.88,12.751186451793009,18.98424596620506,5977.0,8.700016730801405,3.4333333333333336,9.743333333333334,0.4497001998667555,99.56666666666666,-16.69160506059732,-34.92805964184341,-17.433347147396052,4,Medium,2,"True, True",Profitability,"Review costs, pricing and product profitability","Profitability | Review costs, pricing and product profitability"
OUT0388,Franchise Outlet 0388,Franchise,Patna,Bihar,East,4311386.65,1079192.27,25.031210550322598,21.50925925925926,4646.0,20.01721911321567,2.3766666666666665,11.023333333333333,4.59958932238193,95.16666666666667,-4.929974062940516,32.982688381363964,-4.89252814738996,4,Medium,4,"True, True, True, True",Inventory Wastage,"Review stock handling, demand planning and shelf-life management","Inventory Wastage | Review stock handling, demand planning and shelf-life management"
OUT0055,Franchise Outlet 0055,Company-Owned,Kolkata,West Bengal,East,4374916.65,1080271.77,24.692396596858593,15.086708744408359,2462.0,30.056864337936638,3.4166666666666665,5.793333333333333,1.8732562774013553,98.10000000000001,-11.82288876815683,-6.8320755766077115,-12.972781901732064,4,Medium,3,"True, True, True",Customer Complaints,Investigate complaint drivers and service bottlenecks,Customer Complaints | Investigate complaint drivers and service bottlenecks
OUT0151,Franchise Outlet 0151,Franchise,Ludhiana,Punjab,North,6986415.140000001,1184141.6099999999,16.949201933625716,29.18220748722199,4225.0,12.781065088757396,3.9066666666666663,11.11,3.273809523809524,96.63333333333333,6.648154221188814,-10.813399982603169,8.611825192802044,4,Medium,3,"True, True, True",Inventory Wastage,"Review stock handling, demand planning and shelf-life management","Inventory Wastage | Review stock handling, demand planning and shelf-life management"
OUT0467,Franchise Outlet 0467,Franchise,Bengaluru,Karnataka,South,10040667.559999999,1279211.95,12.74030777690642,25.07911007253785,10303.0,4.95001455886635,4.233333333333333,7.133333333333333,0.8945748364755676,99.06666666666666,-22.407160813077144,-48.51221825605251,-20.107009925558312,4,Medium,2,"True, True",Profitability,"Review costs, pricing and product profitability","Profitability | Review costs, pricing and product profitability"
OUT0303,Franchise Outlet 0303,Franchise,Chandigarh,Chandigarh,North,9469544.58,1318125.03,13.919624316294204,18.910492602460177,6672.0,10.79136690647482,3.216666666666667,10.113333333333333,2.570093457943925,97.43333333333334,10.250336195579399,-39.03575412741522,4.26629160806376,4,Medium,3,"True, True, True",Profitability,"Review costs, pricing and product profitability","Profitability | Review costs, pricing and product profitability"
OUT0737,Franchise Outlet 0737,Franchise,Bengaluru,Karnataka,South,8606612.04,1467521.44,17.051093196481528,28.729777350632705,8968.0,6.355932203389831,4.3133333333333335,6.5200000000000005,0.7195837484778036,99.26666666666667,-23.410593458743996,-53.01839319841769,-21.9563136367592,4,Medium,2,"True, True",Profitability,"Review costs, pricing and product profitability","Profitability | Review costs, pricing and product profitability"
OUT0334,Franchise Outlet 0334,Company-Owned,Delhi,Delhi,North,7470173.04,1611871.45,21.57743122373508,15.728607232366631,4393.0,19.57659913498748,2.5866666666666664,10.393333333333333,0.43064369900271987,99.56666666666666,13.969316463346118,55.68832972101805,17.053024247268844,4,Medium,4,"True, True, True, True",Customer Satisfaction,Review service quality and customer experience,Customer Satisfaction | Review service quality and customer experience
OUT0250,Franchise Outlet 0250,Franchise,Pune,Maharashtra,West,15971912.440000001,2555179.83,15.99795791267185,29.46479914565021,14347.0,3.066843242489719,4.199999999999999,6.989999999999999,1.7530644388139425,98.23333333333333,-10.136526634924468,-48.86306866629763,-9.602419507277425,4,Medium,2,"True, True",Profitability,"Review costs, pricing and product profitability","Profitability | Review costs, pricing and product profitability"
OUT0449,Franchise Outlet 0449,Franchise,Ranchi,Jharkhand,East,337365.13,71468.6,21.184347060409,11.736020806241873,722.0,105.26315789473684,2.9033333333333338,8.77,0.6877579092159559,99.33333333333333,11.482330273079306,114.26003889553937,10.736196319018395,3,Medium,3,"True, True, True",Customer Complaints,Investigate complaint drivers and service bottlenecks,Customer Complaints | Investigate complaint drivers and service bottlenecks
OUT0344,Franchise Outlet 0344,Franchise,Nagpur,Maharashtra,West,575774.3,88120.53,15.304700122947478,18.48408446265364,1173.0,92.07161125319693,2.66,10.463333333333333,0.4244482173174873,99.56666666666666,0.8395097516929132,43.69622227317185,2.53496503496504,3,Medium,3,"True, True, True",Customer Complaints,Investigate complaint drivers and service bottlenecks,Customer Complaints | Investigate complaint drivers and service bottlenecks
OUT0284,Franchise Outlet 0284,Franchise,Nagpur,Maharashtra,West,418576.88,93015.35,22.22180785522602,12.619532842138268,805.0,115.52795031055899,2.8866666666666667,8.853333333333333,0.984009840098401,99.0,12.084777403831794,39.48263780222438,9.822646657571612,3,Medium,3,"True, True, True",Customer Complaints,Investigate complaint drivers and service bottlenecks,Customer Complaints | Investigate complaint drivers and service bottlenecks
OUT0686,Franchise Outlet 0686,Company-Owned,Bhubaneswar,Odisha,East,591815.21,105717.93,17.863334401290565,22.58493072689315,1190.0,83.19327731092437,2.4266666666666663,10.06,2.936378466557912,97.0,4.8218178508951715,31.80631423455026,0.08410428931876483,3,Medium,3,"True, True, True",Customer Complaints,Investigate complaint drivers and service bottlenecks,Customer Complaints | Investigate complaint drivers and service bottlenecks
OUT0205,Franchise Outlet 0205,Franchise,Kolkata,West Bengal,East,659510.1699999999,125358.98000000001,19.00789187223603,13.868225292242295,1044.0,96.74329501915709,2.956666666666667,8.963333333333333,1.7873941674506115,98.16666666666667,4.198874998131692,11.206022987082296,3.880597014925373,3,Medium,3,"True, True, True",Customer Complaints,Investigate complaint drivers and service bottlenecks,Customer Complaints | Investigate complaint drivers and service bottlenecks
OUT0062,Franchise Outlet 0062,Franchise,Amritsar,Punjab,North,1179997.31,140230.49,11.883966921924593,23.359265908637543,2342.0,29.888983774551665,3.533333333333333,8.656666666666666,0.5520169851380042,99.43333333333334,1.6253854797456062,-22.05035586114462,-3.2231404958677685,3,Medium,2,"True, True",Customer Complaints,Investigate complaint drivers and service bottlenecks,Customer Complaints | Investigate complaint drivers and service bottlenecks
OUT0248,Franchise Outlet 0248,Franchise,Jammu,Jammu & Kashmir,North,677148.65,149167.06,22.028702265004885,14.612452350698856,690.0,142.02898550724638,3.2533333333333334,8.38,3.765690376569038,96.10000000000001,12.1870075241076,78.64164524569368,5.990783410138248,3,Medium,3,"True, True, True",Customer Complaints,Investigate complaint drivers and service bottlenecks,Customer Complaints | Investigate complaint drivers and service bottlenecks
OUT0507,Franchise Outlet 0507,Franchise,Guwahati,Assam,East,1885193.2,155151.64,8.230012711694485,19.975001952972423,2557.0,28.549080954243255,3.53,8.86,0.8530438154323382,99.16666666666667,19.461688431158315,-33.30434263021849,16.70470104974897,3,Medium,2,"True, True",Customer Complaints,Investigate complaint drivers and service bottlenecks,Customer Complaints | Investigate complaint drivers and service bottlenecks
OUT0425,Franchise Outlet 0425,Franchise,Jaipur,Rajasthan,North,643862.05,155349.13,24.127704063316045,10.75907590759076,815.0,117.79141104294479,2.5933333333333333,9.5,2.043269230769231,97.96666666666665,-0.2134974290636275,48.16349673533,-3.091557669441128,3,Medium,3,"True, True, True",Customer Complaints,Investigate complaint drivers and service bottlenecks,Customer Complaints | Investigate complaint drivers and service bottlenecks
OUT0301,Franchise Outlet 0301,Franchise,Ludhiana,Punjab,North,798713.6699999999,167267.34,20.942090549170146,18.39274738783036,1197.0,53.467000835421885,3.103333333333333,8.023333333333333,3.467741935483871,96.43333333333334,17.50441921304868,86.39156155532399,16.553067185978584,3,Medium,3,"True, True, True",Customer Complaints,Investigate complaint drivers and service bottlenecks,Customer Complaints | Investigate complaint drivers and service bottlenecks
OUT0168,Franchise Outlet 0168,Franchise,Hyderabad,Telangana,South,1632445.56,170588.90999999997,10.449898862170937,24.527892337746906,3390.0,15.339233038348082,3.89,6.543333333333333,2.865329512893983,97.0,-1.9601771960883931,-46.529553385233136,-0.9351256575102345,3,Medium,2,"True, True",Inventory Wastage,"Review stock handling, demand planning and shelf-life management","Inventory Wastage | Review stock handling, demand planning and shelf-life management"
OUT0220,Franchise Outlet 0220,Franchise,Pune,Maharashtra,West,1425630.0899999999,195127.18,13.687083442521896,24.67709041468389,2178.0,22.956841138659318,4.293333333333333,4.95,1.5370705244122964,98.43333333333334,-0.37940070613694576,-37.065399712573104,-0.9099181073703315,3,Medium,2,"True, True",Customer Complaints,Investigate complaint drivers and service bottlenecks,Customer Complaints | Investigate complaint drivers and service bottlenecks
OUT0347,Franchise Outlet 0347,Franchise,Bengaluru,Karnataka,South,2613772.66,197582.25,7.55927449329124,24.366633477154554,4405.0,18.615209988649262,3.0766666666666667,10.43,0.5194218608852755,99.5,4.7616965715781046,-44.994027724553995,13.883143743536714,3,Medium,2,"True, True",Profitability,"Review costs, pricing and product profitability","Profitability | Review costs, pricing and product profitability"
OUT0704,Franchise Outlet 0704,Franchise,Nagpur,Maharashtra,West,1121123.22,199230.33000000002,17.77060063032144,19.015121102636158,1421.0,57.70584095707248,3.25,7.8933333333333335,0.49019607843137253,99.5,2.487228784355775,-17.21549589718135,-1.7968210089840972,3,Medium,2,"True, True",Customer Complaints,Investigate complaint drivers and service bottlenecks,Customer Complaints | Investigate complaint drivers and service bottlenecks
OUT0452,Franchise Outlet 0452,Franchise,Amritsar,Punjab,North,1614629.71,199773.78,12.37273033951543,21.968408262454435,2712.0,38.3480825958702,3.233333333333333,9.133333333333333,0.622938805423232,99.39999999999999,7.052085848570726,-42.0964278980549,8.87193898032918,3,Medium,2,"True, True",Customer Complaints,Investigate complaint drivers and service bottlenecks,Customer Complaints | Investigate complaint drivers and service bottlenecks
OUT0309,Franchise Outlet 0309,Company-Owned,Mumbai,Maharashtra,West,1806333.2399999998,202119.82,11.189508974545586,24.746321664129884,1951.0,31.778575089697593,3.9633333333333334,5.1066666666666665,0.712468193384224,99.23333333333333,6.988483777964576,2.919883276568289,7.0801317233809,3,Medium,2,"True, True",Customer Complaints,Investigate complaint drivers and service bottlenecks,Customer Complaints | Investigate complaint drivers and service bottlenecks
OUT0204,Franchise Outlet 0204,Franchise,Visakhapatnam,Andhra Pradesh,South,1009750.74,215514.38,21.343324789244523,13.91947411668036,847.0,114.52184179456906,2.7566666666666664,8.633333333333333,0.5868544600938966,99.36666666666667,9.461067325873135,93.79191482141263,13.691275167785221,3,Medium,3,"True, True, True",Customer Complaints,Investigate complaint drivers and service bottlenecks,Customer Complaints | Investigate complaint drivers and service bottlenecks
OUT0232,Franchise Outlet 0232,Franchise,Vijayawada,Andhra Pradesh,South,1337769.56,220810.09000000003,16.50583901759583,18.214672930972174,1008.0,85.31746031746032,2.7900000000000005,8.506666666666666,0.6896551724137931,99.3,20.67993005781296,-7.469990197211905,19.43127962085309,3,Medium,3,"True, True, True",Customer Complaints,Investigate complaint drivers and service bottlenecks,Customer Complaints | Investigate complaint drivers and service bottlenecks
OUT0424,Franchise Outlet 0424,Franchise,Delhi,Delhi,North,1830727.5999999999,231174.75,12.62747936940482,22.515635858234887,1944.0,34.97942386831276,3.3699999999999997,9.013333333333334,0.6134969325153374,99.36666666666667,7.985607263865864,-32.104008518470714,4.854368932038835,3,Medium,2,"True, True",Customer Complaints,Investigate complaint drivers and service bottlenecks,Customer Complaints | Investigate complaint drivers and service bottlenecks
OUT0404,Franchise Outlet 0404,Franchise,Nagpur,Maharashtra,West,1592042.61,247166.43,15.52511399176684,19.89117291414752,987.0,92.19858156028369,2.5566666666666666,10.603333333333333,0.5040322580645161,99.5,4.494401845846833,5.28435236473,7.986870897155354,3,Medium,3,"True, True, True",Customer Complaints,Investigate complaint drivers and service bottlenecks,Customer Complaints | Investigate complaint drivers and service bottlenecks
OUT0030,Franchise Outlet 0030,Franchise,Siliguri,West Bengal,East,1240614.28,252414.1,20.345896711748313,15.268973012135485,843.0,84.22301304863583,2.966666666666667,8.94,1.8626309662398137,98.13333333333333,-8.123528427064766,34.48135134487159,-2.991944764096669,3,Medium,3,"True, True, True",Customer Complaints,Investigate complaint drivers and service bottlenecks,Customer Complaints | Investigate complaint drivers and service bottlenecks
OUT0570,Franchise Outlet 0570,Franchise,Siliguri,West Bengal,East,2043481.43,261174.57,12.78086339155037,24.544444444444444,2209.0,21.729289271163424,3.823333333333333,8.32,1.3839285714285714,98.60000000000001,-9.196588643691134,-6.0492544811261,-7.301720520352497,3,Medium,2,"True, True",Customer Complaints,Investigate complaint drivers and service bottlenecks,Customer Complaints | Investigate complaint drivers and service bottlenecks
OUT0442,Franchise Outlet 0442,Franchise,Vijayawada,Andhra Pradesh,South,1368894.26,273927.49,20.010858252850003,13.444588083206016,2288.0,37.150349650349646,2.6633333333333336,9.806666666666667,0.391815411406182,99.59999999999998,11.342849194527222,77.32280568380696,11.33819951338199,3,Medium,3,"True, True, True",Customer Complaints,Investigate complaint drivers and service bottlenecks,Customer Complaints | Investigate complaint drivers and service bottlenecks
OUT0302,Franchise Outlet 0302,Franchise,Amritsar,Punjab,North,1632833.03,276032.76,16.905143081286152,11.55440414507772,1338.0,59.79073243647235,2.796666666666667,8.790000000000001,0.815418828762046,99.2,0.8614043223475679,8.430453163898127,5.938242280285035,3,Medium,3,"True, True, True",Customer Complaints,Investigate complaint drivers and service bottlenecks,Customer Complaints | Investigate complaint drivers and service bottlenecks
OUT0453,Franchise Outlet 0453,Franchise,Chandigarh,Chandigarh,North,1729178.62,283179.76,16.376547611952315,17.73620972146368,1299.0,49.26866820631255,3.706666666666667,5.553333333333334,3.84900074019245,96.06666666666666,14.470832604283308,-3.2406483107572015,14.047410008779625,3,Medium,3,"True, True, True",Customer Complaints,Investigate complaint drivers and service bottlenecks,Customer Complaints | Investigate complaint drivers and service bottlenecks
OUT0609,Franchise Outlet 0609,Franchise,Mumbai,Maharashtra,West,2280310.63,283912.78,12.450618624709039,24.53613957352534,1772.0,35.55304740406321,3.13,4.34,0.672645739910314,99.33333333333333,4.7738084251799835,-22.614633260297985,8.048780487804878,3,Medium,2,"True, True",Customer Complaints,Investigate complaint drivers and service bottlenecks,Customer Complaints | Investigate complaint drivers and service bottlenecks
OUT0002,Franchise Outlet 0002,Franchise,Amritsar,Punjab,North,2001307.03,285069.86,14.244184211954725,26.179949814792685,2191.0,27.841168416248287,3.1633333333333336,8.770000000000001,0.6799637352674524,99.33333333333333,13.093171402578927,82.71320819028848,6.669912366114909,3,Medium,2,"True, True",Customer Complaints,Investigate complaint drivers and service bottlenecks,Customer Complaints | Investigate complaint drivers and service bottlenecks
OUT0101,Franchise Outlet 0101,Franchise,Ahmedabad,Gujarat,West,2382314.37,287567.13,12.070914469613008,32.13427510376465,4413.0,12.689780194878766,4.256666666666667,7.256666666666668,3.477690288713911,96.46666666666665,14.14654007336087,-47.940009970736256,10.463078848560695,3,Medium,2,"True, True",Inventory Wastage,"Review stock handling, demand planning and shelf-life management","Inventory Wastage | Review stock handling, demand planning and shelf-life management"
OUT0430,Franchise Outlet 0430,Franchise,Pune,Maharashtra,West,1519861.54,289600.33999999997,19.05438965183631,15.712733200507154,1735.0,44.956772334293944,3.1333333333333333,10.613333333333333,1.9702584651969084,98.0,15.017800739675732,20.884950262955744,-29.35667752442996,3,Medium,3,"True, True, True",Customer Complaints,Investigate complaint drivers and service bottlenecks,Customer Complaints | Investigate complaint drivers and service bottlenecks
OUT0120,Franchise Outlet 0120,Franchise,Siliguri,West Bengal,East,1321867.65,290823.79,22.00097642150483,20.55981813015061,1447.0,69.79958534899792,2.7900000000000005,10.376666666666667,2.2957461174881835,97.73333333333333,2.8062188186275443,16.56524823280617,1.2596221133659902,3,Medium,3,"True, True, True",Customer Complaints,Investigate complaint drivers and service bottlenecks,Customer Complaints | Investigate complaint drivers and service bottlenecks
OUT0663,Franchise Outlet 0663,Franchise,Chandigarh,Chandigarh,North,1803191.67,303079.7,16.807958080241132,17.010356104651162,3745.0,15.754339118825103,3.31,9.033333333333333,1.8862981399004455,98.06666666666666,15.252954687278523,-11.220058123560197,13.622572815533966,3,Medium,2,"True, True",Conversion,Improve footfall-to-order conversion,Conversion | Improve footfall-to-order conversion
OUT0455,Franchise Outlet 0455,Franchise,Jaipur,Rajasthan,North,2785555.9699999997,308427.22,11.072375616275986,25.68702685886135,2477.0,23.41542188130803,3.78,3.8166666666666664,2.249408050513023,97.66666666666667,10.179476011101334,-25.133950825017088,5.899957246686618,3,Medium,2,"True, True",Customer Complaints,Investigate complaint drivers and service bottlenecks,Customer Complaints | Investigate complaint drivers and service bottlenecks
OUT0418,Franchise Outlet 0418,Franchise,Patna,Bihar,East,2118607.2800000003,316070.74,14.91879797562104,23.257400081844224,3410.0,16.422287390029325,3.36,7.6000000000000005,3.645097485165301,96.23333333333333,0.29378507879773336,-35.46006227281819,-1.245293947292203,3,Medium,2,"True, True",Inventory Wastage,"Review stock handling, demand planning and shelf-life management","Inventory Wastage | Review stock handling, demand planning and shelf-life management"
OUT0372,Franchise Outlet 0372,Franchise,Surat,Gujarat,West,3349793.83,323704.51,9.663415912375719,28.886820055858493,2172.0,27.624309392265193,4.023333333333333,5.213333333333334,0.5494505494505495,99.46666666666665,-0.13353326141112729,-42.19596900625683,5.079825834542816,3,Medium,2,"True, True",Customer Complaints,Investigate complaint drivers and service bottlenecks,Customer Complaints | Investigate complaint drivers and service bottlenecks
OUT0380,Franchise Outlet 0380,Franchise,Coimbatore,Tamil Nadu,South,2582318.94,328704.15,12.729029900543582,20.648493057907213,2439.0,10.25010250102501,4.22,6.1499999999999995,2.5179856115107913,97.43333333333334,6.022662185010234,31.926982166843835,7.303123625164985,3,Medium,2,"True, True",Inventory Wastage,"Review stock handling, demand planning and shelf-life management","Inventory Wastage | Review stock handling, demand planning and shelf-life management"
OUT0385,Franchise Outlet 0385,Franchise,Kolkata,West Bengal,East,2078468.28,334150.07,16.076746189265876,23.346938775510203,2288.0,27.097902097902097,3.4933333333333336,6.12,1.9288469781397342,98.03333333333335,15.830493993973253,-14.70232662597395,11.609756097560965,3,Medium,2,"True, True",Customer Complaints,Investigate complaint drivers and service bottlenecks,Customer Complaints | Investigate complaint drivers and service bottlenecks
OUT0371,Franchise Outlet 0371,Franchise,Ahmedabad,Gujarat,West,2274386.2199999997,340322.70999999996,14.96327699347387,36.98895342216149,3248.0,14.778325123152708,3.93,6.06,2.696225284601558,97.16666666666667,5.126521926974341,-37.88651043985445,10.739856801909319,3,Medium,2,"True, True",Inventory Wastage,"Review stock handling, demand planning and shelf-life management","Inventory Wastage | Review stock handling, demand planning and shelf-life management"
OUT0613,Franchise Outlet 0613,Franchise,Indore,Madhya Pradesh,West,2308718.55,341212.08,14.779284378340533,25.268817204301076,5123.0,9.564708178801483,4.22,6.243333333333333,3.2483474976392825,96.63333333333333,3.7682647949234047,-22.466420366141413,2.562562562562567,3,Medium,2,"True, True",Inventory Wastage,"Review stock handling, demand planning and shelf-life management","Inventory Wastage | Review stock handling, demand planning and shelf-life management"
OUT0047,Franchise Outlet 0047,Franchise,Bengaluru,Karnataka,South,2549329.46,347141.19,13.616960673258763,26.591511936339522,2807.0,19.593872461702887,3.483333333333333,9.68,0.5315379163713678,99.46666666666665,6.9200724885640605,-4.333756371756739,7.465543644716692,3,Medium,2,"True, True",Customer Complaints,Investigate complaint drivers and service bottlenecks,Customer Complaints | Investigate complaint drivers and service bottlenecks
OUT0649,Franchise Outlet 0649,Franchise,Chennai,Tamil Nadu,South,3041563.28,347836.47,11.436108276530744,17.788301453993856,4808.0,15.806988352745424,3.296666666666667,8.33,0.8455351618890492,99.13333333333333,0.7842518384451134,-26.210310936621582,2.297872340425532,3,Medium,2,"True, True",Profitability,"Review costs, pricing and product profitability","Profitability | Review costs, pricing and product profitability"
OUT0090,Franchise Outlet 0090,Franchise,Siliguri,West Bengal,East,1938418.17,351704.95,18.1439152523008,24.049134231167677,3250.0,27.384615384615387,2.85,11.323333333333332,2.4024024024024024,97.53333333333335,-2.488602946674836,-8.166849686314695,-2.985074626865685,3,Medium,3,"True, True, True",Customer Complaints,Investigate complaint drivers and service bottlenecks,Customer Complaints | Investigate complaint drivers and service bottlenecks
OUT0410,Franchise Outlet 0410,Franchise,Coimbatore,Tamil Nadu,South,2226714.38,363908.1,16.34282794724665,23.548587395218874,3034.0,27.356624917600527,2.9466666666666668,11.363333333333335,1.653160453808752,98.33333333333333,2.798712063765755,-9.924239283320818,1.4037433155080212,3,Medium,3,"True, True, True",Customer Complaints,Investigate complaint drivers and service bottlenecks,Customer Complaints | Investigate complaint drivers and service bottlenecks
OUT0676,Franchise Outlet 0676,Franchise,Vadodara,Gujarat,West,2645454.63,370051.08999999997,13.988185085600957,26.445139911634758,2873.0,17.05534284719805,4.43,4.16,3.945168839852892,95.8,-2.125985111640103,-38.03711536554285,-3.7198391420911534,3,Medium,2,"True, True",Inventory Wastage,"Review stock handling, demand planning and shelf-life management","Inventory Wastage | Review stock handling, demand planning and shelf-life management"
OUT0392,Franchise Outlet 0392,Franchise,Amritsar,Punjab,North,1668166.6,375071.6,22.48406124424263,19.322911849042644,2089.0,45.95500239348971,2.606666666666667,10.9,0.6184586108468125,99.39999999999999,20.83722824851392,241.42396132942042,13.102328099621019,3,Medium,3,"True, True, True",Customer Complaints,Investigate complaint drivers and service bottlenecks,Customer Complaints | Investigate complaint drivers and service bottlenecks
OUT0243,Franchise Outlet 0243,Company-Owned,Chandigarh,Chandigarh,North,2948767.2,379446.94,12.867985644984115,22.17371323529412,3860.0,17.875647668393782,3.453333333333333,9.053333333333333,2.525252525252525,97.43333333333334,6.280397232737349,-8.658001050712251,51.66994106090373,3,Medium,2,"True, True",Inventory Wastage,"Review stock handling, demand planning and shelf-life management","Inventory Wastage | Review stock handling, demand planning and shelf-life management"
OUT0089,Franchise Outlet 0089,Company-Owned,Ranchi,Jharkhand,East,2098271.79,397801.04,18.958508706824865,17.414881322784247,1959.0,42.87901990811638,2.9499999999999997,7.593333333333334,0.8101265822784811,99.16666666666667,14.635533947595688,13.004455056899195,72.14411247803164,3,Medium,3,"True, True, True",Customer Complaints,Investigate complaint drivers and service bottlenecks,Customer Complaints | Investigate complaint drivers and service bottlenecks
OUT0007,Franchise Outlet 0007,Franchise,Dehradun,Uttarakhand,North,2306049.89,403118.93,17.480928393964625,21.708099438652766,2707.0,19.57886959734023,4.1866666666666665,3.2266666666666666,0.6969919295671314,99.3,-1.9589241778202597,-10.286002404916578,3.4785932721712585,3,Medium,2,"True, True",Customer Complaints,Investigate complaint drivers and service bottlenecks,Customer Complaints | Investigate complaint drivers and service bottlenecks
OUT0399,Franchise Outlet 0399,Franchise,Mumbai,Maharashtra,West,1827725.22,405265.69000000006,22.17322853377271,16.301437778879524,1644.0,62.043795620437955,2.766666666666667,9.863333333333333,0.4239854633555421,99.56666666666666,6.454980526293748,68.77015897637587,12.912087912087916,3,Medium,3,"True, True, True",Customer Complaints,Investigate complaint drivers and service bottlenecks,Customer Complaints | Investigate complaint drivers and service bottlenecks
OUT0057,Franchise Outlet 0057,Franchise,Guwahati,Assam,East,2830491.21,417862.24,14.762887746258007,17.957161674589084,6271.0,10.365173018657313,3.3066666666666666,6.523333333333333,0.6652938381118327,99.33333333333333,7.474979619844194,-37.06526414298714,10.191530486733447,3,Medium,2,"True, True",Profitability,"Review costs, pricing and product profitability","Profitability | Review costs, pricing and product profitability"
OUT0553,Franchise Outlet 0553,Franchise,Indore,Madhya Pradesh,West,2935934.5999999996,450533.88,15.345501224720742,17.522276225192385,3461.0,21.092169893094482,3.573333333333333,10.983333333333334,1.7319704713231119,98.23333333333333,18.432524180216483,61.46700070559895,15.985254691689022,3,Medium,3,"True, True, True",Customer Complaints,Investigate complaint drivers and service bottlenecks,Customer Complaints | Investigate complaint drivers and service bottlenecks
OUT0415,Franchise Outlet 0415,Franchise,Kolkata,West Bengal,East,2207149.71,464644.96,21.051809847552207,10.510564007553354,2950.0,25.76271186440678,2.915,7.476666666666667,2.3178807947019866,97.60000000000001,-2.985081502190337,47.246784834034635,0.3401360544217725,3,Medium,3,"True, True, True",Customer Complaints,Investigate complaint drivers and service bottlenecks,Customer Complaints | Investigate complaint drivers and service bottlenecks
OUT0510,Franchise Outlet 0510,Franchise,Siliguri,West Bengal,East,3306839.41,466154.4,14.096674866954,28.67820069204152,2072.0,26.06177606177606,4.283333333333334,6.853333333333333,1.7077798861480076,98.23333333333335,2.808322543557285,63.60340046186157,-3.583061889250825,3,Medium,2,"True, True",Customer Complaints,Investigate complaint drivers and service bottlenecks,Customer Complaints | Investigate complaint drivers and service bottlenecks
OUT0643,Franchise Outlet 0643,Franchise,Indore,Madhya Pradesh,West,5044404.24,475189.33999999997,9.42012807443045,23.244865532866474,7900.0,7.341772151898734,3.8800000000000003,3.4466666666666668,2.769230769230769,97.06666666666666,4.653976949024543,-55.9085558564559,3.865369445174862,3,Medium,2,"True, True",Profitability,"Review costs, pricing and product profitability","Profitability | Review costs, pricing and product profitability"
OUT0727,Franchise Outlet 0727,Franchise,Dehradun,Uttarakhand,North,2456965.77,478549.42,19.47725222073403,15.384615384615385,1876.0,47.44136460554371,2.8833333333333333,7.390000000000001,0.5302226935312832,99.46666666666665,11.816112241785326,16.444011884676428,11.600237953599049,3,Medium,3,"True, True, True",Customer Complaints,Investigate complaint drivers and service bottlenecks,Customer Complaints | Investigate complaint drivers and service bottlenecks
OUT0115,Franchise Outlet 0115,Franchise,Kolkata,West Bengal,East,2444975.88,479680.16000000003,19.619013992072595,12.8302977739231,2219.0,35.15096890491212,2.893333333333333,7.9366666666666665,1.770694997786631,98.2,4.529778285963296,17.180271507927454,7.042932947419193,3,Medium,3,"True, True, True",Customer Complaints,Investigate complaint drivers and service bottlenecks,Customer Complaints | Investigate complaint drivers and service bottlenecks
OUT0283,Franchise Outlet 0283,Company-Owned,Indore,Madhya Pradesh,West,2713012.44,496659.61,18.30657326436734,11.176551787604105,2429.0,35.81720872787155,2.78,9.196666666666667,2.214170692431562,97.76666666666667,0.9218763803226065,48.942058027230814,2.2736842105263158,3,Medium,3,"True, True, True",Customer Complaints,Investigate complaint drivers and service bottlenecks,Customer Complaints | Investigate complaint drivers and service bottlenecks
OUT0180,Franchise Outlet 0180,Franchise,Siliguri,West Bengal,East,3221793.49,497337.74,15.436673441164597,22.985429675884628,2319.0,24.579560155239328,3.765,8.956666666666667,1.6956337431114878,98.26666666666667,8.78770692510924,-13.45718069484624,9.490084985835693,3,Medium,2,"True, True",Customer Complaints,Investigate complaint drivers and service bottlenecks,Customer Complaints | Investigate complaint drivers and service bottlenecks
OUT0084,Franchise Outlet 0084,Franchise,Visakhapatnam,Andhra Pradesh,South,3421544.88,497719.49,14.546630468281336,19.17432672149653,2378.0,38.26745164003364,3.1366666666666667,9.126666666666667,0.7098121085594989,99.3,18.86305627332656,7.171400150387222,18.485301444942696,3,Medium,2,"True, True",Customer Complaints,Investigate complaint drivers and service bottlenecks,Customer Complaints | Investigate complaint drivers and service bottlenecks
OUT0014,Franchise Outlet 0014,Franchise,Nagpur,Maharashtra,West,4254627.6899999995,499070.76999999996,11.730069147366454,19.996748496179485,2460.0,32.520325203252035,3.516666666666667,8.776666666666666,0.7664380798709157,99.23333333333333,16.91934148881056,-45.55265410900526,12.895823772372642,3,Medium,2,"True, True",Customer Complaints,Investigate complaint drivers and service bottlenecks,Customer Complaints | Investigate complaint drivers and service bottlenecks
OUT0117,Franchise Outlet 0117,Franchise,Guwahati,Assam,East,2621561.68,499286.17000000004,19.045371841108082,21.004454750717034,3442.0,31.667635095874488,2.97,10.493333333333332,0.7210845111047015,99.26666666666667,12.587038706130985,17.44874730372623,8.717624763108024,3,Medium,3,"True, True, True",Customer Complaints,Investigate complaint drivers and service bottlenecks,Customer Complaints | Investigate complaint drivers and service bottlenecks
OUT0683,Franchise Outlet 0683,Franchise,Mysuru,Karnataka,South,2384213.16,499336.23,20.943439050558716,26.268949392865228,3483.0,14.355440712029859,4.363333333333333,5.703333333333333,3.571428571428571,96.3,-1.317010396581728,-12.459829857608433,-2.0528683914510624,3,Medium,2,"True, True",Inventory Wastage,"Review stock handling, demand planning and shelf-life management","Inventory Wastage | Review stock handling, demand planning and shelf-life management"
OUT0216,Franchise Outlet 0216,Franchise,Lucknow,Uttar Pradesh,North,2924821.77,508428.63,17.383234603043864,32.381118272078034,3718.0,15.330823023130714,3.66,6.653333333333333,3.3783783783783785,96.46666666666665,13.711358399508358,-11.440814093871063,13.21559074299633,3,Medium,2,"True, True",Inventory Wastage,"Review stock handling, demand planning and shelf-life management","Inventory Wastage | Review stock handling, demand planning and shelf-life management"
OUT0538,Franchise Outlet 0538,Franchise,Patna,Bihar,East,2458382.41,509100.85000000003,20.708773701321757,16.989495415629364,2798.0,32.16583273766977,3.4633333333333334,7.986666666666667,3.881827550669873,95.93333333333334,7.744990046731121,10.45008105082871,6.2666160273452345,3,Medium,3,"True, True, True",Customer Complaints,Investigate complaint drivers and service bottlenecks,Customer Complaints | Investigate complaint drivers and service bottlenecks
OUT0374,Franchise Outlet 0374,Franchise,Nagpur,Maharashtra,West,3563866.9299999997,513964.19,14.421531445900538,19.634485498609454,2471.0,38.44597329016593,3.103333333333333,8.71,0.6433453960595095,99.33333333333333,6.801259878777414,-16.62473847908418,3.3458803847762395,3,Medium,2,"True, True",Customer Complaints,Investigate complaint drivers and service bottlenecks,Customer Complaints | Investigate complaint drivers and service bottlenecks
OUT0722,Franchise Outlet 0722,Franchise,Amritsar,Punjab,North,3869199.87,516809.82999999996,13.357020763055075,21.60637238632592,3906.0,20.225294418842804,3.0766666666666667,9.636666666666667,0.8125952260030471,99.2,19.36365846997109,24.10105110486375,17.544387601564843,3,Medium,2,"True, True",Customer Complaints,Investigate complaint drivers and service bottlenecks,Customer Complaints | Investigate complaint drivers and service bottlenecks
OUT0273,Franchise Outlet 0273,Company-Owned,Chandigarh,Chandigarh,North,2986391.48,517547.98,17.330212179683823,19.279917918104655,2067.0,28.059990324141268,3.52,11.216666666666667,3.139643861293346,96.86666666666667,19.29287071710497,-2.101990357249592,11.790156841535957,3,Medium,3,"True, True, True",Customer Complaints,Investigate complaint drivers and service bottlenecks,Customer Complaints | Investigate complaint drivers and service bottlenecks
OUT0655,Franchise Outlet 0655,Franchise,Kolkata,West Bengal,East,4167250.91,522022.20000000007,12.526776315467888,20.18251273344652,6657.0,8.261979870812677,4.050000000000001,4.873333333333333,2.447245017584994,97.46666666666665,3.370642240959248,7.825074022276812,3.049535603715163,3,Medium,2,"True, True",Profitability,"Review costs, pricing and product profitability","Profitability | Review costs, pricing and product profitability"
OUT0135,Franchise Outlet 0135,Franchise,Nashik,Maharashtra,West,2995271.71,525412.1699999999,17.54138591987703,20.324728419577152,1740.0,50.57471264367816,2.9266666666666663,10.59,1.9165727170236753,98.03333333333335,4.559322782352195,7.9029236270980086,0.5199306759098787,3,Medium,3,"True, True, True",Customer Complaints,Investigate complaint drivers and service bottlenecks,Customer Complaints | Investigate complaint drivers and service bottlenecks
OUT0657,Franchise Outlet 0657,Franchise,Guwahati,Assam,East,3903228.0,526284.22,13.483307149876971,22.867101690106594,5642.0,16.129032258064516,3.0700000000000003,12.290000000000001,0.47627447521608746,99.5,11.778080246034168,-25.46239556455806,11.966660051597538,3,Medium,2,"True, True",Employee Turnover,Review staffing stability and retention factors,Employee Turnover | Review staffing stability and retention factors
OUT0618,Franchise Outlet 0618,Franchise,Hyderabad,Telangana,South,4199777.17,546992.16,13.02431385901362,31.3901921717334,4884.0,16.584766584766584,3.543333333333333,8.903333333333334,2.5149700598802394,97.43333333333334,6.708720856873812,-29.7284469143672,5.032258064516129,3,Medium,2,"True, True",Inventory Wastage,"Review stock handling, demand planning and shelf-life management","Inventory Wastage | Review stock handling, demand planning and shelf-life management"
OUT0547,Franchise Outlet 0547,Franchise,Dehradun,Uttarakhand,North,3625348.88,567400.36,15.650917436668882,18.269936848289028,2488.0,34.163987138263664,3.393333333333333,11.53,0.7974481658692184,99.2,18.24152703071906,47.680855055471135,10.33259423503327,3,Medium,3,"True, True, True",Customer Complaints,Investigate complaint drivers and service bottlenecks,Customer Complaints | Investigate complaint drivers and service bottlenecks
OUT0403,Franchise Outlet 0403,Franchise,Indore,Madhya Pradesh,West,3188338.87,572065.35,17.94242623902772,21.181392710253867,2987.0,27.11750920656177,2.8866666666666667,9.653333333333334,2.7352653858677956,97.2,0.9507613796104804,21.750922620782536,-1.059953627028825,3,Medium,3,"True, True, True",Customer Complaints,Investigate complaint drivers and service bottlenecks,Customer Complaints | Investigate complaint drivers and service bottlenecks
OUT0078,Franchise Outlet 0078,Franchise,Hyderabad,Telangana,South,2886227.04,573806.48,19.880850399073246,25.65214576995275,3963.0,25.738077214231645,2.823333333333333,8.486666666666666,3.553175955220248,96.3,1.1023687482986577,29.86547396979177,3.068920676202855,3,Medium,3,"True, True, True",Inventory Wastage,"Review stock handling, demand planning and shelf-life management","Inventory Wastage | Review stock handling, demand planning and shelf-life management"
OUT0648,Franchise Outlet 0648,Franchise,Hyderabad,Telangana,South,3956404.51,575443.23,14.54460049637341,19.968906030436212,6679.0,11.079502919598742,3.6166666666666667,8.9,4.16128569378677,95.66666666666667,11.287694254313783,-28.03377596156266,2.0317751298502973,3,Medium,2,"True, True",Inventory Wastage,"Review stock handling, demand planning and shelf-life management","Inventory Wastage | Review stock handling, demand planning and shelf-life management"
OUT0054,Franchise Outlet 0054,Franchise,Visakhapatnam,Andhra Pradesh,South,3167709.79,590139.09,18.629834458414827,13.209228636498663,2668.0,33.35832083958021,2.703333333333333,8.71,0.9651076466221231,99.03333333333335,2.77151137477621,24.270818568684096,2.4577572964669785,3,Medium,3,"True, True, True",Customer Complaints,Investigate complaint drivers and service bottlenecks,Customer Complaints | Investigate complaint drivers and service bottlenecks
OUT0133,Franchise Outlet 0133,Franchise,Indore,Madhya Pradesh,West,3151830.33,596514.09,18.92595817491229,13.661581137309293,1773.0,33.27693175408911,3.2266666666666666,8.53,4.006497022198159,95.76666666666667,3.5604834570061263,100.79555237417041,1.4302059496567572,3,Medium,3,"True, True, True",Customer Complaints,Investigate complaint drivers and service bottlenecks,Customer Complaints | Investigate complaint drivers and service bottlenecks
OUT0622,Franchise Outlet 0622,Franchise,Vijayawada,Andhra Pradesh,South,2520679.9699999997,607883.87,24.115868624131608,17.16212365846709,1807.0,37.63143331488655,3.0400000000000005,10.473333333333334,1.0946907498631637,98.86666666666667,9.14628781852365,128.77540715406718,7.623585467540217,3,Medium,3,"True, True, True",Customer Complaints,Investigate complaint drivers and service bottlenecks,Customer Complaints | Investigate complaint drivers and service bottlenecks
OUT0307,Franchise Outlet 0307,Franchise,Dehradun,Uttarakhand,North,3995336.15,624644.5700000001,15.634343308009266,23.58570222347312,2514.0,37.78838504375497,2.9966666666666666,11.773333333333333,0.7892659826361484,99.16666666666667,24.181582072716832,43.88785389371545,15.426997245179063,3,Medium,3,"True, True, True",Customer Complaints,Investigate complaint drivers and service bottlenecks,Customer Complaints | Investigate complaint drivers and service bottlenecks
OUT0263,Franchise Outlet 0263,Franchise,Mysuru,Karnataka,South,3288840.67,625664.15,19.023851039886345,18.736492103075644,3381.0,25.436261461106184,3.263333333333333,10.093333333333334,3.0398623458560365,96.86666666666667,11.035908426258896,-2.2495774868112073,9.879753006174838,3,Medium,3,"True, True, True",Customer Complaints,Investigate complaint drivers and service bottlenecks,Customer Complaints | Investigate complaint drivers and service bottlenecks
OUT0081,Franchise Outlet 0081,Franchise,Kochi,Kerala,South,3572242.5,632325.0700000001,17.70106788662864,24.743546387104047,4390.0,10.70615034168565,4.6066666666666665,6.710000000000001,3.7069532792279007,96.13333333333333,24.575801461134493,-16.066057256687692,16.91078561917442,3,Medium,2,"True, True",Inventory Wastage,"Review stock handling, demand planning and shelf-life management","Inventory Wastage | Review stock handling, demand planning and shelf-life management"
OUT0504,Franchise Outlet 0504,Company-Owned,Visakhapatnam,Andhra Pradesh,South,4701009.529999999,632793.49,13.460799982679466,22.506600176004692,3069.0,28.347996089931573,3.16,7.8066666666666675,0.7759456838021339,99.21666666666665,42.72739599297214,-37.24089137575849,41.29834254143646,3,Medium,2,"True, True",Customer Complaints,Investigate complaint drivers and service bottlenecks,Customer Complaints | Investigate complaint drivers and service bottlenecks
OUT0394,Franchise Outlet 0394,Franchise,Delhi,Delhi,North,2880100.12,678740.95,23.566574831433286,12.003305310052454,3341.0,26.04010775217001,3.143333333333333,10.996666666666668,0.6541778174249182,99.33333333333333,6.072268258666701,31.061643201444074,5.261499684940145,3,Medium,3,"True, True, True",Customer Complaints,Investigate complaint drivers and service bottlenecks,Customer Complaints | Investigate complaint drivers and service bottlenecks
OUT0154,Franchise Outlet 0154,Franchise,Delhi,Delhi,North,4144717.5599999996,680099.5700000001,16.408827867151462,18.834502205191235,2605.0,29.942418426103647,2.703333333333333,10.603333333333333,0.6104540251812286,99.36666666666667,10.500189718693406,29.340740074832077,8.72287145242071,3,Medium,3,"True, True, True",Customer Complaints,Investigate complaint drivers and service bottlenecks,Customer Complaints | Investigate complaint drivers and service bottlenecks
OUT0564,Franchise Outlet 0564,Franchise,Visakhapatnam,Andhra Pradesh,South,4034728.11,682773.6100000001,16.92241933992425,14.015662975965434,2595.0,33.52601156069364,2.6333333333333333,6.31,0.6127920337035618,99.36666666666667,8.593151702838536,7.441576660018049,7.408940397350988,3,Medium,3,"True, True, True",Customer Complaints,Investigate complaint drivers and service bottlenecks,Customer Complaints | Investigate complaint drivers and service bottlenecks
OUT0018,Franchise Outlet 0018,Company-Owned,Hyderabad,Telangana,South,4287466.97,684050.6,15.954655855926045,28.58575727181545,3420.0,12.865497076023393,3.9450000000000003,5.746666666666666,2.7303754266211606,97.13333333333333,1.8274903766520694,-21.797184522768095,1.694915254237288,3,Medium,2,"True, True",Inventory Wastage,"Review stock handling, demand planning and shelf-life management","Inventory Wastage | Review stock handling, demand planning and shelf-life management"
OUT0696,Franchise Outlet 0696,Franchise,Lucknow,Uttar Pradesh,North,4383568.68,694238.74,15.837295835410522,18.22626136007521,2908.0,36.45116918844567,3.0866666666666664,9.450000000000001,2.8399599064483794,97.06666666666666,-3.260180799972092,3.7953425553035234,3.598147488421811,3,Medium,3,"True, True, True",Customer Complaints,Investigate complaint drivers and service bottlenecks,Customer Complaints | Investigate complaint drivers and service bottlenecks
OUT0141,Franchise Outlet 0141,Franchise,Kochi,Kerala,South,4107075.27,697788.6200000001,16.989915551267707,22.296000415002336,4298.0,17.2173103769195,3.0233333333333334,8.906666666666666,3.589053387169134,96.3,11.009717996967321,-25.621868030533847,18.434830531826947,3,Medium,2,"True, True",Inventory Wastage,"Review stock handling, demand planning and shelf-life management","Inventory Wastage | Review stock handling, demand planning and shelf-life management"
OUT0406,Franchise Outlet 0406,Franchise,Vadodara,Gujarat,West,5200964.13,698075.01,13.422030849499436,22.472253901143223,8079.0,6.931550934521598,4.1499999999999995,7.733333333333333,3.372802296376032,96.46666666666665,24.18629550341652,-21.74053816410339,64.00730816077954,3,Medium,2,"True, True",Inventory Wastage,"Review stock handling, demand planning and shelf-life management","Inventory Wastage | Review stock handling, demand planning and shelf-life management"
OUT0210,Franchise Outlet 0210,Franchise,Siliguri,West Bengal,East,5045900.17,704813.6599999999,13.968046062235114,25.179256294814074,3020.0,20.198675496688743,3.9166666666666665,7.289999999999999,1.5324421258558854,98.43333333333334,-0.9648392119793273,-5.038657867625128,-0.4614370468029079,3,Medium,2,"True, True",Customer Complaints,Investigate complaint drivers and service bottlenecks,Customer Complaints | Investigate complaint drivers and service bottlenecks
OUT0337,Franchise Outlet 0337,Franchise,Dehradun,Uttarakhand,North,3354140.42,704929.46,21.01669494206805,24.049357844371695,1910.0,49.738219895287955,2.9933333333333336,11.813333333333333,0.6243496357960457,99.39999999999999,19.10501999149462,4.755263724583959,18.70727159726537,3,Medium,3,"True, True, True",Customer Complaints,Investigate complaint drivers and service bottlenecks,Customer Complaints | Investigate complaint drivers and service bottlenecks
OUT0557,Franchise Outlet 0557,Franchise,Bengaluru,Karnataka,South,3021575.0,714539.8,23.647925336951754,11.880846363604984,3442.0,24.985473561882625,2.47,8.916666666666666,0.6351039260969976,99.36666666666667,8.233047179041657,100.29237413776065,8.375314861460941,3,Medium,3,"True, True, True",Customer Complaints,Investigate complaint drivers and service bottlenecks,Customer Complaints | Investigate complaint drivers and service bottlenecks
OUT0575,Franchise Outlet 0575,Franchise,Jaipur,Rajasthan,North,4715491.51,726180.54,15.399890731645069,20.472611649082236,2833.0,28.94458171549594,3.533333333333333,7.693333333333334,1.9044321329639888,98.06666666666666,10.831863487389947,-37.36999937747803,6.264066016504135,3,Medium,2,"True, True",Customer Complaints,Investigate complaint drivers and service bottlenecks,Customer Complaints | Investigate complaint drivers and service bottlenecks
OUT0633,Franchise Outlet 0633,Franchise,Chandigarh,Chandigarh,North,3409542.62,727849.3300000001,21.34741844054145,22.184944432795135,2116.0,32.608695652173914,3.0500000000000003,10.466666666666667,3.1135531135531136,96.83333333333333,0.5979702283062484,39.49473364492458,3.623898139079346,3,Medium,3,"True, True, True",Customer Complaints,Investigate complaint drivers and service bottlenecks,Customer Complaints | Investigate complaint drivers and service bottlenecks
OUT0673,Franchise Outlet 0673,Franchise,Indore,Madhya Pradesh,West,5144632.09,729262.6,14.17521383924657,21.07091651042241,3821.0,17.272965192358022,3.83,8.183333333333332,2.748791040977348,97.2,0.01786141523614368,-49.08127022304441,1.7847629195524894,3,Medium,2,"True, True",Profitability,"Review costs, pricing and product profitability","Profitability | Review costs, pricing and product profitability"
OUT0103,Franchise Outlet 0103,Franchise,Indore,Madhya Pradesh,West,5903631.77,736350.89,12.47284584621036,20.26899033907937,8560.0,6.542056074766355,4.58,6.703333333333333,3.22215941209723,96.76666666666667,-8.272326586050042,-38.21993883265349,-3.0687351375835026,3,Medium,2,"True, True",Inventory Wastage,"Review stock handling, demand planning and shelf-life management","Inventory Wastage | Review stock handling, demand planning and shelf-life management"
OUT0331,Franchise Outlet 0331,Company-Owned,Ludhiana,Punjab,North,6420274.050000001,738619.1100000001,11.504479470000193,19.373758832494342,4195.0,9.296781883194278,3.733333333333333,6.173333333333333,3.8064664067874343,96.03333333333335,1.4156782685325773,-37.5493465557094,0.7444764649375546,3,Medium,2,"True, True",Inventory Wastage,"Review stock handling, demand planning and shelf-life management","Inventory Wastage | Review stock handling, demand planning and shelf-life management"
OUT0552,Franchise Outlet 0552,Franchise,Surat,Gujarat,West,3519715.47,741454.1,21.065739725830735,22.673607883238823,2439.0,37.72037720377204,2.4466666666666668,11.06,0.8133387555917039,99.2,11.076476959090154,77.97997244896304,12.500000000000005,3,Medium,3,"True, True, True",Customer Complaints,Investigate complaint drivers and service bottlenecks,Customer Complaints | Investigate complaint drivers and service bottlenecks
OUT0362,Franchise Outlet 0362,Company-Owned,Amritsar,Punjab,North,4343228.21,758290.02,17.459133698157668,16.580025686502356,2711.0,36.51789007746219,3.3833333333333333,11.016666666666666,0.9861212563915266,99.0,8.686621177487114,2.2935450857820205,6.73228346456693,3,Medium,3,"True, True, True",Customer Complaints,Investigate complaint drivers and service bottlenecks,Customer Complaints | Investigate complaint drivers and service bottlenecks
OUT0545,Franchise Outlet 0545,Franchise,Jaipur,Rajasthan,North,5338178.35,759356.97,14.225020600894686,17.913614346903646,4475.0,18.547486033519554,3.8033333333333332,5.786666666666666,1.7347386912604303,98.26666666666667,13.805956522434862,-7.174452326044337,8.248669569424292,3,Medium,2,"True, True",Customer Complaints,Investigate complaint drivers and service bottlenecks,Customer Complaints | Investigate complaint drivers and service bottlenecks
OUT0206,Franchise Outlet 0206,Franchise,Bhubaneswar,Odisha,East,4711863.4399999995,771198.3,16.367161523679474,23.423158822233646,9570.0,5.851619644723093,3.91,7.773333333333333,2.8130395044175893,97.26666666666667,1.4972442774924386,-32.60428404539412,11.447536974496325,3,Medium,2,"True, True",Inventory Wastage,"Review stock handling, demand planning and shelf-life management","Inventory Wastage | Review stock handling, demand planning and shelf-life management"
OUT0341,Franchise Outlet 0341,Franchise,Ahmedabad,Gujarat,West,6078585.06,772521.09,12.708896599696509,22.533733133433284,4509.0,15.08094921268574,3.766666666666667,4.956666666666667,2.9696578437701744,96.89999999999999,4.704318041079602,-31.37024393449896,1.508329581269693,3,Medium,2,"True, True",Inventory Wastage,"Review stock handling, demand planning and shelf-life management","Inventory Wastage | Review stock handling, demand planning and shelf-life management"
OUT0742,Franchise Outlet 0742,Franchise,Vijayawada,Andhra Pradesh,South,4268681.73,789082.36,18.48538752501466,13.234109613027492,3779.0,19.05265943371262,3.4166666666666665,7.44,0.5526315789473684,99.43333333333334,-7.580656211456051,-11.659534077198112,-1.7420696827873055,3,Medium,2,"True, True",Conversion,Improve footfall-to-order conversion,Conversion | Improve footfall-to-order conversion
OUT0746,Franchise Outlet 0746,Franchise,Bhubaneswar,Odisha,East,3093106.88,809314.96,26.16511460476917,19.632447386621877,1987.0,43.78459989934574,2.796666666666667,7.783333333333334,3.3560311284046693,96.5,18.39608346887327,12.443518947202444,11.629213483146067,3,Medium,3,"True, True, True",Customer Complaints,Investigate complaint drivers and service bottlenecks,Customer Complaints | Investigate complaint drivers and service bottlenecks
OUT0160,Franchise Outlet 0160,Franchise,Pune,Maharashtra,West,5938340.76,810467.28,13.648042656278959,19.68564308989841,4108.0,17.283349561830576,3.31,10.126666666666667,1.557632398753894,98.43333333333334,4.625466411112799,-40.08567333174481,8.994428230299816,3,Medium,2,"True, True",Profitability,"Review costs, pricing and product profitability","Profitability | Review costs, pricing and product profitability"
OUT0691,Franchise Outlet 0691,Company-Owned,Ludhiana,Punjab,North,6819522.9399999995,810810.41,11.88954736473106,19.252748985141686,4885.0,16.990788126919142,3.2900000000000005,10.049999999999999,4.384419651595224,95.43333333333334,16.551041056733702,-12.02949525921775,17.427884615384603,3,Medium,2,"True, True",Inventory Wastage,"Review stock handling, demand planning and shelf-life management","Inventory Wastage | Review stock handling, demand planning and shelf-life management"
OUT0016,Franchise Outlet 0016,Franchise,Vadodara,Gujarat,West,8159731.32,815401.0800000001,9.992989327986844,25.26385224274406,4596.0,12.837249782419496,3.853333333333333,6.933333333333333,2.963970277797773,96.93333333333334,5.5945365575528285,-38.842822226160024,-28.344246959775493,3,Medium,2,"True, True",Inventory Wastage,"Review stock handling, demand planning and shelf-life management","Inventory Wastage | Review stock handling, demand planning and shelf-life management"
OUT0414,Franchise Outlet 0414,Franchise,Visakhapatnam,Andhra Pradesh,South,4632099.29,816186.95,17.62023866288928,14.400206825232678,3899.0,22.569889715311618,2.973333333333333,9.299999999999999,0.7130124777183601,99.3,20.176946850297853,50.22678312121911,14.239671842953413,3,Medium,3,"True, True, True",Customer Complaints,Investigate complaint drivers and service bottlenecks,Customer Complaints | Investigate complaint drivers and service bottlenecks
OUT0281,Franchise Outlet 0281,Franchise,Ahmedabad,Gujarat,West,5739959.91,823174.0800000001,14.341112009613322,19.11886684106425,5993.0,10.845986984815617,3.3800000000000003,9.063333333333334,3.64951768488746,96.2,4.177680863867259,17.59174298263965,6.769998218421526,3,Medium,2,"True, True",Inventory Wastage,"Review stock handling, demand planning and shelf-life management","Inventory Wastage | Review stock handling, demand planning and shelf-life management"
OUT0556,Franchise Outlet 0556,Franchise,Vadodara,Gujarat,West,6612539.54,860977.7,13.020378854324399,53.624260355029584,7975.0,6.896551724137931,3.6466666666666665,9.44,3.3333333333333335,96.53333333333335,15.586350624505155,-24.3401647790865,12.055641421947449,3,Medium,2,"True, True",Inventory Wastage,"Review stock handling, demand planning and shelf-life management","Inventory Wastage | Review stock handling, demand planning and shelf-life management"
OUT0549,Franchise Outlet 0549,Franchise,Mumbai,Maharashtra,West,7714903.970000001,870773.79,11.286903808343839,16.950082281952824,4326.0,18.72399445214979,3.11,8.146666666666667,0.3455425017277125,99.63333333333333,7.432789314859941,-55.5613650391818,2.5118483412322217,3,Medium,2,"True, True",Profitability,"Review costs, pricing and product profitability","Profitability | Review costs, pricing and product profitability"
OUT0087,Franchise Outlet 0087,Franchise,Guwahati,Assam,East,7378743.050000001,880022.65,11.926457447247738,27.67290049400141,6274.0,9.56327701625757,3.5199999999999996,10.31,0.6964229186451408,99.33333333333333,-1.66601482650672,-18.620568883806996,5.6051169836727945,3,Medium,2,"True, True",Profitability,"Review costs, pricing and product profitability","Profitability | Review costs, pricing and product profitability"
OUT0285,Franchise Outlet 0285,Franchise,Nashik,Maharashtra,West,6468799.39,913533.48,14.122148870657744,21.660493530232333,4503.0,18.210082167443925,2.973333333333333,6.423333333333333,1.916793726856894,98.03333333333335,-9.328817638531635,-11.353456477161181,-1.7884405670665164,3,Medium,2,"True, True",Profitability,"Review costs, pricing and product profitability","Profitability | Review costs, pricing and product profitability"
OUT0373,Franchise Outlet 0373,Franchise,Indore,Madhya Pradesh,West,6508061.38,920129.5700000001,14.138305038542832,21.23529228176399,6804.0,7.348618459729571,3.6933333333333334,8.113333333333335,3.2147937411095304,96.66666666666667,8.860319082443164,4.078837440211171,12.53721468739663,3,Medium,2,"True, True",Inventory Wastage,"Review stock handling, demand planning and shelf-life management","Inventory Wastage | Review stock handling, demand planning and shelf-life management"
OUT0013,Franchise Outlet 0013,Franchise,Indore,Madhya Pradesh,West,4528386.76,922098.99,20.362637708975196,27.73066049858648,4316.0,13.206672845227063,3.8833333333333333,6.333333333333333,3.6392051797276177,96.2,9.38213223877577,-22.128801923323586,7.496886674968878,3,Medium,2,"True, True",Inventory Wastage,"Review stock handling, demand planning and shelf-life management","Inventory Wastage | Review stock handling, demand planning and shelf-life management"
OUT0496,Franchise Outlet 0496,Franchise,Vadodara,Gujarat,West,8041705.98,922607.84,11.47278751914777,19.995215638028842,5851.0,8.203725858827552,4.19,5.383333333333333,2.8718459495351922,97.10000000000001,5.166068151299073,-40.57271148767455,2.901864227928245,3,Medium,2,"True, True",Inventory Wastage,"Review stock handling, demand planning and shelf-life management","Inventory Wastage | Review stock handling, demand planning and shelf-life management"
OUT0126,Franchise Outlet 0126,Company-Owned,Lucknow,Uttar Pradesh,North,7116916.27,955619.44,13.427436880608404,19.328620701430864,5660.0,12.367491166077738,3.3800000000000003,8.756666666666666,3.725123320292567,96.06666666666666,7.208684854641471,-22.710625880598517,4.95086222881513,3,Medium,2,"True, True",Inventory Wastage,"Review stock handling, demand planning and shelf-life management","Inventory Wastage | Review stock handling, demand planning and shelf-life management"
OUT0703,Franchise Outlet 0703,Franchise,Indore,Madhya Pradesh,West,7497027.66,961546.8899999999,12.825708182061046,34.20703872772787,4646.0,13.129573826947912,4.036666666666666,8.033333333333333,3.188164200875182,96.73333333333333,2.9715459476091204,-34.731743816443164,4.474926917022723,3,Medium,2,"True, True",Inventory Wastage,"Review stock handling, demand planning and shelf-life management","Inventory Wastage | Review stock handling, demand planning and shelf-life management"
OUT0056,Franchise Outlet 0056,Franchise,Bhubaneswar,Odisha,East,5228991.46,970330.16,18.556736369196518,22.589339189458972,4526.0,25.40874944763588,2.393333333333333,10.273333333333333,2.1405405405405404,97.86666666666667,30.45709864400762,34.59104008842145,27.09912945801742,3,Medium,3,"True, True, True",Customer Complaints,Investigate complaint drivers and service bottlenecks,Customer Complaints | Investigate complaint drivers and service bottlenecks
OUT0318,Franchise Outlet 0318,Company-Owned,Hyderabad,Telangana,South,6248927.25,975450.25,15.60988328036624,21.76456151832461,5321.0,14.846833302010902,3.1033333333333335,6.510000000000001,3.570134106560348,96.23333333333333,11.07861281728264,-17.150274406680353,3.6423841059602737,3,Medium,2,"True, True",Inventory Wastage,"Review stock handling, demand planning and shelf-life management","Inventory Wastage | Review stock handling, demand planning and shelf-life management"
OUT0106,Franchise Outlet 0106,Franchise,Vadodara,Gujarat,West,5656130.56,978151.33,17.293648363025056,28.25120501661285,6037.0,7.454033460327977,3.983333333333333,7.313333333333333,2.6604321186713964,97.23333333333333,-1.6509188429874717,-24.69413032289904,4.827226949123103,3,Medium,2,"True, True",Inventory Wastage,"Review stock handling, demand planning and shelf-life management","Inventory Wastage | Review stock handling, demand planning and shelf-life management"
OUT0083,Franchise Outlet 0083,Franchise,Mysuru,Karnataka,South,6112123.029999999,995721.0599999999,16.290919785363027,28.912914104344377,5830.0,7.890222984562607,4.25,6.039999999999999,3.412856196156395,96.5,1.777052173511837,-33.334914729346096,3.6444444444444404,3,Medium,2,"True, True",Inventory Wastage,"Review stock handling, demand planning and shelf-life management","Inventory Wastage | Review stock handling, demand planning and shelf-life management"
OUT0710,Franchise Outlet 0710,Franchise,Coimbatore,Tamil Nadu,South,4361298.0600000005,1027849.71,23.567518107212322,23.411497730711044,3095.0,23.26332794830372,3.5533333333333332,11.434999999999999,2.6729559748427674,97.23333333333333,-2.6086960055831914,12.525668882005785,-2.4889729048519147,3,Medium,3,"True, True, True",Customer Complaints,Investigate complaint drivers and service bottlenecks,Customer Complaints | Investigate complaint drivers and service bottlenecks
OUT0616,Franchise Outlet 0616,Franchise,Vadodara,Gujarat,West,6865465.279999999,1042828.53,15.189480792188933,18.8659309697112,4821.0,21.3648620618129,2.6833333333333336,9.239999999999998,2.6846992329430766,97.23333333333333,7.205388436934913,23.01311533067637,8.239784463403677,3,Medium,3,"True, True, True",Inventory Wastage,"Review stock handling, demand planning and shelf-life management","Inventory Wastage | Review stock handling, demand planning and shelf-life management"
OUT0076,Franchise Outlet 0076,Franchise,Vadodara,Gujarat,West,6010677.51,1052009.74,17.502348749367524,15.763076188201577,3300.0,26.666666666666668,3.1366666666666667,9.996666666666668,3.902154921374491,95.93333333333334,9.154626497846257,44.36711162659511,9.41644562334217,3,Medium,3,"True, True, True",Inventory Wastage,"Review stock handling, demand planning and shelf-life management","Inventory Wastage | Review stock handling, demand planning and shelf-life management"
OUT0741,Franchise Outlet 0741,Franchise,Kochi,Kerala,South,5631087.04,1056952.02,18.769946415177415,18.224794983116258,3778.0,21.70460561143462,3.0566666666666666,9.153333333333334,3.078501795792714,96.8,13.521150256009717,21.90002159815832,13.966817496229252,3,Medium,3,"True, True, True",Inventory Wastage,"Review stock handling, demand planning and shelf-life management","Inventory Wastage | Review stock handling, demand planning and shelf-life management"
OUT0574,Franchise Outlet 0574,Franchise,Delhi,Delhi,North,6059073.8,1081636.98,17.851523445712115,17.24832612431119,5822.0,12.366884232222604,3.1933333333333334,8.223333333333333,0.6823609689525759,99.36666666666667,5.978695799026805,-15.788231022853996,4.957634757526595,3,Medium,2,"True, True",Conversion,Improve footfall-to-order conversion,Conversion | Improve footfall-to-order conversion
OUT0298,Franchise Outlet 0298,Company-Owned,Patna,Bihar,East,7682727.17,1118377.94,14.557043550461001,29.23026171101825,13291.0,4.288616356933263,3.893333333333333,3.7566666666666664,2.9924823005620027,96.86666666666667,1.1137356882608904,-31.38179783333998,4.645303519407906,3,Medium,2,"True, True",Inventory Wastage,"Review stock handling, demand planning and shelf-life management","Inventory Wastage | Review stock handling, demand planning and shelf-life management"
OUT0473,Franchise Outlet 0473,Franchise,Mysuru,Karnataka,South,8435376.11,1136174.96,13.469167766604778,23.589286182743514,8992.0,5.56049822064057,4.003333333333334,5.436666666666667,2.883680743060806,97.0,11.628127207075694,-37.20692154807395,15.90616138179944,3,Medium,2,"True, True",Inventory Wastage,"Review stock handling, demand planning and shelf-life management","Inventory Wastage | Review stock handling, demand planning and shelf-life management"
OUT0063,Franchise Outlet 0063,Company-Owned,Chandigarh,Chandigarh,North,6069655.859999999,1182237.69,19.477837249243983,16.989525619767864,4201.0,15.472506546060462,2.966666666666667,7.553333333333334,3.469669117647059,96.39999999999999,14.410324452807474,130.86762901407022,7.277834525025536,3,Medium,3,"True, True, True",Inventory Wastage,"Review stock handling, demand planning and shelf-life management","Inventory Wastage | Review stock handling, demand planning and shelf-life management"
OUT0468,Franchise Outlet 0468,Franchise,Hyderabad,Telangana,South,10150028.5,1223255.27,12.051742219245986,32.711944906198056,5510.0,12.159709618874773,4.463333333333334,4.59,2.958788305741458,96.96666666666665,18.33707064070674,-37.21066012775422,14.743856726364013,3,Medium,2,"True, True",Inventory Wastage,"Review stock handling, demand planning and shelf-life management","Inventory Wastage | Review stock handling, demand planning and shelf-life management"
OUT0096,Franchise Outlet 0096,Franchise,Lucknow,Uttar Pradesh,North,7506730.24,1267912.08,16.89033759657254,42.042244478685156,13097.0,4.199434985111094,4.416666666666667,4.296666666666667,3.0426413976902578,96.83333333333333,15.8186190624,-19.472571262475267,21.100323624595475,3,Medium,2,"True, True",Inventory Wastage,"Review stock handling, demand planning and shelf-life management","Inventory Wastage | Review stock handling, demand planning and shelf-life management"
OUT0565,Franchise Outlet 0565,Franchise,Kolkata,West Bengal,East,6023248.44,1277112.67,21.203054841948372,16.171549824532768,3963.0,24.47640676255362,2.4766666666666666,9.893333333333333,2.2688039457459928,97.66666666666667,14.49485248631076,61.15772943971576,9.263854425144748,3,Medium,3,"True, True, True",Customer Complaints,Investigate complaint drivers and service bottlenecks,Customer Complaints | Investigate complaint drivers and service bottlenecks
OUT0041,Franchise Outlet 0041,Franchise,Ahmedabad,Gujarat,West,7445331.39,1346453.24,18.084530687357354,26.819195755712304,8897.0,7.643025739013151,3.453333333333333,5.796666666666667,2.9029793735676086,96.96666666666665,-20.763496519440075,-6.421772918697929,-20.30634181297027,3,Medium,2,"True, True",Inventory Wastage,"Review stock handling, demand planning and shelf-life management","Inventory Wastage | Review stock handling, demand planning and shelf-life management"
OUT0668,Franchise Outlet 0668,Franchise,Jammu,Jammu & Kashmir,North,6696413.28,1352316.8900000001,20.19464500554243,21.725784447476126,3822.0,24.071166928309786,2.686666666666667,5.48,2.574560285495794,97.33333333333333,5.8698316432546065,108.23546583722965,4.712328767123282,3,Medium,3,"True, True, True",Customer Complaints,Investigate complaint drivers and service bottlenecks,Customer Complaints | Investigate complaint drivers and service bottlenecks
OUT0401,Franchise Outlet 0401,Franchise,Ahmedabad,Gujarat,West,9457989.65,1374431.85,14.531966103388577,29.9574870099197,6342.0,7.5685903500473035,4.245,5.553333333333334,2.908756889161053,97.03333333333335,10.773170261868215,-27.791410294855922,10.52631578947368,3,Medium,2,"True, True",Inventory Wastage,"Review stock handling, demand planning and shelf-life management","Inventory Wastage | Review stock handling, demand planning and shelf-life management"
OUT0071,Franchise Outlet 0071,Franchise,Ahmedabad,Gujarat,West,6222279.109999999,1399809.52,22.49673303388668,19.10599235988369,3351.0,19.695613249776187,2.6533333333333338,9.4,2.6155187445510024,97.3,19.918674309839616,34.99856144281562,12.374245472837023,3,Medium,3,"True, True, True",Inventory Wastage,"Review stock handling, demand planning and shelf-life management","Inventory Wastage | Review stock handling, demand planning and shelf-life management"
OUT0198,Franchise Outlet 0198,Franchise,Hyderabad,Telangana,South,7180353.54,1487774.33,20.72007070002851,20.160642570281123,5271.0,12.71106051982546,3.4066666666666667,8.91,3.743608473338203,96.10000000000001,1.120597364710684,-17.374924745212503,2.2502424830261925,3,Medium,2,"True, True",Inventory Wastage,"Review stock handling, demand planning and shelf-life management","Inventory Wastage | Review stock handling, demand planning and shelf-life management"
OUT0256,Franchise Outlet 0256,Franchise,Vadodara,Gujarat,West,12210161.91,1533496.06,12.559178750480632,32.869741466675286,15244.0,4.460771451062713,4.31,6.743333333333333,4.366373902132999,95.46666666666665,18.967444613409114,-21.963343806081365,18.75048687388018,3,Medium,2,"True, True",Inventory Wastage,"Review stock handling, demand planning and shelf-life management","Inventory Wastage | Review stock handling, demand planning and shelf-life management"
OUT0086,Franchise Outlet 0086,Franchise,Bhubaneswar,Odisha,East,17594968.189999998,1592673.9500000002,9.051871721514038,33.78884525457971,14885.0,3.359086328518643,4.2,7.1833333333333345,3.041948931735279,96.76666666666667,0.5456897886631027,-39.61981233931075,8.776673487284434,3,Medium,2,"True, True",Inventory Wastage,"Review stock handling, demand planning and shelf-life management","Inventory Wastage | Review stock handling, demand planning and shelf-life management"
OUT0111,Franchise Outlet 0111,Franchise,Kochi,Kerala,South,8912495.17,1600081.84,17.953242155866437,21.876411017222473,6783.0,8.55078873654725,4.276666666666666,9.926666666666668,3.2520325203252036,96.60000000000001,-2.9919560929937576,-25.81988318026569,-0.2353287248124791,3,Medium,2,"True, True",Inventory Wastage,"Review stock handling, demand planning and shelf-life management","Inventory Wastage | Review stock handling, demand planning and shelf-life management"
OUT0571,Franchise Outlet 0571,Franchise,Ludhiana,Punjab,North,9530360.36,1606203.86,16.85354802260594,38.90023762871556,9331.0,4.608294930875576,4.266666666666667,5.653333333333333,3.6949117555991333,96.16666666666667,2.630461634262022,-20.55162169469917,2.358490566037746,3,Medium,2,"True, True",Inventory Wastage,"Review stock handling, demand planning and shelf-life management","Inventory Wastage | Review stock handling, demand planning and shelf-life management"
OUT0381,Franchise Outlet 0381,Franchise,Kochi,Kerala,South,11522976.92,1654585.42,14.359010102052691,24.668724768463548,10388.0,3.850596842510589,3.8633333333333333,5.116666666666666,3.6542385457243554,96.16666666666667,13.709536488202687,-39.485923157307546,10.38146849431516,3,Medium,2,"True, True",Inventory Wastage,"Review stock handling, demand planning and shelf-life management","Inventory Wastage | Review stock handling, demand planning and shelf-life management"
OUT0348,Franchise Outlet 0348,Franchise,Hyderabad,Telangana,South,9858408.75,1672449.1600000001,16.96469686347708,18.50943061550287,6261.0,12.777511579619869,3.313333333333334,8.63,3.1104921077065923,96.83333333333333,2.896178649484372,-14.283991932804724,5.315391084945328,3,Medium,2,"True, True",Inventory Wastage,"Review stock handling, demand planning and shelf-life management","Inventory Wastage | Review stock handling, demand planning and shelf-life management"
OUT0028,Franchise Outlet 0028,Franchise,Patna,Bihar,East,16139626.0,1759107.58,10.899308199582816,33.376119652872724,11961.0,4.347462586740239,4.126666666666666,6.71,3.1419548141549924,96.86666666666667,2.754875183052739,0.18079791192932743,-2.2314860225600786,3,Medium,2,"True, True",Inventory Wastage,"Review stock handling, demand planning and shelf-life management","Inventory Wastage | Review stock handling, demand planning and shelf-life management"
OUT0358,Franchise Outlet 0358,Company-Owned,Patna,Bihar,East,11513884.77,1818697.8,15.795692212750884,17.02679933513969,7478.0,15.378443434073281,2.8966666666666665,7.62,3.1347150259067353,96.58333333333333,47.431587735852474,57.33011603367451,52.79934613812832,3,Medium,3,"True, True, True",Inventory Wastage,"Review stock handling, demand planning and shelf-life management","Inventory Wastage | Review stock handling, demand planning and shelf-life management"
OUT0091,Franchise Outlet 0091,Franchise,Ludhiana,Punjab,North,13875504.77,1937162.44,13.961023199590597,30.259185785751253,14033.0,4.275636000855127,3.825,6.223333333333334,3.420509291121817,96.43333333333334,7.012266178943966,-1.7596923775255888,9.44470441428795,3,Medium,2,"True, True",Inventory Wastage,"Review stock handling, demand planning and shelf-life management","Inventory Wastage | Review stock handling, demand planning and shelf-life management"
OUT0471,Franchise Outlet 0471,Franchise,Kochi,Kerala,South,15782171.879999999,2001923.56,12.684715229447876,25.70667919505129,9849.0,5.482790130977764,3.8166666666666664,8.553333333333333,3.1277663027441727,96.76666666666667,12.821920416728727,-47.52174247134148,57.05629086270131,3,Medium,2,"True, True",Inventory Wastage,"Review stock handling, demand planning and shelf-life management","Inventory Wastage | Review stock handling, demand planning and shelf-life management"
OUT0740,Franchise Outlet 0740,Franchise,Coimbatore,Tamil Nadu,South,9327295.39,2115853.29,22.684531812602966,27.92656587473002,7758.0,8.636246455271976,3.393333333333333,10.793333333333335,1.6854644531745024,98.26666666666667,-4.062919027442626,-24.856231764564075,-0.9195402298850575,3,Medium,2,"True, True",Employee Turnover,Review staffing stability and retention factors,Employee Turnover | Review staffing stability and retention factors
OUT0061,Franchise Outlet 0061,Franchise,Ludhiana,Punjab,North,12876273.67,2197912.95,17.069479931300656,28.139460948814865,7966.0,5.774541802661311,3.64,4.923333333333333,2.971985383678441,96.93333333333334,-4.172345202173868,-20.876519916773482,-6.1498586239396795,3,Medium,2,"True, True",Inventory Wastage,"Review stock handling, demand planning and shelf-life management","Inventory Wastage | Review stock handling, demand planning and shelf-life management"
OUT0463,Franchise Outlet 0463,Franchise,Indore,Madhya Pradesh,West,14801391.43,2213644.85,14.955653733427413,27.770878609127603,10734.0,4.56493385504006,3.753333333333334,6.233333333333333,3.2013707277482193,96.73333333333333,1.0809052508010932,-22.389242856525243,-0.8589637018564699,3,Medium,2,"True, True",Inventory Wastage,"Review stock handling, demand planning and shelf-life management","Inventory Wastage | Review stock handling, demand planning and shelf-life management"
OUT0743,Franchise Outlet 0743,Franchise,Mysuru,Karnataka,South,16241133.27,2310171.5,14.224201363258688,31.369853598185443,13692.0,4.455156295647093,4.29,6.046666666666667,3.685987619583568,96.16666666666667,4.23689616983663,-19.752464527152238,2.7850761954808267,3,Medium,2,"True, True",Inventory Wastage,"Review stock handling, demand planning and shelf-life management","Inventory Wastage | Review stock handling, demand planning and shelf-life management"
OUT0561,Franchise Outlet 0561,Franchise,Kochi,Kerala,South,17528828.82,2328128.84,13.281713592545652,28.569150511424468,12541.0,2.870584482896101,3.4766666666666666,5.773333333333333,3.18073033274145,96.76666666666667,16.231711692537814,-36.82939015383099,18.255539839698248,3,Medium,2,"True, True",Inventory Wastage,"Review stock handling, demand planning and shelf-life management","Inventory Wastage | Review stock handling, demand planning and shelf-life management"
OUT0476,Franchise Outlet 0476,Franchise,Bhubaneswar,Odisha,East,17990718.31,2438082.49,13.55189074715717,30.669341804603466,11006.0,5.451571869889151,4.176666666666667,6.666666666666667,3.0308370044052864,96.83333333333333,14.697045321511403,12.207861150240507,14.47888495943416,3,Medium,2,"True, True",Inventory Wastage,"Review stock handling, demand planning and shelf-life management","Inventory Wastage | Review stock handling, demand planning and shelf-life management"
OUT0606,Franchise Outlet 0606,Franchise,Lucknow,Uttar Pradesh,North,15092391.03,2644602.41,17.522753053132366,31.314924200541217,10762.0,5.389332837762497,3.956666666666667,8.063333333333333,2.8788015522064794,97.03333333333335,-0.1280802347832393,-19.52847949358795,3.7201233616037097,3,Medium,2,"True, True",Inventory Wastage,"Review stock handling, demand planning and shelf-life management","Inventory Wastage | Review stock handling, demand planning and shelf-life management"
OUT0723,Franchise Outlet 0723,Franchise,Chandigarh,Chandigarh,North,26292216.88,4691725.36,17.844540768142334,42.25314000947076,18738.0,3.041946845981428,3.58,8.886666666666667,3.1627906976744184,96.7,22.205190782458462,-23.093326431566172,17.74538142516023,3,Medium,2,"True, True",Inventory Wastage,"Review stock handling, demand planning and shelf-life management","Inventory Wastage | Review stock handling, demand planning and shelf-life management"
OUT0352,Franchise Outlet 0352,Franchise,Vijayawada,Andhra Pradesh,South,538161.83,82766.78,15.379533698999055,12.85583103764922,1120.0,65.17857142857143,3.313333333333333,8.6,0.7092198581560284,99.3,6.474047612904912,-5.246157780844389,7.795957651588066,2,Watch,2,"True, True",Customer Complaints,Investigate complaint drivers and service bottlenecks,Customer Complaints | Investigate complaint drivers and service bottlenecks
OUT0241,Franchise Outlet 0241,Franchise,Ludhiana,Punjab,North,515622.41000000003,101578.05,19.70008440866641,18.91531451433652,851.0,84.6063454759107,3.2166666666666663,7.8500000000000005,3.6240090600226504,96.26666666666667,-5.007639220397888,15.851657760926985,2.5301204819277103,2,Watch,2,"True, True",Customer Complaints,Investigate complaint drivers and service bottlenecks,Customer Complaints | Investigate complaint drivers and service bottlenecks
OUT0586,Franchise Outlet 0586,Franchise,Vadodara,Gujarat,West,764152.08,149851.37,19.610150115668077,16.89986882378662,1546.0,56.27425614489004,3.043333333333333,10.036666666666667,2.398989898989899,97.56666666666666,-6.41966914939512,-4.782529351938736,-2.7061044682189914,2,Watch,2,"True, True",Customer Complaints,Investigate complaint drivers and service bottlenecks,Customer Complaints | Investigate complaint drivers and service bottlenecks
OUT0136,Franchise Outlet 0136,Company-Owned,Vadodara,Gujarat,West,743383.0,153953.84,20.709895168439417,25.815738963531672,1614.0,37.79429987608427,3.266666666666667,8.636666666666667,2.7710843373493974,97.13333333333333,1.1848989967452457,9.196042116348782,6.184210526315786,2,Watch,2,"True, True",Customer Complaints,Investigate complaint drivers and service bottlenecks,Customer Complaints | Investigate complaint drivers and service bottlenecks
OUT0189,Franchise Outlet 0189,Franchise,Mumbai,Maharashtra,West,826474.97,167212.22999999998,20.231977503202543,16.72156862745098,1066.0,75.04690431519701,3.033333333333333,8.37,0.65237651444548,99.36666666666667,4.6758689230983945,54.65144003995487,12.092534174553096,2,Watch,2,"True, True",Customer Complaints,Investigate complaint drivers and service bottlenecks,Customer Complaints | Investigate complaint drivers and service bottlenecks
OUT0389,Franchise Outlet 0389,Franchise,Ranchi,Jharkhand,East,800746.5900000001,167929.01,20.97155480861929,24.378556454028153,1628.0,37.469287469287465,2.966666666666667,8.823333333333332,0.8526187576126675,99.13333333333333,9.035995417023653,59.165018027845385,2.8427037271004423,2,Watch,2,"True, True",Customer Complaints,Investigate complaint drivers and service bottlenecks,Customer Complaints | Investigate complaint drivers and service bottlenecks
OUT0495,Franchise Outlet 0495,Franchise,Nashik,Maharashtra,West,1157072.94,178319.18,15.411230686978126,19.390603812714367,2431.0,25.915261209378855,2.4266666666666667,8.053333333333333,1.6187778227438283,98.33333333333333,5.535785590194841,-1.8228430422924182,6.857142857142858,2,Watch,2,"True, True",Customer Complaints,Investigate complaint drivers and service bottlenecks,Customer Complaints | Investigate complaint drivers and service bottlenecks
OUT0240,Franchise Outlet 0240,Franchise,Siliguri,West Bengal,East,4546221.27,220084.27999999997,4.841037576686187,24.275383794677257,8191.0,7.56928335978513,3.66,8.65,1.951161120421355,98.03333333333335,3.1645827092597565,-76.33729400350116,0.5030674846625879,2,Watch,1,True,Profitability,"Review costs, pricing and product profitability","Profitability | Review costs, pricing and product profitability"
OUT0134,Franchise Outlet 0134,Franchise,Nagpur,Maharashtra,West,4329781.92,232220.86,5.363338484262505,31.31151048352589,2927.0,14.34916296549368,4.116666666666666,4.83,0.577445652173913,99.43333333333334,1.369900832486864,-53.98475086209415,-0.30653950953678477,2,Watch,1,True,Profitability,"Review costs, pricing and product profitability","Profitability | Review costs, pricing and product profitability"
OUT0508,Franchise Outlet 0508,Company-Owned,Patna,Bihar,East,1363770.77,235229.08,17.248432447338637,19.33978770558731,1658.0,57.90108564535585,2.5766666666666667,9.026666666666666,2.413184226015303,97.46666666666665,-3.4631097121385714,12.771738140343952,1.7177914110429306,2,Watch,2,"True, True",Customer Complaints,Investigate complaint drivers and service bottlenecks,Customer Complaints | Investigate complaint drivers and service bottlenecks
OUT0004,Franchise Outlet 0004,Company-Owned,Delhi,Delhi,North,1104777.02,235676.9,21.332530975345595,14.60058178563437,1305.0,37.547892720306514,3.5500000000000003,6.38,0.684931506849315,99.3,0.11924025424543926,8.88569402052221,-2.393418100224387,2,Watch,2,"True, True",Customer Complaints,Investigate complaint drivers and service bottlenecks,Customer Complaints | Investigate complaint drivers and service bottlenecks
OUT0505,Franchise Outlet 0505,Company-Owned,Kolkata,West Bengal,East,1610789.85,245932.6,15.267826526222523,17.922535211267608,2036.0,34.87229862475442,3.1533333333333338,8.806666666666667,1.5473887814313347,98.43333333333334,4.697616940997549,14.38116435194498,2.157551430005006,2,Watch,2,"True, True",Customer Complaints,Investigate complaint drivers and service bottlenecks,Customer Complaints | Investigate complaint drivers and service bottlenecks
OUT0432,Franchise Outlet 0432,Franchise,Surat,Gujarat,West,1393974.95,251225.29,18.022224143984797,20.322291853178157,2270.0,29.515418502202643,2.873333333333333,9.676666666666668,0.5258545135845749,99.43333333333334,10.960498498917882,-0.9155866455071286,8.97743638982236,2,Watch,2,"True, True",Customer Complaints,Investigate complaint drivers and service bottlenecks,Customer Complaints | Investigate complaint drivers and service bottlenecks
OUT0614,Franchise Outlet 0614,Franchise,Nagpur,Maharashtra,West,1487093.19,251229.45,16.89399505622106,20.287044220325832,1046.0,83.17399617590821,2.823333333333333,9.86,0.6647673314339981,99.33333333333333,4.040518912912294,20.415404578048136,8.844953173777327,2,Watch,2,"True, True",Customer Complaints,Investigate complaint drivers and service bottlenecks,Customer Complaints | Investigate complaint drivers and service bottlenecks
OUT0434,Franchise Outlet 0434,Franchise,Nagpur,Maharashtra,West,1849797.8699999999,256528.2,13.867904388926561,26.01099055939129,3692.0,14.897074756229687,3.823333333333333,4.8500000000000005,0.9656652360515022,99.03333333333335,8.485769220029976,-44.28846204715245,9.101654846335704,2,Watch,1,True,Profitability,"Review costs, pricing and product profitability","Profitability | Review costs, pricing and product profitability"
OUT0605,Franchise Outlet 0605,Franchise,Jaipur,Rajasthan,North,2192722.51,296274.30000000005,13.511709696454025,23.598484848484848,3738.0,17.92402354200107,3.513333333333333,8.9,2.0696882368352107,97.93333333333334,0.16531240994458485,-17.471468570657038,1.6036966567001967,2,Watch,1,True,Profitability,"Review costs, pricing and product profitability","Profitability | Review costs, pricing and product profitability"
OUT0500,Franchise Outlet 0500,Franchise,Coimbatore,Tamil Nadu,South,4909455.42,308085.95,6.275358948060273,19.629515009505283,4440.0,14.864864864864865,3.8266666666666667,4.843333333333333,1.9867549668874174,98.0,1.6757624620134934,-60.41504069374205,4.569006123410274,2,Watch,1,True,Profitability,"Review costs, pricing and product profitability","Profitability | Review costs, pricing and product profitability"
OUT0291,Franchise Outlet 0291,Franchise,Kochi,Kerala,South,1829857.23,327963.27,17.92288844305083,24.215993727949826,2471.0,29.13800080938891,3.8200000000000003,7.239999999999999,3.5142522452167126,96.33333333333333,8.944406725702231,-6.1798098824149585,23.241895261845375,2,Watch,2,"True, True",Customer Complaints,Investigate complaint drivers and service bottlenecks,Customer Complaints | Investigate complaint drivers and service bottlenecks
OUT0094,Franchise Outlet 0094,Franchise,Delhi,Delhi,North,1736307.84,328197.29000000004,18.90202200549875,18.71722960614559,1535.0,60.586319218241044,2.9599999999999995,9.423333333333334,0.5184705119896306,99.5,11.731485285879897,0.6403965055844885,10.035842293906814,2,Watch,2,"True, True",Customer Complaints,Investigate complaint drivers and service bottlenecks,Customer Complaints | Investigate complaint drivers and service bottlenecks
OUT0095,Franchise Outlet 0095,Franchise,Jaipur,Rajasthan,North,2996550.07,340735.29,11.370919291864194,21.267260291650537,3296.0,17.29368932038835,3.6566666666666667,6.599999999999999,2.340740740740741,97.60000000000001,7.089943403097573,-42.68707959284153,9.465293922284967,2,Watch,1,True,Profitability,"Review costs, pricing and product profitability","Profitability | Review costs, pricing and product profitability"
OUT0035,Franchise Outlet 0035,Franchise,Jaipur,Rajasthan,North,2630066.5,344695.23,13.105951123289087,43.89523277170007,5497.0,9.459705293796617,3.31,5.266666666666667,1.8042157913540553,98.2,13.032985724002637,-19.39902454400309,12.000814995925015,2,Watch,1,True,Profitability,"Review costs, pricing and product profitability","Profitability | Review costs, pricing and product profitability"
OUT0320,Franchise Outlet 0320,Franchise,Coimbatore,Tamil Nadu,South,2325447.98,346531.32,14.901701649761264,30.60757562918397,3612.0,14.673311184939092,4.303333333333334,4.863333333333333,1.7142857142857144,98.26666666666667,-3.433443318409231,-16.591994566092513,-2.0872865275142374,2,Watch,1,True,Profitability,"Review costs, pricing and product profitability","Profitability | Review costs, pricing and product profitability"
OUT0292,Franchise Outlet 0292,Franchise,Vijayawada,Andhra Pradesh,South,2295210.79,347721.96,15.149892180491186,25.60040509259259,3539.0,17.801638881039842,3.526666666666667,7.803333333333334,0.8405715886803026,99.16666666666667,-2.3133496279563763,-13.083959791684627,6.372107003306289,2,Watch,1,True,Customer Complaints,Investigate complaint drivers and service bottlenecks,Customer Complaints | Investigate complaint drivers and service bottlenecks
OUT0130,Franchise Outlet 0130,Franchise,Pune,Maharashtra,West,2068814.5699999998,356208.21,17.21798633697751,30.936051899907323,3338.0,14.08028759736369,4.113333333333333,4.323333333333333,2.254758418740849,97.7,2.679483346366682,-32.133107115571114,7.227754577577898,2,Watch,1,True,Profitability,"Review costs, pricing and product profitability","Profitability | Review costs, pricing and product profitability"
OUT0593,Franchise Outlet 0593,Franchise,Mysuru,Karnataka,South,1844812.2000000002,358488.37,19.432241937688833,18.633225020308693,1835.0,37.05722070844686,3.35,7.43,3.8259958071278826,96.03333333333335,7.035690579433313,14.525989345766396,8.451536643025998,2,Watch,2,"True, True",Customer Complaints,Investigate complaint drivers and service bottlenecks,Customer Complaints | Investigate complaint drivers and service bottlenecks
OUT0599,Franchise Outlet 0599,Franchise,Ranchi,Jharkhand,East,1802322.77,364402.92,20.21851613182471,25.640036022127877,3986.0,14.30005017561465,3.6,8.01,0.6975585450921774,99.3,7.1495331706073975,-17.041648765351027,7.150537634408609,2,Watch,1,True,Profitability,"Review costs, pricing and product profitability","Profitability | Review costs, pricing and product profitability"
OUT0252,Franchise Outlet 0252,Franchise,Surat,Gujarat,West,2735713.19,364602.89,13.327526121259812,28.15699658703072,3960.0,17.424242424242426,3.67,6.609999999999999,0.7767476822851416,99.2,8.960324215164835,2.451913945907565,6.824925816023732,2,Watch,1,True,Profitability,"Review costs, pricing and product profitability","Profitability | Review costs, pricing and product profitability"
OUT0598,Franchise Outlet 0598,Franchise,Patna,Bihar,East,1619247.75,372047.48,22.976563036755802,19.521122464541712,1280.0,59.375,3.1533333333333338,8.163333333333334,3.3962264150943398,96.39999999999999,17.076617843305357,64.8290630628172,10.344827586206897,2,Watch,2,"True, True",Customer Complaints,Investigate complaint drivers and service bottlenecks,Customer Complaints | Investigate complaint drivers and service bottlenecks
OUT0356,Franchise Outlet 0356,Franchise,Bhubaneswar,Odisha,East,1719640.56,376788.57,21.9108910759816,21.679723082528692,2380.0,24.789915966386552,3.2733333333333334,6.303333333333334,3.133903133903134,96.60000000000001,8.638152368136762,1.1025801581562824,16.66666666666667,2,Watch,2,"True, True",Inventory Wastage,"Review stock handling, demand planning and shelf-life management","Inventory Wastage | Review stock handling, demand planning and shelf-life management"
OUT0747,Franchise Outlet 0747,Franchise,Guwahati,Assam,East,2037081.58,394681.98,19.374873538447094,16.854730529472107,2136.0,28.089887640449437,3.47,6.25,0.7895959126799814,99.16666666666667,5.287139376722312,-0.8043358753163041,4.144319843978553,2,Watch,2,"True, True",Customer Complaints,Investigate complaint drivers and service bottlenecks,Customer Complaints | Investigate complaint drivers and service bottlenecks
OUT0363,Franchise Outlet 0363,Franchise,Chandigarh,Chandigarh,North,1759548.29,413861.92,23.5209185421106,22.32385930523794,2050.0,23.902439024390244,3.35,5.963333333333334,2.6128266033254155,97.36666666666667,-8.815414354213647,25.730335959037355,-5.180388529139676,2,Watch,2,"True, True",Customer Complaints,Investigate complaint drivers and service bottlenecks,Customer Complaints | Investigate complaint drivers and service bottlenecks
OUT0360,Franchise Outlet 0360,Franchise,Siliguri,West Bengal,East,4508952.8,428967.74,9.513688854760245,27.461271480572254,3244.0,17.57090012330456,3.83,6.236666666666667,2.0531400966183577,97.90000000000002,1.553504247890817,-56.74080173470934,0.06169031462059054,2,Watch,1,True,Profitability,"Review costs, pricing and product profitability","Profitability | Review costs, pricing and product profitability"
OUT0008,Franchise Outlet 0008,Franchise,Jammu,Jammu & Kashmir,North,2337784.2800000003,445840.94999999995,19.07109025474326,19.385214850092,1791.0,41.3176996091569,3.266666666666667,4.736666666666667,2.874186550976139,97.06666666666666,6.079325989083732,-4.220828952092949,5.6014150943396155,2,Watch,2,"True, True",Customer Complaints,Investigate complaint drivers and service bottlenecks,Customer Complaints | Investigate complaint drivers and service bottlenecks
OUT0070,Franchise Outlet 0070,Company-Owned,Pune,Maharashtra,West,4566571.68,455807.11,9.98138520405312,28.894901737396754,4058.0,11.089206505667818,3.9299999999999997,4.763333333333333,1.9806763285024156,97.96666666666665,2.1911053729934995,-39.753345213379475,6.230366492146609,2,Watch,1,True,Profitability,"Review costs, pricing and product profitability","Profitability | Review costs, pricing and product profitability"
OUT0170,Franchise Outlet 0170,Franchise,Coimbatore,Tamil Nadu,South,2443425.6,479636.0,19.629654367212982,19.769628584861305,3364.0,17.241379310344826,3.4033333333333338,8.273333333333333,2.2093023255813953,97.73333333333333,5.34663402642435,-14.944646704701798,7.373124800510693,2,Watch,1,True,Profitability,"Review costs, pricing and product profitability","Profitability | Review costs, pricing and product profitability"
OUT0550,Franchise Outlet 0550,Franchise,Pune,Maharashtra,West,4182375.36,482175.85,11.528755993818784,26.338882436443413,6123.0,7.3493385595296425,4.11,7.223333333333334,1.4168410883915632,98.53333333333335,22.014435066030295,7.84462680289261,18.341708542713565,2,Watch,1,True,Profitability,"Review costs, pricing and product profitability","Profitability | Review costs, pricing and product profitability"
OUT0750,Franchise Outlet 0750,Franchise,Siliguri,West Bengal,East,3717854.4,489686.8,13.171220475982063,36.619640692163564,6645.0,9.029345372460496,4.196666666666666,3.6633333333333336,1.730257320319432,98.23333333333333,-2.9743516119998326,-9.246431140629474,-1.8898567842905591,2,Watch,1,True,Profitability,"Review costs, pricing and product profitability","Profitability | Review costs, pricing and product profitability"
OUT0730,Franchise Outlet 0730,Franchise,Pune,Maharashtra,West,2826494.45,491923.16000000003,17.404002332288325,17.243896504177144,2126.0,30.57384760112888,3.1766666666666663,9.270000000000001,2.297794117647059,97.63333333333333,16.889181675531745,3.2866993130214848,17.00605393505779,2,Watch,2,"True, True",Customer Complaints,Investigate complaint drivers and service bottlenecks,Customer Complaints | Investigate complaint drivers and service bottlenecks
OUT0125,Franchise Outlet 0125,Franchise,Jaipur,Rajasthan,North,3047271.47,495020.27,16.244705300246846,18.888809540812684,2645.0,36.294896030245745,2.8333333333333335,8.356666666666667,2.2903583302548944,97.7,9.292234893516564,4.322724877234569,7.739307535641539,2,Watch,2,"True, True",Customer Complaints,Investigate complaint drivers and service bottlenecks,Customer Complaints | Investigate complaint drivers and service bottlenecks
OUT0384,Franchise Outlet 0384,Franchise,Visakhapatnam,Andhra Pradesh,South,2293913.5300000003,512224.88,22.329737947881583,18.757404238515203,1425.0,58.24561403508772,2.6333333333333333,8.663333333333334,0.766016713091922,99.23333333333333,-1.9967563548634215,46.15833126223931,0.6355932203389831,2,Watch,2,"True, True",Customer Complaints,Investigate complaint drivers and service bottlenecks,Customer Complaints | Investigate complaint drivers and service bottlenecks
OUT0405,Franchise Outlet 0405,Franchise,Nashik,Maharashtra,West,2708689.58,518917.64,19.15751601185692,9.63639702506657,2099.0,45.736064792758455,3.0033333333333334,7.523333333333333,2.0988805970149254,97.89999999999999,8.423540829457668,68.99624527793841,3.7567968363816,2,Watch,2,"True, True",Customer Complaints,Investigate complaint drivers and service bottlenecks,Customer Complaints | Investigate complaint drivers and service bottlenecks
OUT0186,Franchise Outlet 0186,Franchise,Lucknow,Uttar Pradesh,North,2977802.01,527045.56,17.69914716391773,19.17668115571465,2250.0,24.444444444444446,3.5,6.359999999999999,2.975420439844761,97.0,16.171416602848108,81.94185392457462,8.906098741529531,2,Watch,2,"True, True",Customer Complaints,Investigate complaint drivers and service bottlenecks,Customer Complaints | Investigate complaint drivers and service bottlenecks
OUT0377,Franchise Outlet 0377,Franchise,Bengaluru,Karnataka,South,4415898.550000001,538533.91,12.195341534737022,20.670623145400594,3483.0,19.23629055412001,3.11,9.096666666666666,0.6843455945252352,99.3,13.000891862627562,-13.273945267017856,18.147896879240164,2,Watch,1,True,Profitability,"Review costs, pricing and product profitability","Profitability | Review costs, pricing and product profitability"
OUT0687,Franchise Outlet 0687,Franchise,Guwahati,Assam,East,3819289.26,547233.21,14.328142561268061,24.214797932069597,4356.0,15.381083562901745,3.723333333333333,7.923333333333333,0.9549795361527967,99.03333333333335,19.008109905284748,-34.91561218695427,11.349693251533742,2,Watch,1,True,Profitability,"Review costs, pricing and product profitability","Profitability | Review costs, pricing and product profitability"
OUT0279,Franchise Outlet 0279,Franchise,Mumbai,Maharashtra,West,5721603.03,553738.16,9.678024796487847,30.641888283669765,5738.0,9.062391077030325,4.13,5.21,0.4856052722858134,99.5,12.121932811708081,-7.844419147554861,6.753488372093024,2,Watch,1,True,Profitability,"Review costs, pricing and product profitability","Profitability | Review costs, pricing and product profitability"
OUT0265,Franchise Outlet 0265,Franchise,Kolkata,West Bengal,East,3552914.3,557680.6799999999,15.696429266531982,25.684864969885368,3966.0,13.111447302067575,3.513333333333333,8.455,2.025691699604743,97.89999999999999,22.532008983161372,-24.982002522612966,17.650548798576082,2,Watch,1,True,Profitability,"Review costs, pricing and product profitability","Profitability | Review costs, pricing and product profitability"
OUT0543,Franchise Outlet 0543,Franchise,Chandigarh,Chandigarh,North,3102952.75,560376.46,18.059458365906472,32.63611196554906,6366.0,11.467169337103362,2.8833333333333333,8.946666666666667,3.296369436427161,96.66666666666667,-0.6781986635473504,23.62082972297844,2.859912748424624,2,Watch,2,"True, True",Inventory Wastage,"Review stock handling, demand planning and shelf-life management","Inventory Wastage | Review stock handling, demand planning and shelf-life management"
OUT0682,Franchise Outlet 0682,Company-Owned,Vijayawada,Andhra Pradesh,South,2851253.87,568822.69,19.949913825106,20.676476208675712,3246.0,32.65557609365373,3.143333333333333,11.153333333333334,0.5514705882352942,99.46666666666665,11.122273143987536,-0.4181082166541976,12.27948806641301,2,Watch,2,"True, True",Customer Complaints,Investigate complaint drivers and service bottlenecks,Customer Complaints | Investigate complaint drivers and service bottlenecks
OUT0093,Franchise Outlet 0093,Company-Owned,Chandigarh,Chandigarh,North,2892657.2199999997,570869.75,19.73513301379,21.34754211069096,2484.0,37.03703703703704,3.043333333333333,8.583333333333334,2.664576802507837,97.3,-9.291653290983207,-8.024297501369974,-14.58046767537827,2,Watch,2,"True, True",Customer Complaints,Investigate complaint drivers and service bottlenecks,Customer Complaints | Investigate complaint drivers and service bottlenecks
OUT0219,Franchise Outlet 0219,Franchise,Mumbai,Maharashtra,West,3780354.2800000003,578351.81,15.298878548494137,22.257383966244724,5486.0,12.577469923441488,3.8433333333333337,5.353333333333333,0.759768451519537,99.26666666666667,4.9666802700546375,-25.0054814487145,8.569166831585207,2,Watch,1,True,Profitability,"Review costs, pricing and product profitability","Profitability | Review costs, pricing and product profitability"
OUT0580,Franchise Outlet 0580,Franchise,Pune,Maharashtra,West,4126396.89,581950.85,14.103123512193225,22.047542380907284,2328.0,17.611683848797252,4.07,8.103333333333333,1.6671858561286963,98.26666666666667,4.060530763174812,-3.4709823448278088,-35.67283780049737,2,Watch,1,True,Profitability,"Review costs, pricing and product profitability","Profitability | Review costs, pricing and product profitability"
OUT0272,Franchise Outlet 0272,Company-Owned,Amritsar,Punjab,North,2718308.27,586590.13,21.579235014430502,10.895578199495185,2331.0,43.758043758043755,3.046666666666667,9.18,0.9770603228547154,99.0,19.8083306137473,51.89206946923731,22.041884816753935,2,Watch,2,"True, True",Customer Complaints,Investigate complaint drivers and service bottlenecks,Customer Complaints | Investigate complaint drivers and service bottlenecks
OUT0074,Franchise Outlet 0074,Franchise,Nagpur,Maharashtra,West,4091484.6,588185.98,14.375857115532098,52.19168428470754,7406.0,8.911693221712126,3.6733333333333333,6.12,0.7637679217472866,99.23333333333333,12.272334331174669,1.9012997420390823,74.7110167492333,2,Watch,1,True,Profitability,"Review costs, pricing and product profitability","Profitability | Review costs, pricing and product profitability"
OUT0046,Franchise Outlet 0046,Franchise,Vadodara,Gujarat,West,3600394.02,601452.81,16.70519411650395,18.203996699314747,5074.0,12.416239653133623,3.453333333333333,6.226666666666667,3.038410089814638,96.93333333333334,19.990487395377293,-1.8134367043346207,14.09939284911176,2,Watch,2,"True, True",Inventory Wastage,"Review stock handling, demand planning and shelf-life management","Inventory Wastage | Review stock handling, demand planning and shelf-life management"
OUT0509,Franchise Outlet 0509,Franchise,Ranchi,Jharkhand,East,5171837.46,625471.42,12.093794997184618,19.198131197559114,4027.0,14.154457412465856,3.9166666666666665,6.903333333333333,0.5433440355643369,99.43333333333332,4.9530453079083845,-37.38907249149142,10.692688290269366,2,Watch,1,True,Profitability,"Review costs, pricing and product profitability","Profitability | Review costs, pricing and product profitability"
OUT0390,Franchise Outlet 0390,Franchise,Siliguri,West Bengal,East,3589892.75,629972.38,17.548501414143917,29.534347265121006,7554.0,7.678051363516017,3.9499999999999997,7.506666666666668,2.2135922330097086,97.73333333333333,12.629859636946234,-27.573332026070457,12.127059522042458,2,Watch,1,True,Profitability,"Review costs, pricing and product profitability","Profitability | Review costs, pricing and product profitability"
OUT0296,Franchise Outlet 0296,Franchise,Bhubaneswar,Odisha,East,3258481.4,673235.58,20.661022646929947,27.97655941849327,4965.0,14.098690835850956,3.393333333333333,10.416666666666666,4.057971014492753,95.76666666666667,10.201421955140829,120.09318420312678,8.857706643279988,2,Watch,2,"True, True",Inventory Wastage,"Review stock handling, demand planning and shelf-life management","Inventory Wastage | Review stock handling, demand planning and shelf-life management"
OUT0316,Franchise Outlet 0316,Franchise,Vadodara,Gujarat,West,3692562.4000000004,676731.33,18.326875938508174,32.340847866156246,2281.0,24.11223147742218,3.716666666666667,5.786666666666666,3.429297205757832,96.53333333333335,0.5989076895012889,66.18156844661878,3.30615942028986,2,Watch,2,"True, True",Inventory Wastage,"Review stock handling, demand planning and shelf-life management","Inventory Wastage | Review stock handling, demand planning and shelf-life management"
OUT0019,Franchise Outlet 0019,Franchise,Chennai,Tamil Nadu,South,5451447.78,678270.52,12.442025446678679,31.588892540256325,3845.0,14.044213263979195,3.856666666666667,7.903333333333333,0.850954100051573,99.10000000000001,-6.1190257452185195,45.64950520392675,3.6388140161725064,2,Watch,1,True,Profitability,"Review costs, pricing and product profitability","Profitability | Review costs, pricing and product profitability"
OUT0190,Franchise Outlet 0190,Company-Owned,Pune,Maharashtra,West,5214132.03,702819.27,13.479123005636664,27.90994371482176,3719.0,15.595590212422694,3.486666666666667,6.739999999999999,1.7696777601690437,98.16666666666667,-0.24812220840634125,-34.74401157394828,0.7313109425785481,2,Watch,1,True,Profitability,"Review costs, pricing and product profitability","Profitability | Review costs, pricing and product profitability"
OUT0037,Franchise Outlet 0037,Franchise,Dehradun,Uttarakhand,North,4211299.26,705647.39,16.756049533273966,18.958088523305918,2420.0,37.60330578512397,2.986666666666667,8.23,0.5751848808545604,99.39999999999999,19.870863593795953,29.92138130147036,17.933723196881086,2,Watch,2,"True, True",Customer Complaints,Investigate complaint drivers and service bottlenecks,Customer Complaints | Investigate complaint drivers and service bottlenecks
OUT0024,Franchise Outlet 0024,Company-Owned,Visakhapatnam,Andhra Pradesh,South,3297687.8000000003,716772.86,21.735619120766977,16.92184368737475,2111.0,23.685457129322593,3.353333333333333,8.813333333333333,0.899895873338785,99.06666666666666,18.7112050206361,46.63754017341527,3.6327933235149676,2,Watch,2,"True, True",Customer Complaints,Investigate complaint drivers and service bottlenecks,Customer Complaints | Investigate complaint drivers and service bottlenecks
OUT0224,Franchise Outlet 0224,Franchise,Nagpur,Maharashtra,West,5320483.57,719250.78,13.518522715783895,40.65499717673631,8640.0,5.555555555555555,4.39,4.54,0.8150614165997015,99.2,13.108517946151995,43.65578684727991,10.41533546325878,2,Watch,1,True,Profitability,"Review costs, pricing and product profitability","Profitability | Review costs, pricing and product profitability"
OUT0534,Franchise Outlet 0534,Company-Owned,Visakhapatnam,Andhra Pradesh,South,6348993.1899999995,719254.97,11.328646109321154,26.29081410535481,6039.0,9.107468123861567,3.453333333333333,7.763333333333333,1.0162268480576955,98.96666666666665,0.04694474306450308,43.50987103654611,2.460128944689511,2,Watch,1,True,Profitability,"Review costs, pricing and product profitability","Profitability | Review costs, pricing and product profitability"
OUT0072,Franchise Outlet 0072,Franchise,Surat,Gujarat,West,2873806.1100000003,720495.96,25.071140237780337,16.053997169503212,4424.0,13.110307414104883,2.763333333333333,9.296666666666667,0.8071748878923767,99.2,-2.4213636551142237,35.78552242684332,-1.382077574676762,2,Watch,2,"True, True",Conversion,Improve footfall-to-order conversion,Conversion | Improve footfall-to-order conversion
OUT0584,Franchise Outlet 0584,Company-Owned,Nagpur,Maharashtra,West,4113661.3,733622.53,17.833809749966534,15.863989787629103,2734.0,24.87198244330651,3.276666666666667,5.683333333333334,0.5456529647144416,99.46666666666665,8.4231897511123,-9.449714574171349,12.602965403624381,2,Watch,2,"True, True",Customer Complaints,Investigate complaint drivers and service bottlenecks,Customer Complaints | Investigate complaint drivers and service bottlenecks
OUT0234,Franchise Outlet 0234,Franchise,Visakhapatnam,Andhra Pradesh,South,6619405.15,736640.46,11.128499363723037,27.943960620976902,7380.0,7.859078590785908,3.5866666666666664,8.446666666666667,0.3645200486026731,99.66666666666667,10.96429697773095,-41.091399183315424,11.36260751471254,2,Watch,1,True,Profitability,"Review costs, pricing and product profitability","Profitability | Review costs, pricing and product profitability"
OUT0537,Franchise Outlet 0537,Franchise,Guwahati,Assam,East,6448132.15,738354.5800000001,11.450673820324852,29.779994406637456,6389.0,9.547660040694945,3.8200000000000003,9.64,0.5603112840466926,99.43333333333334,10.099264644187803,-8.030899781805328,12.680776014109341,2,Watch,1,True,Profitability,"Review costs, pricing and product profitability","Profitability | Review costs, pricing and product profitability"
OUT0474,Franchise Outlet 0474,Franchise,Visakhapatnam,Andhra Pradesh,South,3960422.45,738803.53,18.654664731536403,20.394069944247338,3219.0,23.609816713264987,2.6966666666666668,8.206666666666667,0.984312519224854,99.03333333333335,14.976208763282283,38.45800091140464,13.745583038869253,2,Watch,2,"True, True",Customer Complaints,Investigate complaint drivers and service bottlenecks,Customer Complaints | Investigate complaint drivers and service bottlenecks
OUT0462,Franchise Outlet 0462,Company-Owned,Surat,Gujarat,West,4215025.26,740617.86,17.5708996818681,11.430821981280696,2467.0,31.61734900689096,3.0400000000000005,8.763333333333334,0.7243460764587526,99.26666666666667,11.021122175286614,150.2620355362169,10.380313199105151,2,Watch,2,"True, True",Customer Complaints,Investigate complaint drivers and service bottlenecks,Customer Complaints | Investigate complaint drivers and service bottlenecks
OUT0697,Franchise Outlet 0697,Franchise,Dehradun,Uttarakhand,North,6697959.32,748577.1200000001,11.176196871855593,21.93174322119224,6317.0,12.347633370270698,3.426666666666667,10.053333333333333,0.5666614198016685,99.43333333333334,3.393158226318914,-41.59220094881945,9.575021682567204,2,Watch,1,True,Profitability,"Review costs, pricing and product profitability","Profitability | Review costs, pricing and product profitability"
OUT0213,Franchise Outlet 0213,Franchise,Chandigarh,Chandigarh,North,4111232.26,756686.54,18.405346430123608,24.709435343644184,2700.0,26.666666666666668,3.0966666666666662,6.366666666666667,3.1563845050215207,96.7,4.514475372592113,17.245428098454184,5.017502917152859,2,Watch,2,"True, True",Customer Complaints,Investigate complaint drivers and service bottlenecks,Customer Complaints | Investigate complaint drivers and service bottlenecks
OUT0264,Franchise Outlet 0264,Franchise,Visakhapatnam,Andhra Pradesh,South,5813498.37,763529.72,13.13373929784038,27.625764785859957,6502.0,7.2285450630575205,4.003333333333333,2.61,0.6873377119291278,99.3,8.639023342474692,-6.287030217433122,57.24304715840389,2,Watch,1,True,Profitability,"Review costs, pricing and product profitability","Profitability | Review costs, pricing and product profitability"
OUT0519,Franchise Outlet 0519,Franchise,Mumbai,Maharashtra,West,5749344.26,775622.25,13.49062110258814,19.71096740134618,5974.0,11.047874121191832,3.66,4.446666666666666,0.912257422458119,99.06666666666668,-1.1781839040365434,-7.269440494967075,9.896983075791018,2,Watch,1,True,Profitability,"Review costs, pricing and product profitability","Profitability | Review costs, pricing and product profitability"
OUT0169,Franchise Outlet 0169,Franchise,Chennai,Tamil Nadu,South,3959567.9000000004,778506.45,19.661399164287594,23.044347723797202,3918.0,25.7784583971414,3.1133333333333333,13.4,0.60882800608828,99.43333333333334,20.338404329120145,7.181144656504554,15.609324284449682,2,Watch,2,"True, True",Customer Complaints,Investigate complaint drivers and service bottlenecks,Customer Complaints | Investigate complaint drivers and service bottlenecks
OUT0312,Franchise Outlet 0312,Franchise,Surat,Gujarat,West,3732296.7199999997,790894.99,21.190571096930366,15.443106116681246,2295.0,41.394335511982575,3.126666666666667,7.386666666666667,0.6493506493506493,99.36666666666667,10.553646441787928,63.72268749192146,10.4427333974976,2,Watch,2,"True, True",Customer Complaints,Investigate complaint drivers and service bottlenecks,Customer Complaints | Investigate complaint drivers and service bottlenecks
OUT0632,Franchise Outlet 0632,Franchise,Amritsar,Punjab,North,7789655.98,792101.81,10.168636612884155,27.5301480689971,7214.0,7.346825616856114,4.22,5.033333333333334,0.9202032687817607,99.06666666666666,12.091234713778542,-45.51383312981261,9.651922784617716,2,Watch,1,True,Profitability,"Review costs, pricing and product profitability","Profitability | Review costs, pricing and product profitability"
OUT0327,Franchise Outlet 0327,Franchise,Guwahati,Assam,East,5411377.33,792138.14,14.638383015881837,25.324424647364513,8528.0,8.442776735459663,3.8466666666666662,8.873333333333333,0.779522978475858,99.2,5.262177175477423,22.467373818181432,-0.5828864537188261,2,Watch,1,True,Profitability,"Review costs, pricing and product profitability","Profitability | Review costs, pricing and product profitability"
OUT0454,Franchise Outlet 0454,Franchise,Delhi,Delhi,North,5803261.53,798567.33,13.760664169136625,22.79286926994907,6444.0,8.845437616387336,3.9600000000000004,8.843333333333334,0.8920332205475239,99.10000000000001,17.66233536992257,8.607589255568953,20.583832335329348,2,Watch,1,True,Profitability,"Review costs, pricing and product profitability","Profitability | Review costs, pricing and product profitability"
OUT0215,Franchise Outlet 0215,Company-Owned,Jaipur,Rajasthan,North,4947955.37,801224.45,16.193041167224592,22.81456740959599,7104.0,7.179054054054054,4.583333333333333,5.420000000000001,1.4018043025676612,98.60000000000001,-1.5365146582040063,-18.16592327123027,0.49511953600225694,2,Watch,1,True,Profitability,"Review costs, pricing and product profitability","Profitability | Review costs, pricing and product profitability"
OUT0654,Franchise Outlet 0654,Franchise,Visakhapatnam,Andhra Pradesh,South,6237723.5,807218.67,12.940917788356602,29.003974748655597,4962.0,9.875050382910116,3.7133333333333334,7.276666666666666,0.6805444355484388,99.33333333333333,9.986278083449825,-27.58877637640264,6.252676659528903,2,Watch,1,True,Profitability,"Review costs, pricing and product profitability","Profitability | Review costs, pricing and product profitability"
OUT0665,Franchise Outlet 0665,Franchise,Jaipur,Rajasthan,North,3344084.66,809159.7000000001,24.196746861067805,13.986884304245848,2922.0,20.876112251882272,3.7866666666666666,8.24,2.208835341365462,97.73333333333333,15.65019822907025,144.58828273697765,14.723203769140165,2,Watch,2,"True, True",Conversion,Improve footfall-to-order conversion,Conversion | Improve footfall-to-order conversion
OUT0407,Franchise Outlet 0407,Franchise,Bengaluru,Karnataka,South,5369934.83,819514.23,15.26115783420038,25.83009273107987,3454.0,14.475969889982629,3.4933333333333336,7.69,0.48977239988475946,99.5,8.169882092027843,-27.874520319982327,4.098854731766117,2,Watch,1,True,Profitability,"Review costs, pricing and product profitability","Profitability | Review costs, pricing and product profitability"
OUT0540,Franchise Outlet 0540,Franchise,Siliguri,West Bengal,East,6863979.29,828575.47,12.071357371475985,30.238460630386022,5123.0,8.588717548311536,3.72,7.763333333333333,1.7264530980241704,98.23333333333333,14.4622357253234,1.1609348416387655,11.10388202125353,2,Watch,1,True,Profitability,"Review costs, pricing and product profitability","Profitability | Review costs, pricing and product profitability"
OUT0503,Franchise Outlet 0503,Company-Owned,Mysuru,Karnataka,South,4614807.75,861401.3200000001,18.66602828687717,18.084871011991684,4087.0,14.925373134328359,4.033333333333333,7.8,2.7599333809183912,97.16666666666667,12.434363858118726,36.36383525184325,19.43308007013441,2,Watch,2,"True, True",Inventory Wastage,"Review stock handling, demand planning and shelf-life management","Inventory Wastage | Review stock handling, demand planning and shelf-life management"
OUT0637,Franchise Outlet 0637,Franchise,Dehradun,Uttarakhand,North,7884462.5,867260.72,10.999617538925449,28.47826086956522,9825.0,5.190839694656488,3.3366666666666664,5.966666666666666,1.0374697824335213,98.96666666666665,10.439877871473765,-11.591468558313675,10.492577597840755,2,Watch,1,True,Profitability,"Review costs, pricing and product profitability","Profitability | Review costs, pricing and product profitability"
OUT0620,Franchise Outlet 0620,Franchise,Coimbatore,Tamil Nadu,South,7552841.38,868718.73,11.50187970715731,22.02408459510153,8102.0,5.9244630955319675,4.066666666666666,6.163333333333333,2.0669648253354285,97.86666666666667,-2.774883690419039,-41.45367899723416,-7.140401146131816,2,Watch,1,True,Profitability,"Review costs, pricing and product profitability","Profitability | Review costs, pricing and product profitability"
OUT0546,Franchise Outlet 0546,Company-Owned,Lucknow,Uttar Pradesh,North,4239271.64,869526.21,20.51121711087143,16.668549799446357,5901.0,8.64260294865277,3.5766666666666667,6.013333333333333,3.483807654563297,96.3,8.039749984258906,27.191810878865258,10.402245088868096,2,Watch,2,"True, True",Inventory Wastage,"Review stock handling, demand planning and shelf-life management","Inventory Wastage | Review stock handling, demand planning and shelf-life management"
OUT0719,Franchise Outlet 0719,Franchise,Ranchi,Jharkhand,East,7066418.4399999995,874387.71,12.373845639404282,23.178148264653455,4421.0,17.86926034833748,3.34,7.62,1.007613076578594,99.0,9.979283813049866,-24.891338082625676,8.225214198286414,2,Watch,1,True,Profitability,"Review costs, pricing and product profitability","Profitability | Review costs, pricing and product profitability"
OUT0629,Franchise Outlet 0629,Franchise,Ranchi,Jharkhand,East,3696857.91,877232.53,23.729138402292556,18.1754138781261,2580.0,28.68217054263566,3.3000000000000003,8.133333333333333,0.5013497878904744,99.46666666666665,19.41322736085778,24.798503486411118,11.736682546556956,2,Watch,2,"True, True",Customer Complaints,Investigate complaint drivers and service bottlenecks,Customer Complaints | Investigate complaint drivers and service bottlenecks
OUT0304,Franchise Outlet 0304,Franchise,Delhi,Delhi,North,3877330.23,901452.3599999999,23.249305747166133,14.116366275553405,2334.0,30.419880034275923,3.1733333333333333,8.266666666666666,0.560909181431577,99.39999999999999,0.2755742571950027,23.488737499084028,-37.308622078968575,2,Watch,2,"True, True",Customer Complaints,Investigate complaint drivers and service bottlenecks,Customer Complaints | Investigate complaint drivers and service bottlenecks
OUT0679,Franchise Outlet 0679,Franchise,Chennai,Tamil Nadu,South,5283825.67,901517.72,17.0618369398247,23.608541677678524,8933.0,7.500279861188851,3.473333333333333,8.44,0.8766089658233467,99.13333333333333,16.657403386434165,-14.889908933237294,16.10345723940733,2,Watch,1,True,Profitability,"Review costs, pricing and product profitability","Profitability | Review costs, pricing and product profitability"
OUT0222,Franchise Outlet 0222,Franchise,Surat,Gujarat,West,8174535.68,914024.78,11.18136632807504,35.72582945146877,7516.0,7.317722192655668,3.85,2.8333333333333335,0.7264562145027077,99.23333333333333,1.5314381581447538,-8.743535992670278,-0.2389169100079639,2,Watch,1,True,Profitability,"Review costs, pricing and product profitability","Profitability | Review costs, pricing and product profitability"
OUT0585,Franchise Outlet 0585,Franchise,Nashik,Maharashtra,West,3875065.83,922986.77,23.818608779608784,17.59409694015705,2599.0,29.242016160061564,3.0233333333333334,8.75,1.7762660619803476,98.16666666666667,29.000084599315056,15.740990271786446,21.05263157894738,2,Watch,2,"True, True",Customer Complaints,Investigate complaint drivers and service bottlenecks,Customer Complaints | Investigate complaint drivers and service bottlenecks
OUT0396,Franchise Outlet 0396,Company-Owned,Lucknow,Uttar Pradesh,North,5582175.14,933935.75,16.730678034584205,18.77110556452797,5114.0,15.447790379350803,2.973333333333333,9.386666666666668,3.7092826209753342,96.26666666666667,3.2384016043935238,27.141428813476782,2.6495383380168605,2,Watch,2,"True, True",Inventory Wastage,"Review stock handling, demand planning and shelf-life management","Inventory Wastage | Review stock handling, demand planning and shelf-life management"
OUT0624,Franchise Outlet 0624,Franchise,Visakhapatnam,Andhra Pradesh,South,8399322.05,950028.69,11.3107782312026,28.647668915517066,8535.0,6.678383128295255,3.633333333333333,6.853333333333333,0.8941012540640966,99.10000000000001,0.019193565339301995,-30.838873360541324,4.237909135319975,2,Watch,1,True,Profitability,"Review costs, pricing and product profitability","Profitability | Review costs, pricing and product profitability"
OUT0310,Franchise Outlet 0310,Franchise,Pune,Maharashtra,West,3787977.51,951546.3799999999,25.120169734059484,23.048220436280136,3212.0,31.133250311332503,3.106666666666667,9.54,2.5485436893203883,97.39999999999999,10.265686311955308,4.59314310664041,13.578500707213593,2,Watch,2,"True, True",Customer Complaints,Investigate complaint drivers and service bottlenecks,Customer Complaints | Investigate complaint drivers and service bottlenecks
OUT0112,Franchise Outlet 0112,Franchise,Vijayawada,Andhra Pradesh,South,7014725.46,955537.6,13.621881646669603,27.230825958702066,4431.0,13.992326788535319,3.8366666666666664,3.546666666666667,0.4716981132075472,99.5,2.106762418251574,33.89870602047251,10.775000000000007,2,Watch,1,True,Profitability,"Review costs, pricing and product profitability","Profitability | Review costs, pricing and product profitability"
OUT0499,Franchise Outlet 0499,Franchise,Chennai,Tamil Nadu,South,5361639.91,962465.4199999999,17.950952248861483,19.702170354332786,3731.0,18.493701420530687,3.81,8.816666666666666,0.6920415224913495,99.33333333333333,-2.164747062518211,-16.77064555611918,-3.988677303139464,2,Watch,1,True,Customer Complaints,Investigate complaint drivers and service bottlenecks,Customer Complaints | Investigate complaint drivers and service bottlenecks
OUT0596,Franchise Outlet 0596,Franchise,Bhubaneswar,Odisha,East,4132334.52,970129.63,23.476551215897207,24.792167005357474,2684.0,25.707898658718328,3.1166666666666667,9.076666666666666,3.069700252798844,96.86666666666667,1.2069551695287597,127.77546171782204,7.44595676541233,2,Watch,2,"True, True",Customer Complaints,Investigate complaint drivers and service bottlenecks,Customer Complaints | Investigate complaint drivers and service bottlenecks
OUT0122,Franchise Outlet 0122,Franchise,Amritsar,Punjab,North,3982211.0199999996,992156.05,24.91470303851452,34.25234136588446,3255.0,26.72811059907834,3.176666666666667,13.593333333333334,0.7924413288631514,99.2,26.919938673572112,85.55090797454845,19.493392070484582,2,Watch,2,"True, True",Customer Complaints,Investigate complaint drivers and service bottlenecks,Customer Complaints | Investigate complaint drivers and service bottlenecks
OUT0669,Franchise Outlet 0669,Company-Owned,Mumbai,Maharashtra,West,8981376.129999999,992598.9199999999,11.051746476628187,37.6882776686313,6906.0,8.398494063133507,4.21,5.849999999999999,0.6616800920598389,99.36666666666667,3.8195129717459073,-41.1758677118615,2.4477080551846906,2,Watch,1,True,Profitability,"Review costs, pricing and product profitability","Profitability | Review costs, pricing and product profitability"
OUT0340,Franchise Outlet 0340,Franchise,Pune,Maharashtra,West,7017969.75,998414.02,14.226536385398356,22.063049269039578,10519.0,5.133567829641601,3.9800000000000004,7.57,2.0941921072226357,97.86666666666667,4.519576429031341,-40.05847218731752,8.398598516075854,2,Watch,1,True,Profitability,"Review costs, pricing and product profitability","Profitability | Review costs, pricing and product profitability"
OUT0412,Franchise Outlet 0412,Company-Owned,Vijayawada,Andhra Pradesh,South,6853729.97,1027813.8200000001,14.996415448214693,22.60466015662767,7014.0,9.26717992586256,3.776666666666667,8.143333333333333,0.8621908127208481,99.10000000000001,-0.33258395917502626,-28.2171401336093,0.7758620689655172,2,Watch,1,True,Profitability,"Review costs, pricing and product profitability","Profitability | Review costs, pricing and product profitability"
OUT0636,Franchise Outlet 0636,Franchise,Lucknow,Uttar Pradesh,North,5650659.359999999,1031858.53,18.260851774296302,19.43982251802551,3505.0,24.536376604850215,3.25,7.843333333333334,3.7880867416964037,96.06666666666666,1.4783979011845634,26.083026034081513,-0.14245014245014892,2,Watch,2,"True, True",Inventory Wastage,"Review stock handling, demand planning and shelf-life management","Inventory Wastage | Review stock handling, demand planning and shelf-life management"
OUT0258,Franchise Outlet 0258,Franchise,Hyderabad,Telangana,South,6024205.1899999995,1031996.0700000001,17.130825352912655,25.228452372249432,3451.0,21.732831063459866,3.53,8.026666666666666,3.522504892367906,96.33333333333333,6.463627615356746,-5.751214313924445,5.11727078891258,2,Watch,2,"True, True",Inventory Wastage,"Review stock handling, demand planning and shelf-life management","Inventory Wastage | Review stock handling, demand planning and shelf-life management"
OUT0416,Franchise Outlet 0416,Franchise,Bhubaneswar,Odisha,East,5981883.8,1042421.21,17.426303232436577,20.872185581078007,3671.0,22.88204848815037,3.0366666666666666,8.116666666666667,3.1653917172250066,96.73333333333333,10.296835939754235,24.62222087581528,11.648418491484192,2,Watch,2,"True, True",Inventory Wastage,"Review stock handling, demand planning and shelf-life management","Inventory Wastage | Review stock handling, demand planning and shelf-life management"
OUT0717,Franchise Outlet 0717,Franchise,Guwahati,Assam,East,7675730.6,1062192.9,13.83832960474147,23.90462869596331,7349.0,7.756157300312967,3.7133333333333334,6.286666666666666,0.5548037889039242,99.43333333333334,16.48980608914378,-29.072959285623305,13.691212871287128,2,Watch,1,True,Profitability,"Review costs, pricing and product profitability","Profitability | Review costs, pricing and product profitability"
OUT0036,Franchise Outlet 0036,Franchise,Lucknow,Uttar Pradesh,North,5223071.2,1072145.3900000001,20.527106542219837,19.223666453583352,5413.0,12.93183077775725,3.0833333333333335,11.183333333333332,3.1490427625693327,96.76666666666667,11.851846152300665,-2.6803692521364226,16.533907427341227,2,Watch,2,"True, True",Inventory Wastage,"Review stock handling, demand planning and shelf-life management","Inventory Wastage | Review stock handling, demand planning and shelf-life management"
OUT0726,Franchise Outlet 0726,Franchise,Lucknow,Uttar Pradesh,North,5730689.76,1074762.75,18.754509404815522,15.091703575993579,5077.0,8.863502068150483,3.736666666666667,7.626666666666666,3.1106870229007635,96.83333333333333,-1.9569958872522615,0.3908325907286491,1.6212970376301044,2,Watch,2,"True, True",Inventory Wastage,"Review stock handling, demand planning and shelf-life management","Inventory Wastage | Review stock handling, demand planning and shelf-life management"
OUT0339,Franchise Outlet 0339,Franchise,Mumbai,Maharashtra,West,7452787.79,1096398.67,14.711255719250795,28.250970938797376,4219.0,15.169471438729557,3.73,8.93,0.7761053621825024,99.23333333333333,-7.949545962750659,-38.58467402991983,-2.4057367568818004,2,Watch,1,True,Profitability,"Review costs, pricing and product profitability","Profitability | Review costs, pricing and product profitability"
OUT0039,Franchise Outlet 0039,Franchise,Mumbai,Maharashtra,West,9430020.09,1107568.1600000001,11.74513043905933,31.04709824007394,8062.0,6.325973703795584,3.6999999999999997,6.806666666666666,0.7998031253845208,99.2,12.058807486044266,-45.755340373989085,10.423229694562401,2,Watch,1,True,Profitability,"Review costs, pricing and product profitability","Profitability | Review costs, pricing and product profitability"
OUT0299,Franchise Outlet 0299,Franchise,Ranchi,Jharkhand,East,11227728.41,1118249.55,9.959713213262521,34.67577860086598,6647.0,8.274409508048743,3.676666666666667,6.166666666666667,0.5981755645281891,99.39999999999999,0.9940538825197843,-41.04701710122733,1.8853464132434092,2,Watch,1,True,Profitability,"Review costs, pricing and product profitability","Profitability | Review costs, pricing and product profitability"
OUT0539,Franchise Outlet 0539,Company-Owned,Ranchi,Jharkhand,East,5799650.49,1139638.79,19.650128778708524,14.018657926016642,3892.0,20.554984583761563,3.1933333333333334,9.536666666666667,0.941715449223721,99.03333333333335,7.9455591262334675,24.16633224648636,11.774842044801824,2,Watch,2,"True, True",Conversion,Improve footfall-to-order conversion,Conversion | Improve footfall-to-order conversion
OUT0080,Franchise Outlet 0080,Franchise,Coimbatore,Tamil Nadu,South,4904510.6,1172755.5899999999,23.911776029192392,10.41924448649829,2863.0,31.086273140062872,3.1,9.486666666666666,2.2008531974228673,97.73333333333333,13.858826475711544,38.00534294361361,-26.11612903225807,2,Watch,2,"True, True",Customer Complaints,Investigate complaint drivers and service bottlenecks,Customer Complaints | Investigate complaint drivers and service bottlenecks
OUT0119,Franchise Outlet 0119,Company-Owned,Ranchi,Jharkhand,East,8448284.68,1178804.5,13.953181558744538,23.408061924930625,6411.0,9.826860084230228,3.33,7.09,0.6816421378776143,99.33333333333333,-3.661646893374754,-14.404791541645649,-5.817540766857646,2,Watch,1,True,Profitability,"Review costs, pricing and product profitability","Profitability | Review costs, pricing and product profitability"
OUT0175,Franchise Outlet 0175,Franchise,Kolkata,West Bengal,East,8282034.73,1186264.04,14.32334056391961,33.7963402816045,17786.0,2.5863038344765545,4.213333333333334,5.37,2.1779782202177977,97.76666666666667,8.462310821854247,18.992175237383954,8.174188054981144,2,Watch,1,True,Profitability,"Review costs, pricing and product profitability","Profitability | Review costs, pricing and product profitability"
OUT0105,Franchise Outlet 0105,Franchise,Nashik,Maharashtra,West,6439027.63,1191185.77,18.499466665590315,26.307893522080324,6839.0,8.334551835063605,3.6133333333333333,6.140000000000001,2.2301644031451033,97.73333333333333,20.6010351083053,-23.42488615117443,16.171224732461354,2,Watch,1,True,Profitability,"Review costs, pricing and product profitability","Profitability | Review costs, pricing and product profitability"
OUT0165,Franchise Outlet 0165,Franchise,Nashik,Maharashtra,West,8284100.73,1191871.23,14.387454581325448,22.321716682800904,8301.0,6.746175159619323,3.5100000000000002,8.943333333333333,1.8330179754020812,98.13333333333333,11.670412226125512,-22.714216815607134,8.226857887874843,2,Watch,1,True,Profitability,"Review costs, pricing and product profitability","Profitability | Review costs, pricing and product profitability"
OUT0010,Franchise Outlet 0010,Franchise,Pune,Maharashtra,West,6625006.41,1195872.1400000001,18.050882761334567,25.0187265917603,5344.0,12.911676646706587,3.7433333333333336,8.766666666666667,1.8729342636797648,98.03333333333335,-4.423020888109997,-15.677697576767075,1.732343422806011,2,Watch,1,True,Profitability,"Review costs, pricing and product profitability","Profitability | Review costs, pricing and product profitability"
OUT0695,Franchise Outlet 0695,Franchise,Jaipur,Rajasthan,North,8637395.91,1204485.98,13.945012970929104,20.068620609444057,6902.0,7.099391480730223,4.023333333333333,5.97,2.403846153846154,97.53333333333335,12.25155077857335,-0.2897095721246258,8.5732263646374,2,Watch,1,True,Inventory Wastage,"Review stock handling, demand planning and shelf-life management","Inventory Wastage | Review stock handling, demand planning and shelf-life management"
OUT0342,Franchise Outlet 0342,Franchise,Surat,Gujarat,West,12616305.82,1212747.55,9.612540844384826,29.17296222664016,7337.0,9.131797737494889,3.6133333333333333,8.973333333333334,0.7708953205301596,99.23333333333333,8.50313764530048,-39.15266817305781,11.352253756260419,2,Watch,1,True,Profitability,"Review costs, pricing and product profitability","Profitability | Review costs, pricing and product profitability"
OUT0245,Franchise Outlet 0245,Franchise,Jaipur,Rajasthan,North,15859038.23,1219657.84,7.690616683758382,27.251665972511454,10469.0,3.7252841723182732,4.496666666666667,6.0,2.286727646070562,97.66666666666667,12.5793674197276,-52.94391184536356,22.731535756154734,2,Watch,1,True,Profitability,"Review costs, pricing and product profitability","Profitability | Review costs, pricing and product profitability"
OUT0102,Franchise Outlet 0102,Franchise,Surat,Gujarat,West,6897308.4,1231430.29,17.85378032393042,22.400333484917386,5911.0,14.041617323633904,2.6833333333333336,12.159999999999998,0.755540631296172,99.23333333333333,18.55716390858861,34.40269545320993,19.10134998992545,2,Watch,2,"True, True",Employee Turnover,Review staffing stability and retention factors,Employee Turnover | Review staffing stability and retention factors
OUT0338,Franchise Outlet 0338,Franchise,Jammu,Jammu & Kashmir,North,6046051.6,1244869.29,20.589789375929247,17.676319747040452,4584.0,16.797556719022687,3.5866666666666664,9.016666666666666,3.4134007585335016,96.36666666666667,2.530614924997816,25.234649991855367,1.5282392026578073,2,Watch,2,"True, True",Inventory Wastage,"Review stock handling, demand planning and shelf-life management","Inventory Wastage | Review stock handling, demand planning and shelf-life management"
OUT0435,Franchise Outlet 0435,Franchise,Nashik,Maharashtra,West,13084823.61,1252658.2999999998,9.57336787515166,27.777993401901806,7157.0,6.846444040799217,4.25,3.663333333333334,1.999178419827468,97.89999999999999,2.9675139433192466,-38.70287381278557,1.5897799858055228,2,Watch,1,True,Profitability,"Review costs, pricing and product profitability","Profitability | Review costs, pricing and product profitability"
OUT0577,Franchise Outlet 0577,Franchise,Dehradun,Uttarakhand,North,7797531.1899999995,1267789.08,16.258852309893747,19.668793267272974,4347.0,9.431792040487693,4.226666666666667,8.806666666666667,0.8891928864569083,99.10000000000001,-5.477305260262259,-14.362249306041495,-5.066608429788158,2,Watch,1,True,Profitability,"Review costs, pricing and product profitability","Profitability | Review costs, pricing and product profitability"
OUT0590,Franchise Outlet 0590,Franchise,Coimbatore,Tamil Nadu,South,5888911.5,1274522.49,21.642751635849848,18.667326872745278,5278.0,9.473285335354301,3.7566666666666664,4.66,1.8959107806691449,98.06666666666666,-16.599879595267883,35.62757399859374,-16.115702479338854,2,Watch,1,True,Sales Decline,Investigate declining demand and outlet sales drivers,Sales Decline | Investigate declining demand and outlet sales drivers
OUT0001,Franchise Outlet 0001,Franchise,Ludhiana,Punjab,North,5374565.88,1287697.27,23.95909360404007,25.305168383689725,2923.0,21.89531303455354,3.513333333333333,9.615,3.6902800658978587,96.16666666666667,21.41972764694959,7.5922264188413315,15.169424743892835,2,Watch,2,"True, True",Inventory Wastage,"Review stock handling, demand planning and shelf-life management","Inventory Wastage | Review stock handling, demand planning and shelf-life management"
OUT0431,Franchise Outlet 0431,Franchise,Ahmedabad,Gujarat,West,5365087.52,1289235.71,24.030096530466295,19.81713279874829,4053.0,18.011349617567234,2.986666666666667,9.933333333333334,2.618933205189813,97.3,6.828004096043413,156.08183165024576,10.889192886456915,2,Watch,2,"True, True",Inventory Wastage,"Review stock handling, demand planning and shelf-life management","Inventory Wastage | Review stock handling, demand planning and shelf-life management"
OUT0568,Franchise Outlet 0568,Franchise,Patna,Bihar,East,6108208.91,1297867.76,21.24792683294128,16.891253368800534,4826.0,11.396601740571901,3.4266666666666663,4.8533333333333335,2.7016129032258065,97.2,5.593591689472497,3.355023721638248,4.821894005212858,2,Watch,2,"True, True",Inventory Wastage,"Review stock handling, demand planning and shelf-life management","Inventory Wastage | Review stock handling, demand planning and shelf-life management"
OUT0470,Franchise Outlet 0470,Franchise,Coimbatore,Tamil Nadu,South,11411005.030000001,1327635.53,11.6346941089728,26.51838890945187,7881.0,9.770333713995687,3.1300000000000003,9.076666666666666,2.4024767801857587,97.53333333333335,17.761707301648034,-39.86764777791359,14.449607900087125,2,Watch,1,True,Profitability,"Review costs, pricing and product profitability","Profitability | Review costs, pricing and product profitability"
OUT0015,Franchise Outlet 0015,Franchise,Nashik,Maharashtra,West,5227542.85,1335258.29,25.542751696430383,19.496081647530527,4279.0,21.500350549193737,2.8899999999999997,9.62,1.7225539733578317,98.23333333333333,15.303902466142672,29.134918919441688,11.113996364580615,2,Watch,2,"True, True",Customer Complaints,Investigate complaint drivers and service bottlenecks,Customer Complaints | Investigate complaint drivers and service bottlenecks
OUT0067,Franchise Outlet 0067,Franchise,Dehradun,Uttarakhand,North,15008513.58,1353051.8900000001,9.01522914169892,20.54770538952107,8216.0,6.937682570593963,3.8833333333333333,8.049999999999999,0.5928614640048396,99.39999999999999,2.1660064144414894,-59.45651514238689,1.1573504063038549,2,Watch,1,True,Profitability,"Review costs, pricing and product profitability","Profitability | Review costs, pricing and product profitability"
OUT0525,Franchise Outlet 0525,Franchise,Nashik,Maharashtra,West,6630616.8100000005,1399103.41,21.100652474592327,28.0930063247941,6174.0,7.774538386783284,3.82,7.496666666666667,1.7191977077363898,98.26666666666667,-9.004105473594619,-14.553045942579516,-4.678091709124595,2,Watch,1,True,Profitability,"Review costs, pricing and product profitability","Profitability | Review costs, pricing and product profitability"
OUT0472,Franchise Outlet 0472,Franchise,Vijayawada,Andhra Pradesh,South,7529428.15,1411607.18,18.747867060793986,27.26235379885258,8601.0,4.766887571212649,3.89,5.22,0.8758787599400716,99.13333333333333,11.402503554102243,-22.752623479338876,8.68081880212282,2,Watch,1,True,Profitability,"Review costs, pricing and product profitability","Profitability | Review costs, pricing and product profitability"
OUT0594,Franchise Outlet 0594,Franchise,Visakhapatnam,Andhra Pradesh,South,12247681.7,1430434.25,11.679224567046024,29.061812851209385,11895.0,4.707860445565363,4.43,6.1066666666666665,0.6016545500125344,99.43333333333334,10.878016191835748,-45.996542313582225,15.901783104355452,2,Watch,1,True,Profitability,"Review costs, pricing and product profitability","Profitability | Review costs, pricing and product profitability"
OUT0109,Franchise Outlet 0109,Franchise,Chennai,Tamil Nadu,South,10361928.77,1491271.49,14.3918330563857,22.5105479414279,8163.0,7.35023888276369,3.7533333333333334,9.729999999999999,1.030552861299709,98.93333333333334,0.2911903396011707,0.09018490694650957,5.261121856866538,2,Watch,1,True,Employee Turnover,Review staffing stability and retention factors,Employee Turnover | Review staffing stability and retention factors
OUT0199,Franchise Outlet 0199,Franchise,Chennai,Tamil Nadu,South,9648417.54,1512483.56,15.6759753993814,19.719871392143094,5336.0,12.931034482758621,3.0766666666666667,9.229999999999999,0.7994050938836215,99.16666666666667,-1.1702228832053918,-17.838050230162963,-3.1227305737109616,2,Watch,1,True,Profitability,"Review costs, pricing and product profitability","Profitability | Review costs, pricing and product profitability"
OUT0259,Franchise Outlet 0259,Franchise,Chennai,Tamil Nadu,South,12575553.58,1514301.83,12.041631570067231,33.18560179977503,14751.0,3.1184326486339913,4.136666666666667,6.93,0.5259963584867489,99.5,18.875757984874408,-4.642153883977426,23.01726294721041,2,Watch,1,True,Profitability,"Review costs, pricing and product profitability","Profitability | Review costs, pricing and product profitability"
OUT0527,Franchise Outlet 0527,Franchise,Bengaluru,Karnataka,South,8154534.17,1545053.43,18.947169731462417,11.478723404255318,3237.0,20.698177324683346,3.043333333333333,9.52,0.8393233039793998,99.13333333333333,9.958705511213754,17.302940607862393,-24.982618771726532,2,Watch,2,"True, True",Conversion,Improve footfall-to-order conversion,Conversion | Improve footfall-to-order conversion
OUT0627,Franchise Outlet 0627,Franchise,Guwahati,Assam,East,14459996.280000001,1601411.83,11.074773457687224,29.97918690162342,10803.0,5.0911783763769325,3.6099999999999994,9.563333333333333,0.7624471798640455,99.23333333333333,5.049700976930014,-35.695516496369386,-1.107652874404984,2,Watch,1,True,Profitability,"Review costs, pricing and product profitability","Profitability | Review costs, pricing and product profitability"
OUT0597,Franchise Outlet 0597,Franchise,Guwahati,Assam,East,13212443.649999999,1619922.79,12.260584286389749,26.220768601798856,8017.0,6.486216789322689,3.5100000000000002,6.260000000000001,0.7797029702970297,99.23333333333333,8.66303227839824,3.3075059911324347,14.479508781950592,2,Watch,1,True,Profitability,"Review costs, pricing and product profitability","Profitability | Review costs, pricing and product profitability"
OUT0640,Franchise Outlet 0640,Company-Owned,Pune,Maharashtra,West,19035246.259999998,1636010.03,8.594635486475708,29.390638094097927,12275.0,5.132382892057027,3.4633333333333334,9.62,1.7056374119154387,98.26666666666667,26.069624570561462,-54.844261753126844,19.14005629428321,2,Watch,1,True,Profitability,"Review costs, pricing and product profitability","Profitability | Review costs, pricing and product profitability"
OUT0532,Franchise Outlet 0532,Franchise,Vijayawada,Andhra Pradesh,South,8201779.85,1641671.7,20.016042005809265,21.90413097998391,4629.0,16.418232879671635,2.936666666666667,12.073333333333332,0.6225848003434951,99.36666666666667,18.870003273737616,18.797216819136334,7.952425373134334,2,Watch,2,"True, True",Employee Turnover,Review staffing stability and retention factors,Employee Turnover | Review staffing stability and retention factors
OUT0177,Franchise Outlet 0177,Franchise,Guwahati,Assam,East,9499554.06,1661065.74,17.485723324574668,22.522853261867176,6135.0,9.127954360228198,3.48,7.776666666666666,0.7602717567130378,99.26666666666667,3.8575500814092964,-17.579100538462562,2.437802638169982,2,Watch,1,True,Profitability,"Review costs, pricing and product profitability","Profitability | Review costs, pricing and product profitability"
OUT0647,Franchise Outlet 0647,Franchise,Bengaluru,Karnataka,South,9532860.68,1679033.65,17.6131143248807,22.249829181936768,7164.0,5.164712451144612,4.016666666666667,6.580000000000001,0.7618783765064413,99.23333333333333,-6.5626989106368825,-31.302565065804934,3.2723079140838913,2,Watch,1,True,Profitability,"Review costs, pricing and product profitability","Profitability | Review costs, pricing and product profitability"
OUT0247,Franchise Outlet 0247,Franchise,Dehradun,Uttarakhand,North,9501496.26,1779452.7799999998,18.72813219420243,34.78768200497184,6857.0,7.000145836371591,4.336666666666667,7.236666666666667,1.1104701471012401,98.86666666666667,-1.868908433149921,-10.144816415837981,2.572924457741198,2,Watch,1,True,Profitability,"Review costs, pricing and product profitability","Profitability | Review costs, pricing and product profitability"
OUT0713,Franchise Outlet 0713,Franchise,Mysuru,Karnataka,South,12946834.469999999,1785057.15,13.787595370407175,28.60174259717712,8896.0,6.182553956834532,4.176666666666667,5.853333333333333,2.2632388486047024,97.66666666666667,2.5315697686305034,-34.757914510707124,5.116388987356735,2,Watch,1,True,Profitability,"Review costs, pricing and product profitability","Profitability | Review costs, pricing and product profitability"
OUT0483,Franchise Outlet 0483,Franchise,Chandigarh,Chandigarh,North,7950713.21,1791177.12,22.528508734878645,17.192184057499908,4760.0,13.655462184873949,3.105,11.39,2.419024190241902,97.53333333333335,4.590463707648232,34.044027200389024,-0.9571369121930873,2,Watch,2,"True, True",Employee Turnover,Review staffing stability and retention factors,Employee Turnover | Review staffing stability and retention factors
OUT0266,Franchise Outlet 0266,Franchise,Bhubaneswar,Odisha,East,7581821.37,1866347.94,24.616089576903338,21.463630511747667,5335.0,14.058106841611997,3.635,10.106666666666667,2.5926602154464122,97.33333333333333,19.950859268891907,41.229965854372686,16.003479017177643,2,Watch,2,"True, True",Inventory Wastage,"Review stock handling, demand planning and shelf-life management","Inventory Wastage | Review stock handling, demand planning and shelf-life management"
OUT0332,Franchise Outlet 0332,Franchise,Amritsar,Punjab,North,12945258.74,1948866.76,15.054675994834538,30.535605438210585,11522.0,3.9055719493143553,3.4066666666666667,5.609999999999999,0.7152089616544592,99.26666666666667,2.54535723189522,-28.766967710585572,4.95536527600655,2,Watch,1,True,Profitability,"Review costs, pricing and product profitability","Profitability | Review costs, pricing and product profitability"
OUT0558,Franchise Outlet 0558,Franchise,Hyderabad,Telangana,South,8884446.83,1962580.5,22.090069731443258,18.056048244058175,3563.0,16.55907942744878,3.5666666666666664,8.526666666666666,3.938970310190331,95.89999999999999,-3.3322874835046625,3.171815741065507,-31.951871657754005,2,Watch,2,"True, True",Inventory Wastage,"Review stock handling, demand planning and shelf-life management","Inventory Wastage | Review stock handling, demand planning and shelf-life management"
OUT0728,Franchise Outlet 0728,Franchise,Jammu,Jammu & Kashmir,North,7356291.34,2057899.6099999999,27.974688805623078,23.90024069237466,4667.0,17.141632740518535,2.703333333333333,7.9433333333333325,2.9124193883919283,97.0,3.1312601374567475,31.988877656459458,2.413868773315783,2,Watch,2,"True, True",Inventory Wastage,"Review stock handling, demand planning and shelf-life management","Inventory Wastage | Review stock handling, demand planning and shelf-life management"
OUT0049,Franchise Outlet 0049,Franchise,Chennai,Tamil Nadu,South,11248050.0,2112292.5,18.779188392654728,25.08600229339449,9407.0,6.590836611034336,4.026666666666666,3.9266666666666663,0.6337805006865955,99.36666666666667,12.382274520600745,-11.353902037316406,8.676062846580395,2,Watch,1,True,Profitability,"Review costs, pricing and product profitability","Profitability | Review costs, pricing and product profitability"
OUT0667,Franchise Outlet 0667,Franchise,Dehradun,Uttarakhand,North,17395969.18,2145166.15,12.331397738197188,31.316915250317955,13543.0,4.356494129808757,3.7133333333333334,6.376666666666666,0.34584253127299486,99.63333333333333,12.425448986134455,-33.625236833189796,9.28825048418333,2,Watch,1,True,Profitability,"Review costs, pricing and product profitability","Profitability | Review costs, pricing and product profitability"
OUT0166,Franchise Outlet 0166,Franchise,Vadodara,Gujarat,West,9211687.78,2189194.26,23.765397962717316,21.528785679729076,6230.0,14.76725521669342,3.0366666666666666,10.213333333333333,3.6200495049504946,96.26666666666667,2.754918377714695,26.281975527132722,-3.515564503639475,2,Watch,2,"True, True",Inventory Wastage,"Review stock handling, demand planning and shelf-life management","Inventory Wastage | Review stock handling, demand planning and shelf-life management"
OUT0395,Franchise Outlet 0395,Franchise,Jaipur,Rajasthan,North,11553509.44,2266830.94,19.6202803292988,27.756595416907377,7207.0,9.019009296517275,3.6833333333333336,5.3566666666666665,1.6780354706684857,98.33333333333333,5.8899277744305065,-15.971460964412929,4.570516540917005,2,Watch,1,True,Profitability,"Review costs, pricing and product profitability","Profitability | Review costs, pricing and product profitability"
OUT0582,Franchise Outlet 0582,Franchise,Surat,Gujarat,West,11979644.17,2340363.08,19.5361652382034,25.65502914963479,7657.0,10.447956118584301,2.986666666666667,10.526666666666666,0.7646448937273198,99.2,8.914247537630045,-8.623425087939824,18.52941176470588,2,Watch,2,"True, True",Employee Turnover,Review staffing stability and retention factors,Employee Turnover | Review staffing stability and retention factors
OUT0349,Franchise Outlet 0349,Franchise,Chennai,Tamil Nadu,South,21449677.45,2669678.92,12.446242728932038,32.75735387265956,12929.0,5.104803155696496,3.6466666666666665,8.156666666666666,0.5155432440751001,99.5,9.227997965305919,-42.69387650525391,9.781778041946177,2,Watch,1,True,Profitability,"Review costs, pricing and product profitability","Profitability | Review costs, pricing and product profitability"
OUT0317,Franchise Outlet 0317,Franchise,Bengaluru,Karnataka,South,14367646.66,2862930.81,19.926233416990225,23.984757454383622,8623.0,6.262321697784993,3.973333333333333,6.739999999999999,0.9192232563483856,99.06666666666666,1.4467526939622508,-21.988178528234332,1.4112666117840762,2,Watch,1,True,Profitability,"Review costs, pricing and product profitability","Profitability | Review costs, pricing and product profitability"
OUT0445,Franchise Outlet 0445,Franchise,Kolkata,West Bengal,East,18718091.23,2925765.4699999997,15.630682819361382,36.08019953952418,11283.0,4.254187716032971,4.1433333333333335,5.956666666666666,1.329252295583734,98.63333333333333,-6.418307915836233,-22.221421600455557,-6.217272047211375,2,Watch,1,True,Profitability,"Review costs, pricing and product profitability","Profitability | Review costs, pricing and product profitability"
OUT0457,Franchise Outlet 0457,Franchise,Dehradun,Uttarakhand,North,16362933.68,2977933.87,18.199266269958994,31.443875174662317,13502.0,4.147533698711301,3.5766666666666667,7.846666666666667,0.47176765443019314,99.53333333333335,11.034779504622097,-15.390547947184203,15.23427498506445,2,Watch,1,True,Profitability,"Review costs, pricing and product profitability","Profitability | Review costs, pricing and product profitability"
OUT0735,Franchise Outlet 0735,Franchise,Nashik,Maharashtra,West,25096939.3,3158447.1100000003,12.584989238110003,38.131839236230505,18852.0,2.5991937194992576,3.9233333333333333,4.386666666666667,2.219917012448133,97.66666666666667,12.753415531696064,-25.57125168190343,12.569415417686756,2,Watch,1,True,Profitability,"Review costs, pricing and product profitability","Profitability | Review costs, pricing and product profitability"
OUT0429,Franchise Outlet 0429,Franchise,Mumbai,Maharashtra,West,1553391.1400000001,241198.27999999997,15.527208427363629,25.24772416015468,3134.0,17.230376515634973,3.8366666666666664,10.866666666666667,0.7599746675110829,99.23333333333333,13.236371470456143,21.28151223637107,14.924825815914932,1,Watch,1,True,Employee Turnover,Review staffing stability and retention factors,Employee Turnover | Review staffing stability and retention factors
OUT0336,Franchise Outlet 0336,Franchise,Lucknow,Uttar Pradesh,North,1315034.47,244731.71000000002,18.610288595705025,20.432283655792116,2524.0,24.56418383518225,4.003333333333333,6.616666666666667,2.1326095385808452,97.8,8.86211041310481,34.79344685800122,4.168386297977723,1,Watch,1,True,Customer Complaints,Investigate complaint drivers and service bottlenecks,Customer Complaints | Investigate complaint drivers and service bottlenecks
OUT0645,Franchise Outlet 0645,Franchise,Nashik,Maharashtra,West,1313593.92,259882.64,19.78409278873642,21.207970112079703,1703.0,52.260716382853786,3.0500000000000003,7.25,2.3509174311926606,97.63333333333333,2.718269062789894,2.968956965728864,-1.9573978123200986,1,Watch,1,True,Customer Complaints,Investigate complaint drivers and service bottlenecks,Customer Complaints | Investigate complaint drivers and service bottlenecks
OUT0142,Franchise Outlet 0142,Franchise,Vijayawada,Andhra Pradesh,South,1488725.16,261622.02000000002,17.57356072359253,28.864325191656263,1619.0,45.70722668313774,3.543333333333333,9.39,0.7357449417535254,99.23333333333333,-6.027441454908236,-0.5887039666784204,-0.4305043050430574,1,Watch,1,True,Customer Complaints,Investigate complaint drivers and service bottlenecks,Customer Complaints | Investigate complaint drivers and service bottlenecks
OUT0621,Franchise Outlet 0621,Franchise,Kochi,Kerala,South,1657793.27,280166.99,16.899995618874723,24.568790995222283,3034.0,18.127883981542517,3.5866666666666664,7.023333333333333,3.7131069501745473,96.2,7.9017758427641045,-9.876200602028428,81.13432835820895,1,Watch,1,True,Inventory Wastage,"Review stock handling, demand planning and shelf-life management","Inventory Wastage | Review stock handling, demand planning and shelf-life management"
OUT0440,Franchise Outlet 0440,Franchise,Coimbatore,Tamil Nadu,South,1583561.02,299557.69,18.916712789507788,20.862278090197375,1892.0,41.2262156448203,3.046666666666667,9.023333333333333,2.1210553543714434,97.83333333333333,10.429500158228526,11.811249837774286,12.955223880597,1,Watch,1,True,Customer Complaints,Investigate complaint drivers and service bottlenecks,Customer Complaints | Investigate complaint drivers and service bottlenecks
OUT0052,Franchise Outlet 0052,Franchise,Vijayawada,Andhra Pradesh,South,1842993.96,331177.16000000003,17.969519552847586,27.815945039143635,3482.0,21.826536473291213,3.1966666666666668,7.23,1.135718341851221,98.86666666666667,13.046851675959697,15.458123375582694,15.565881181546635,1,Watch,1,True,Customer Complaints,Investigate complaint drivers and service bottlenecks,Customer Complaints | Investigate complaint drivers and service bottlenecks
OUT0689,Franchise Outlet 0689,Franchise,Ranchi,Jharkhand,East,1880588.17,335982.88,17.865840345044816,18.85145482388974,1231.0,58.48903330625508,3.5366666666666666,9.753333333333332,0.5654281098546041,99.43333333333334,9.179496005791094,24.871495666199397,7.793345008756557,1,Watch,1,True,Customer Complaints,Investigate complaint drivers and service bottlenecks,Customer Complaints | Investigate complaint drivers and service bottlenecks
OUT0578,Franchise Outlet 0578,Franchise,Jammu,Jammu & Kashmir,North,2162819.11,336862.14,15.575141649270893,22.858792583563226,3563.0,11.507156890261015,3.91,5.816666666666667,2.5170998632010946,97.39999999999999,4.349797443384023,16.667138259447224,1.221590909090922,1,Watch,1,True,Inventory Wastage,"Review stock handling, demand planning and shelf-life management","Inventory Wastage | Review stock handling, demand planning and shelf-life management"
OUT0678,Franchise Outlet 0678,Franchise,Hyderabad,Telangana,South,2126679.26,348871.18,16.4045037990355,19.460740072202164,1725.0,35.362318840579704,3.1799999999999997,9.226666666666667,1.821286283437678,98.13333333333333,25.220871085902097,22.312789701737596,19.459833795013857,1,Watch,1,True,Customer Complaints,Investigate complaint drivers and service bottlenecks,Customer Complaints | Investigate complaint drivers and service bottlenecks
OUT0114,Franchise Outlet 0114,Company-Owned,Visakhapatnam,Andhra Pradesh,South,1796357.64,352180.38,19.60524854059685,23.961937716262977,1662.0,36.702767749699156,3.76,6.8999999999999995,0.7168458781362007,99.23333333333333,-7.997062023498777,18.860391368121864,-6.260575296108291,1,Watch,1,True,Customer Complaints,Investigate complaint drivers and service bottlenecks,Customer Complaints | Investigate complaint drivers and service bottlenecks
OUT0619,Franchise Outlet 0619,Franchise,Chennai,Tamil Nadu,South,2203198.27,377791.98,17.147434488499304,19.078764263846367,1371.0,47.41064916119621,3.2266666666666666,9.353333333333333,0.8676789587852495,99.10000000000001,16.239464141558578,12.934338229141803,12.839506172839506,1,Watch,1,True,Customer Complaints,Investigate complaint drivers and service bottlenecks,Customer Complaints | Investigate complaint drivers and service bottlenecks
OUT0152,Franchise Outlet 0152,Franchise,Amritsar,Punjab,North,2320721.89,388396.56,16.73602346207886,19.113388282468254,4290.0,20.97902097902098,3.15,6.82,0.8321775312066574,99.16666666666667,-7.479181716556547,-8.995130751185538,-4.433058587658716,1,Watch,1,True,Customer Complaints,Investigate complaint drivers and service bottlenecks,Customer Complaints | Investigate complaint drivers and service bottlenecks
OUT0438,Franchise Outlet 0438,Franchise,Hyderabad,Telangana,South,1758540.77,416528.47,23.686028615645913,24.0284928415262,3407.0,18.784854710889345,3.626666666666667,9.126666666666667,2.906811057281277,96.96666666666665,5.671119416809421,82.12898118108757,10.43760129659645,1,Watch,1,True,Inventory Wastage,"Review stock handling, demand planning and shelf-life management","Inventory Wastage | Review stock handling, demand planning and shelf-life management"
OUT0427,Franchise Outlet 0427,Franchise,Dehradun,Uttarakhand,North,2080205.02,425076.53,20.43435747501465,19.649495485926714,1850.0,30.81081081081081,3.9133333333333336,8.43,0.7510729613733905,99.23333333333333,6.651882139444306,6.581472168727273,9.988109393579073,1,Watch,1,True,Customer Complaints,Investigate complaint drivers and service bottlenecks,Customer Complaints | Investigate complaint drivers and service bottlenecks
OUT0733,Franchise Outlet 0733,Franchise,Indore,Madhya Pradesh,West,2592272.39,461595.55000000005,17.80659902025188,22.515673594313075,4561.0,12.278009208506905,3.9800000000000004,5.6000000000000005,2.791986359761296,97.2,26.629770049358054,29.922479777945277,20.91728525980912,1,Watch,1,True,Inventory Wastage,"Review stock handling, demand planning and shelf-life management","Inventory Wastage | Review stock handling, demand planning and shelf-life management"
OUT0744,Franchise Outlet 0744,Franchise,Visakhapatnam,Andhra Pradesh,South,2236834.9699999997,506055.41000000003,22.623725790553074,29.41106484235574,2472.0,28.72168284789644,3.28,8.41,0.8025682182985553,99.23333333333333,-0.8160686205149382,42.91657745949092,0.6514657980456072,1,Watch,1,True,Customer Complaints,Investigate complaint drivers and service bottlenecks,Customer Complaints | Investigate complaint drivers and service bottlenecks
OUT0353,Franchise Outlet 0353,Company-Owned,Mysuru,Karnataka,South,3524563.95,535962.22,15.206483060124357,25.6714159626781,2036.0,33.39882121807466,3.643333333333333,7.12,2.3501199040767387,97.60000000000001,12.106409632320942,-1.4553677919173114,16.944284893739216,1,Watch,1,True,Customer Complaints,Investigate complaint drivers and service bottlenecks,Customer Complaints | Investigate complaint drivers and service bottlenecks
OUT0398,Franchise Outlet 0398,Franchise,Jammu,Jammu & Kashmir,North,3130762.3,541097.3200000001,17.28324504226974,32.305882352941175,5492.0,9.468317552804079,4.146666666666667,6.0633333333333335,3.564530289727831,96.33333333333333,30.1568842537824,-7.733174819813645,18.3875835309334,1,Watch,1,True,Inventory Wastage,"Review stock handling, demand planning and shelf-life management","Inventory Wastage | Review stock handling, demand planning and shelf-life management"
OUT0409,Franchise Outlet 0409,Franchise,Chennai,Tamil Nadu,South,2332068.3200000003,556198.1799999999,23.849995097913766,20.90626533616882,1278.0,56.33802816901409,3.22,9.69,0.7763975155279503,99.23333333333333,14.11794205732398,69.17432379171206,8.673469387755102,1,Watch,1,True,Customer Complaints,Investigate complaint drivers and service bottlenecks,Customer Complaints | Investigate complaint drivers and service bottlenecks
OUT0464,Franchise Outlet 0464,Franchise,Nagpur,Maharashtra,West,3017717.99,557625.85,18.47839499409287,18.376268540202968,2354.0,19.11639762107052,3.92,6.713333333333334,0.7169970476592155,99.26666666666667,-1.0366322280331943,-6.3419059324646865,-2.927835051546401,1,Watch,1,True,Customer Complaints,Investigate complaint drivers and service bottlenecks,Customer Complaints | Investigate complaint drivers and service bottlenecks
OUT0544,Franchise Outlet 0544,Franchise,Delhi,Delhi,North,3122266.76,566597.04,18.14697729415023,25.646522846040465,1914.0,29.258098223615466,4.116666666666666,4.5649999999999995,0.3125,99.7,10.36385923382614,21.254623391679914,14.473684210526308,1,Watch,1,True,Customer Complaints,Investigate complaint drivers and service bottlenecks,Customer Complaints | Investigate complaint drivers and service bottlenecks
OUT0451,Franchise Outlet 0451,Franchise,Ludhiana,Punjab,North,3039675.39,602692.2,19.827518490387224,21.29690585911784,5823.0,14.597286622016142,3.3033333333333332,9.336666666666666,3.7043161898462045,96.2,2.6487960072027006,34.26216837656179,5.5464926590538335,1,Watch,1,True,Inventory Wastage,"Review stock handling, demand planning and shelf-life management","Inventory Wastage | Review stock handling, demand planning and shelf-life management"
OUT0246,Franchise Outlet 0246,Company-Owned,Lucknow,Uttar Pradesh,North,2883645.59,605988.55,21.01466810281634,21.847061061441885,2297.0,30.474531998258595,3.795,7.576666666666667,2.1303792074989345,97.8,24.732641393304363,67.55874489713844,15.08016032064127,1,Watch,1,True,Customer Complaints,Investigate complaint drivers and service bottlenecks,Customer Complaints | Investigate complaint drivers and service bottlenecks
OUT0143,Franchise Outlet 0143,Franchise,Mysuru,Karnataka,South,2739031.58,607327.71,22.173081699189463,19.693071126631136,2143.0,46.19692020531964,3.1366666666666667,8.950000000000001,2.190780465540849,97.76666666666667,-5.51038715891101,-1.7402427926164878,-2.5022747952684155,1,Watch,1,True,Customer Complaints,Investigate complaint drivers and service bottlenecks,Customer Complaints | Investigate complaint drivers and service bottlenecks
OUT0477,Franchise Outlet 0477,Company-Owned,Guwahati,Assam,East,3640740.26,624240.2,17.145969100251058,27.1031707077648,2761.0,19.558131111915973,4.196666666666666,6.833333333333333,0.6119510439164867,99.36666666666667,15.833409861166123,73.20058140817322,12.785947712418306,1,Watch,1,True,Customer Complaints,Investigate complaint drivers and service bottlenecks,Customer Complaints | Investigate complaint drivers and service bottlenecks
OUT0268,Franchise Outlet 0268,Franchise,Patna,Bihar,East,4014816.9,631168.44,15.720976964105137,18.82368977032645,5524.0,13.215061549601737,3.043333333333333,9.38,2.5405786873676783,97.39999999999999,7.23011898783282,28.75527245749477,5.581039755351678,1,Watch,1,True,Inventory Wastage,"Review stock handling, demand planning and shelf-life management","Inventory Wastage | Review stock handling, demand planning and shelf-life management"
OUT0400,Franchise Outlet 0400,Franchise,Pune,Maharashtra,West,2277083.76,635156.82,27.893432431312938,27.22149410222805,2077.0,34.66538276360135,4.03,5.843333333333334,2.0283018867924527,97.89999999999999,6.751280704543773,64.21983591430501,8.17708333333334,1,Watch,1,True,Customer Complaints,Investigate complaint drivers and service bottlenecks,Customer Complaints | Investigate complaint drivers and service bottlenecks
OUT0533,Franchise Outlet 0533,Franchise,Mysuru,Karnataka,South,2996088.67,646742.03,21.58621126523602,33.08131143033886,4813.0,10.80407230417619,4.176666666666667,7.3566666666666665,3.8169464428457234,96.03333333333335,19.850364847555444,77.48392882772443,13.540929464496337,1,Watch,1,True,Inventory Wastage,"Review stock handling, demand planning and shelf-life management","Inventory Wastage | Review stock handling, demand planning and shelf-life management"
OUT0159,Franchise Outlet 0159,Franchise,Mumbai,Maharashtra,West,3764782.26,650783.58,17.286088146834818,17.453699640129905,3977.0,13.578073925069148,3.1999999999999997,8.246666666666668,0.624687656171914,99.33333333333333,11.769787567288688,4.879937805336753,16.354593329432433,1,Watch,1,True,Conversion,Improve footfall-to-order conversion,Conversion | Improve footfall-to-order conversion
OUT0458,Franchise Outlet 0458,Company-Owned,Jammu,Jammu & Kashmir,North,2885794.84,674092.4299999999,23.35898660072453,24.2500681756204,3557.0,12.932246274950801,4.31,5.03,3.342391304347826,96.53333333333335,9.804722351197196,119.59675640774634,4.556143445032341,1,Watch,1,True,Inventory Wastage,"Review stock handling, demand planning and shelf-life management","Inventory Wastage | Review stock handling, demand planning and shelf-life management"
OUT0350,Franchise Outlet 0350,Franchise,Coimbatore,Tamil Nadu,South,2828262.0,684096.51,24.18787615857371,20.562993477514592,2995.0,26.043405676126877,3.2566666666666664,8.293333333333335,1.9960732984293195,97.96666666666665,16.422070488078973,81.55334554682352,17.404939239513915,1,Watch,1,True,Customer Complaints,Investigate complaint drivers and service bottlenecks,Customer Complaints | Investigate complaint drivers and service bottlenecks
OUT0155,Franchise Outlet 0155,Franchise,Jaipur,Rajasthan,North,4054966.1,684938.52,16.891350090448352,18.141119495438677,6443.0,11.330125717833306,3.3666666666666667,9.87,1.9628727936701156,98.0,-5.5937031968285655,62.65930851809745,-5.610899501904496,1,Watch,1,True,Employee Turnover,Review staffing stability and retention factors,Employee Turnover | Review staffing stability and retention factors
OUT0651,Franchise Outlet 0651,Franchise,Kochi,Kerala,South,3472124.74,720688.65,20.756415853884327,24.861640965020687,4627.0,12.102874432677762,4.2700000000000005,4.386666666666667,3.6041666666666665,96.26666666666667,11.941197054671122,22.27801160707566,10.640841702534667,1,Watch,1,True,Inventory Wastage,"Review stock handling, demand planning and shelf-life management","Inventory Wastage | Review stock handling, demand planning and shelf-life management"
OUT0446,Franchise Outlet 0446,Franchise,Bhubaneswar,Odisha,East,3863123.0599999996,744807.82,19.279940308191996,28.63991081382386,2569.0,16.738030362008562,3.94,6.91,3.3483822422874345,96.56666666666666,-1.8705785489552331,-3.349714744505425,5.416495691423882,1,Watch,1,True,Inventory Wastage,"Review stock handling, demand planning and shelf-life management","Inventory Wastage | Review stock handling, demand planning and shelf-life management"
OUT0694,Franchise Outlet 0694,Company-Owned,Delhi,Delhi,North,4180358.69,744903.86,17.819137429089846,18.20073393107101,4811.0,10.60070671378092,3.89,4.476666666666667,0.5786319487497417,99.43333333333334,3.330593173569595,-2.141199624967188,7.244761480160509,1,Watch,1,True,Conversion,Improve footfall-to-order conversion,Conversion | Improve footfall-to-order conversion
OUT0376,Franchise Outlet 0376,Franchise,Vadodara,Gujarat,West,4282643.59,745055.19,17.397086036757965,18.55098191501165,5016.0,16.74641148325359,3.03,9.78,2.771855010660981,97.23333333333333,-3.130904596843711,-8.470699218545096,-4.256537507157851,1,Watch,1,True,Inventory Wastage,"Review stock handling, demand planning and shelf-life management","Inventory Wastage | Review stock handling, demand planning and shelf-life management"
OUT0692,Franchise Outlet 0692,Franchise,Amritsar,Punjab,North,3955570.76,771988.34,19.51648413944692,22.23504520100019,3468.0,28.546712802768166,3.143333333333333,6.330000000000001,0.9142857142857144,99.10000000000001,37.86977459418328,311.09829870896147,43.36502687060768,1,Watch,1,True,Customer Complaints,Investigate complaint drivers and service bottlenecks,Customer Complaints | Investigate complaint drivers and service bottlenecks
OUT0450,Franchise Outlet 0450,Franchise,Siliguri,West Bengal,East,3878742.01,789275.8,20.348757353933937,22.30478249121859,3302.0,22.410660205935795,3.2900000000000005,10.049999999999999,1.9887206886316413,97.93333333333334,-0.18800231609088666,36.26702872140559,1.5687480775146108,1,Watch,1,True,Customer Complaints,Investigate complaint drivers and service bottlenecks,Customer Complaints | Investigate complaint drivers and service bottlenecks
OUT0262,Franchise Outlet 0262,Franchise,Vijayawada,Andhra Pradesh,South,4177967.68,796902.12,19.073917776214103,21.22321114884647,7249.0,7.173403228031452,2.9933333333333336,6.989999999999999,0.8751538356351704,99.13333333333333,14.369288434169247,15.278545873433952,16.07686148919137,1,Watch,1,True,Conversion,Improve footfall-to-order conversion,Conversion | Improve footfall-to-order conversion
OUT0244,Franchise Outlet 0244,Franchise,Delhi,Delhi,North,4098361.71,833849.5700000001,20.34592427421444,15.003419193070435,3291.0,16.712245518079612,3.28,5.1933333333333325,0.9033423667570009,99.10000000000001,7.003929804599148,41.95823747721194,7.654563297350343,1,Watch,1,True,Conversion,Improve footfall-to-order conversion,Conversion | Improve footfall-to-order conversion
OUT0502,Franchise Outlet 0502,Franchise,Vijayawada,Andhra Pradesh,South,4632735.49,844582.97,18.23076175670025,19.253988788270807,5358.0,13.251213139231057,2.8466666666666662,9.69,0.4644250417982537,99.53333333333335,7.294817227792935,-9.463853985127543,5.203220106027877,1,Watch,1,True,Employee Turnover,Review staffing stability and retention factors,Employee Turnover | Review staffing stability and retention factors
OUT0635,Franchise Outlet 0635,Franchise,Jaipur,Rajasthan,North,4707296.3,853615.34,18.133877402193697,20.683248426730596,3451.0,21.732831063459866,3.4166666666666665,6.890000000000001,1.960227272727273,97.93333333333334,7.342138004271746,13.512622340864,5.11727078891258,1,Watch,1,True,Customer Complaints,Investigate complaint drivers and service bottlenecks,Customer Complaints | Investigate complaint drivers and service bottlenecks
OUT0163,Franchise Outlet 0163,Franchise,Indore,Madhya Pradesh,West,3953985.3,894984.51,22.634998415396236,21.1079174287954,4039.0,8.913097301312206,4.163333333333333,7.453333333333333,2.8385855184026942,97.06666666666666,3.980646946953804,4.386367762850956,0.29798857710454435,1,Watch,1,True,Inventory Wastage,"Review stock handling, demand planning and shelf-life management","Inventory Wastage | Review stock handling, demand planning and shelf-life management"
OUT0701,Franchise Outlet 0701,Franchise,Ahmedabad,Gujarat,West,5328594.87,921166.4500000001,17.2872299822636,25.207557330700535,5617.0,9.07957984689336,3.77,6.303333333333334,3.121766126250431,96.8,18.741952999890454,10.515475813445484,19.66340008521516,1,Watch,1,True,Inventory Wastage,"Review stock handling, demand planning and shelf-life management","Inventory Wastage | Review stock handling, demand planning and shelf-life management"
OUT0003,Franchise Outlet 0003,Franchise,Chandigarh,Chandigarh,North,5394832.76,936995.6699999999,17.368391416085345,29.996517095257445,10335.0,5.031446540880503,4.493333333333333,6.5633333333333335,2.7660174992943833,97.10000000000001,2.1242908525907813,10.758652282491042,4.162467244507151,1,Watch,1,True,Inventory Wastage,"Review stock handling, demand planning and shelf-life management","Inventory Wastage | Review stock handling, demand planning and shelf-life management"
OUT0638,Franchise Outlet 0638,Franchise,Jammu,Jammu & Kashmir,North,5970194.0600000005,959389.95,16.069661058890265,26.90868472493717,4818.0,15.151515151515152,3.5,7.716666666666666,3.0193236714975846,97.0,11.632202643954011,-9.732630217737265,6.2403528114663676,1,Watch,1,True,Inventory Wastage,"Review stock handling, demand planning and shelf-life management","Inventory Wastage | Review stock handling, demand planning and shelf-life management"
OUT0530,Franchise Outlet 0530,Franchise,Coimbatore,Tamil Nadu,South,5122700.47,970723.44,18.949447575255167,46.794578955382974,3073.0,19.850309144158803,3.6199999999999997,8.066666666666666,1.348314606741573,98.63333333333333,16.26855495782603,-1.295532221222755,13.311209439528016,1,Watch,1,True,Customer Complaints,Investigate complaint drivers and service bottlenecks,Customer Complaints | Investigate complaint drivers and service bottlenecks
OUT0626,Franchise Outlet 0626,Franchise,Bhubaneswar,Odisha,East,5685780.96,981925.48,17.26984361353238,19.5361137127431,7092.0,9.588268471517203,3.266666666666667,8.186666666666667,2.5020621391256532,97.43333333333334,18.954233258881487,46.534319718456054,20.42791645440652,1,Watch,1,True,Inventory Wastage,"Review stock handling, demand planning and shelf-life management","Inventory Wastage | Review stock handling, demand planning and shelf-life management"
OUT0183,Franchise Outlet 0183,Franchise,Chandigarh,Chandigarh,North,4449286.68,990709.77,22.266710177461526,23.940381928272007,4112.0,18.96887159533074,3.1966666666666668,7.016666666666667,2.9959896201934417,96.86666666666667,5.093790802488804,5.877087585264976,5.354855239559319,1,Watch,1,True,Inventory Wastage,"Review stock handling, demand planning and shelf-life management","Inventory Wastage | Review stock handling, demand planning and shelf-life management"
OUT0698,Franchise Outlet 0698,Franchise,Jammu,Jammu & Kashmir,North,5616921.35,1002657.01,17.85065069497546,20.170589633856395,6787.0,7.514365699130691,3.723333333333333,7.07,2.457602759413625,97.5,3.6852550122775973,-9.311934518437564,4.818532818532819,1,Watch,1,True,Inventory Wastage,"Review stock handling, demand planning and shelf-life management","Inventory Wastage | Review stock handling, demand planning and shelf-life management"
OUT0313,Franchise Outlet 0313,Franchise,Indore,Madhya Pradesh,West,5238482.109999999,1005461.16,19.193750000226693,28.299133606931143,3103.0,23.5256203673864,4.156666666666667,5.626666666666668,2.1752837326607817,97.61666666666667,62.166508049830824,89.2986212333932,57.59268664296595,1,Watch,1,True,Customer Complaints,Investigate complaint drivers and service bottlenecks,Customer Complaints | Investigate complaint drivers and service bottlenecks
OUT0736,Franchise Outlet 0736,Franchise,Vadodara,Gujarat,West,5235322.35,1022598.53,19.532675576318624,28.418969538483285,4021.0,11.937329022631188,4.176666666666667,6.426666666666667,2.874396135265701,97.06666666666666,15.004493048835895,38.91015386732824,17.779730521382536,1,Watch,1,True,Inventory Wastage,"Review stock handling, demand planning and shelf-life management","Inventory Wastage | Review stock handling, demand planning and shelf-life management"
OUT0478,Franchise Outlet 0478,Franchise,Patna,Bihar,East,5178122.6899999995,1024042.8,19.776333264131292,20.050984795605597,6607.0,9.686695928560617,3.09,8.666666666666666,3.37818075460661,96.5,-0.23938858389617304,20.87270601100812,0.8240500534106515,1,Watch,1,True,Inventory Wastage,"Review stock handling, demand planning and shelf-life management","Inventory Wastage | Review stock handling, demand planning and shelf-life management"
OUT0197,Franchise Outlet 0197,Franchise,Bengaluru,Karnataka,South,6392033.77,1024997.5800000001,16.03554700869486,16.44918444165621,3933.0,17.289600813628276,3.4,7.82,0.4807692307692308,99.53333333333335,2.0325312374208364,0.9902815098427766,6.067961165048544,1,Watch,1,True,Conversion,Improve footfall-to-order conversion,Conversion | Improve footfall-to-order conversion
OUT0005,Franchise Outlet 0005,Franchise,Jaipur,Rajasthan,North,5408335.74,1041318.9700000001,19.253963142458314,18.350388551204126,4770.0,13.626834381551362,3.223333333333333,9.47,1.7912291537986413,98.13333333333333,-4.0378361142937225,24.613495779876256,-1.608910891089109,1,Watch,1,True,Employee Turnover,Review staffing stability and retention factors,Employee Turnover | Review staffing stability and retention factors
OUT0465,Franchise Outlet 0465,Franchise,Nashik,Maharashtra,West,5209583.51,1089340.17,20.910312079823058,20.129939290659284,3780.0,20.634920634920636,3.3666666666666667,9.32,2.072538860103627,97.86666666666667,2.8560703438714055,36.23202881854593,-0.34273662008963285,1,Watch,1,True,Customer Complaints,Investigate complaint drivers and service bottlenecks,Customer Complaints | Investigate complaint drivers and service bottlenecks
OUT0428,Franchise Outlet 0428,Company-Owned,Jammu,Jammu & Kashmir,North,5515044.529999999,1109514.1,20.117953607892268,20.39983164983165,4847.0,12.997730554982464,3.4899999999999998,8.33,3.407732164208848,96.46666666666665,-6.37472063987064,53.50733303304668,-7.393962552541078,1,Watch,1,True,Inventory Wastage,"Review stock handling, demand planning and shelf-life management","Inventory Wastage | Review stock handling, demand planning and shelf-life management"
OUT0196,Franchise Outlet 0196,Franchise,Vadodara,Gujarat,West,6578058.7,1117509.06,16.988432468685634,29.52913008778931,9250.0,6.378378378378379,3.3200000000000003,7.703333333333333,2.907525978797103,97.0,11.882440504968137,7.665595279839846,1.7713719881175145,1,Watch,1,True,Inventory Wastage,"Review stock handling, demand planning and shelf-life management","Inventory Wastage | Review stock handling, demand planning and shelf-life management"
OUT0257,Franchise Outlet 0257,Franchise,Bengaluru,Karnataka,South,5394198.2,1117793.47,20.722143098116046,30.523084960491087,4674.0,14.33461703038083,3.0533333333333332,10.806666666666667,0.8064516129032258,99.16666666666667,-4.555801433393923,-5.047941046268402,-3.0491599253266957,1,Watch,1,True,Employee Turnover,Review staffing stability and retention factors,Employee Turnover | Review staffing stability and retention factors
OUT0563,Franchise Outlet 0563,Franchise,Mysuru,Karnataka,South,6005103.61,1165021.98,19.400530876102568,27.232572891948404,11591.0,4.8313346561987744,3.9133333333333336,5.3,2.514718250630782,97.46666666666665,18.158597229595678,92.03943166038167,14.332215427105929,1,Watch,1,True,Inventory Wastage,"Review stock handling, demand planning and shelf-life management","Inventory Wastage | Review stock handling, demand planning and shelf-life management"
OUT0623,Franchise Outlet 0623,Company-Owned,Mysuru,Karnataka,South,6802047.54,1185635.33,17.43056517949594,20.820569640878578,6389.0,7.043355767725779,3.736666666666667,7.663333333333334,3.3141646489104115,96.56666666666666,8.964028122768722,0.8138820320221384,7.995267072346173,1,Watch,1,True,Inventory Wastage,"Review stock handling, demand planning and shelf-life management","Inventory Wastage | Review stock handling, demand planning and shelf-life management"
OUT0652,Franchise Outlet 0652,Franchise,Vijayawada,Andhra Pradesh,South,5635708.42,1220804.2,21.661947514310896,17.59801517468194,6100.0,8.360655737704917,3.3966666666666665,6.323333333333333,0.8452535760728219,99.16666666666667,17.41680783559813,19.523004207424382,21.39303482587064,1,Watch,1,True,Conversion,Improve footfall-to-order conversion,Conversion | Improve footfall-to-order conversion
OUT0181,Franchise Outlet 0181,Franchise,Ludhiana,Punjab,North,6697781.14,1234235.5899999999,18.42752941909356,19.79084138805261,7494.0,6.538564184681078,3.69,6.416666666666667,2.8267634854771786,97.03333333333335,0.1865016664021725,32.647209222745424,-2.1287710591615574,1,Watch,1,True,Inventory Wastage,"Review stock handling, demand planning and shelf-life management","Inventory Wastage | Review stock handling, demand planning and shelf-life management"
OUT0656,Franchise Outlet 0656,Franchise,Bhubaneswar,Odisha,East,6768858.6899999995,1265221.94,18.69180607757672,26.546216286986123,10138.0,5.918327086210298,3.8699999999999997,6.196666666666666,3.5761841354384627,96.3,-1.8834840469172733,89.41995038666708,-1.9820168229720496,1,Watch,1,True,Inventory Wastage,"Review stock handling, demand planning and shelf-life management","Inventory Wastage | Review stock handling, demand planning and shelf-life management"
OUT0708,Franchise Outlet 0708,Franchise,Hyderabad,Telangana,South,7111061.75,1314945.0999999999,18.491543826067886,20.35073869403406,7218.0,9.14380714879468,3.546666666666667,9.006666666666666,2.643647154032911,97.33333333333333,14.432717682558527,1.892541979000358,16.73944687045124,1,Watch,1,True,Inventory Wastage,"Review stock handling, demand planning and shelf-life management","Inventory Wastage | Review stock handling, demand planning and shelf-life management"
OUT0123,Franchise Outlet 0123,Company-Owned,Chandigarh,Chandigarh,North,5866302.5600000005,1318909.55,22.4828081489203,22.69357495881384,4408.0,17.92196007259528,3.65,9.193333333333333,3.014301430143014,96.93333333333334,13.020364988169241,36.713446637751005,10.42084168336672,1,Watch,1,True,Inventory Wastage,"Review stock handling, demand planning and shelf-life management","Inventory Wastage | Review stock handling, demand planning and shelf-life management"
OUT0233,Franchise Outlet 0233,Franchise,Mysuru,Karnataka,South,5685771.76,1344816.12,23.65230573377782,33.88429752066116,3444.0,13.64692218350755,4.41,8.216666666666667,2.931228861330327,96.90000000000002,8.509663477815723,79.08109170828799,9.57683741648106,1,Watch,1,True,Inventory Wastage,"Review stock handling, demand planning and shelf-life management","Inventory Wastage | Review stock handling, demand planning and shelf-life management"
OUT0506,Franchise Outlet 0506,Franchise,Bhubaneswar,Odisha,East,7280939.25,1379254.56,18.94336036384317,32.17226092463585,5588.0,8.052970651395848,4.176666666666667,4.853333333333333,3.4220532319391634,96.39999999999999,13.486940256300809,58.911488304602486,10.456611978651917,1,Watch,1,True,Inventory Wastage,"Review stock handling, demand planning and shelf-life management","Inventory Wastage | Review stock handling, demand planning and shelf-life management"
OUT0531,Franchise Outlet 0531,Franchise,Kochi,Kerala,South,8289261.08,1403475.54,16.931250282202477,29.299953639313863,13272.0,3.6166365280289328,4.096666666666667,9.086666666666668,3.3216783216783217,96.60000000000001,15.844897525949428,3.8113920279982434,17.586604057765566,1,Watch,1,True,Inventory Wastage,"Review stock handling, demand planning and shelf-life management","Inventory Wastage | Review stock handling, demand planning and shelf-life management"
OUT0026,Franchise Outlet 0026,Franchise,Bhubaneswar,Odisha,East,8359680.18,1405729.8399999999,16.81559353625894,27.78576125873785,11408.0,5.434782608695652,3.6999999999999997,5.663333333333334,2.6205719163465644,97.3,4.867191734872632,2.334659234383675,14.74552403942868,1,Watch,1,True,Inventory Wastage,"Review stock handling, demand planning and shelf-life management","Inventory Wastage | Review stock handling, demand planning and shelf-life management"
OUT0153,Franchise Outlet 0153,Franchise,Chandigarh,Chandigarh,North,7784777.11,1414935.0699999998,18.175665789871275,27.823721436343853,5114.0,11.145874071177161,4.293333333333333,5.8133333333333335,3.0337504740235115,96.93333333333334,5.8855215008115085,8.760581026146488,8.049862666384957,1,Watch,1,True,Inventory Wastage,"Review stock handling, demand planning and shelf-life management","Inventory Wastage | Review stock handling, demand planning and shelf-life management"
OUT0721,Franchise Outlet 0721,Franchise,Ludhiana,Punjab,North,7720700.75,1415138.5899999999,18.32914700132627,29.248046875,8386.0,7.393274505127593,3.7133333333333334,7.28,3.708806981283729,96.16666666666667,23.578177243654928,17.659565707945145,14.625478403499192,1,Watch,1,True,Inventory Wastage,"Review stock handling, demand planning and shelf-life management","Inventory Wastage | Review stock handling, demand planning and shelf-life management"
OUT0139,Franchise Outlet 0139,Franchise,Chennai,Tamil Nadu,South,9372834.03,1465109.63,15.631447492941469,14.460397820012727,5227.0,13.00937440214272,3.495,9.05,0.7217473884140551,99.26666666666667,12.749919273754381,-9.48324092696237,12.748058671268335,1,Watch,1,True,Conversion,Improve footfall-to-order conversion,Conversion | Improve footfall-to-order conversion
OUT0711,Franchise Outlet 0711,Franchise,Kochi,Kerala,South,8972990.42,1531993.17,17.07338466098574,39.20822842449242,7319.0,10.793824292936193,3.24,8.596666666666666,3.1493979092232367,96.73333333333333,7.351151242727583,-5.4223614476021735,7.34819595189205,1,Watch,1,True,Inventory Wastage,"Review stock handling, demand planning and shelf-life management","Inventory Wastage | Review stock handling, demand planning and shelf-life management"
OUT0218,Franchise Outlet 0218,Franchise,Jammu,Jammu & Kashmir,North,7744968.8100000005,1542270.41,19.913190715612448,20.92599343784178,5740.0,11.846689895470384,3.67,6.903333333333333,3.1550531466171754,96.76666666666667,6.461734686050785,18.135244693019096,3.666245259165605,1,Watch,1,True,Inventory Wastage,"Review stock handling, demand planning and shelf-life management","Inventory Wastage | Review stock handling, demand planning and shelf-life management"
OUT0308,Franchise Outlet 0308,Franchise,Jammu,Jammu & Kashmir,North,8986626.76,1546415.8699999999,17.20796814309889,18.443362686648797,6744.0,9.489916963226573,3.516666666666667,9.393333333333333,3.1730078966259874,96.7,8.434571663450662,14.328747979906634,10.484927916120572,1,Watch,1,True,Inventory Wastage,"Review stock handling, demand planning and shelf-life management","Inventory Wastage | Review stock handling, demand planning and shelf-life management"
OUT0097,Franchise Outlet 0097,Franchise,Dehradun,Uttarakhand,North,8136245.3100000005,1548396.9,19.030853188471525,14.979396652591953,5889.0,10.528103243335032,3.393333333333333,6.826666666666667,0.7248819959541469,99.3,4.8512026327435995,7.644310978085045,3.6795774647887365,1,Watch,1,True,Conversion,Improve footfall-to-order conversion,Conversion | Improve footfall-to-order conversion
OUT0631,Franchise Outlet 0631,Franchise,Ludhiana,Punjab,North,5449442.1899999995,1549068.6800000002,28.426187965487905,38.10577561407391,5166.0,12.001548586914442,3.533333333333333,6.796666666666667,3.1314457153572097,96.76666666666667,-0.13364860024430578,114.61347388668833,-0.5964979796036132,1,Watch,1,True,Inventory Wastage,"Review stock handling, demand planning and shelf-life management","Inventory Wastage | Review stock handling, demand planning and shelf-life management"
OUT0088,Franchise Outlet 0088,Franchise,Patna,Bihar,East,7357213.84,1578915.76,21.46078385564501,17.001828153564897,4650.0,17.63440860215054,3.1466666666666665,10.036666666666667,2.3314429741650917,97.60000000000001,15.059613777919623,10.56188650853353,15.527950310559,1,Watch,1,True,Employee Turnover,Review staffing stability and retention factors,Employee Turnover | Review staffing stability and retention factors
OUT0311,Franchise Outlet 0311,Franchise,Ahmedabad,Gujarat,West,7414840.3100000005,1592789.7999999998,21.48110725799299,32.54770558836893,5731.0,8.898970511254582,4.223333333333334,4.926666666666667,3.437236731255265,96.46666666666665,18.190594875623006,69.29911577315902,20.071234024722393,1,Watch,1,True,Inventory Wastage,"Review stock handling, demand planning and shelf-life management","Inventory Wastage | Review stock handling, demand planning and shelf-life management"
OUT0433,Franchise Outlet 0433,Franchise,Indore,Madhya Pradesh,West,6295995.1,1641880.6400000001,26.078175314971265,30.447706589838567,13316.0,4.35566236106939,3.9066666666666663,6.359999999999999,2.6750475076743165,97.26666666666667,1.1814159273760152,35.62202865391316,-1.0110020814748668,1,Watch,1,True,Inventory Wastage,"Review stock handling, demand planning and shelf-life management","Inventory Wastage | Review stock handling, demand planning and shelf-life management"
OUT0661,Franchise Outlet 0661,Franchise,Ludhiana,Punjab,North,7358856.630000001,1649884.05,22.420385841923924,21.39432608774017,5935.0,13.310867733782645,3.0366666666666666,8.946666666666667,3.7463509568602014,95.93333333333334,5.751255322681582,210.07108362330928,5.812087716170431,1,Watch,1,True,Inventory Wastage,"Review stock handling, demand planning and shelf-life management","Inventory Wastage | Review stock handling, demand planning and shelf-life management"
OUT0178,Franchise Outlet 0178,Franchise,Patna,Bihar,East,9029560.44,1652114.1199999999,18.29672807417412,22.57694459988808,8069.0,5.576899244020325,4.333333333333333,6.386666666666667,2.5718425501086695,97.36666666666667,6.512424229869383,20.443559781669272,-0.8722358722358834,1,Watch,1,True,Inventory Wastage,"Review stock handling, demand planning and shelf-life management","Inventory Wastage | Review stock handling, demand planning and shelf-life management"
OUT0441,Franchise Outlet 0441,Franchise,Kochi,Kerala,South,10214056.52,1689294.5,16.53891866265099,31.818383757608064,7162.0,8.51717397375035,3.8533333333333335,6.956666666666667,3.1769636339056375,96.7,23.50289011426705,29.053658276320633,15.553404323975483,1,Watch,1,True,Inventory Wastage,"Review stock handling, demand planning and shelf-life management","Inventory Wastage | Review stock handling, demand planning and shelf-life management"
OUT0437,Franchise Outlet 0437,Franchise,Bengaluru,Karnataka,South,6581174.65,1697921.88,25.79967817751197,25.62728587224632,6026.0,12.94390972452705,2.9133333333333336,8.373333333333333,0.6430338004946414,99.33333333333333,9.21022156518092,97.58252361984904,11.283471837488463,1,Watch,1,True,Customer Satisfaction,Review service quality and customer experience,Customer Satisfaction | Review service quality and customer experience
OUT0612,Franchise Outlet 0612,Franchise,Surat,Gujarat,West,7668888.5,1744462.02,22.747260179881348,17.81389420012747,4472.0,12.522361359570663,3.546666666666667,7.243333333333333,0.8645533141210375,99.13333333333333,6.7556207689822525,21.404903493875338,8.254659888646822,1,Watch,1,True,Conversion,Improve footfall-to-order conversion,Conversion | Improve footfall-to-order conversion
OUT0108,Franchise Outlet 0108,Franchise,Hyderabad,Telangana,South,11103424.91,1783200.1199999999,16.059910653279683,20.26786405512116,7854.0,9.294626941685765,3.466666666666667,6.169999999999999,3.2758620689655173,96.56666666666666,8.708168031297339,54.001199088214825,7.456560404980155,1,Watch,1,True,Inventory Wastage,"Review stock handling, demand planning and shelf-life management","Inventory Wastage | Review stock handling, demand planning and shelf-life management"
OUT0140,Franchise Outlet 0140,Franchise,Coimbatore,Tamil Nadu,South,10043546.68,1848328.1300000001,18.403141727619275,32.22875015850205,7625.0,8.655737704918032,3.91,10.22,1.7523515010952198,98.16666666666667,-0.43898752863723856,10.241304899362639,-0.9225571725571844,1,Watch,1,True,Employee Turnover,Review staffing stability and retention factors,Employee Turnover | Review staffing stability and retention factors
OUT0221,Franchise Outlet 0221,Franchise,Ahmedabad,Gujarat,West,11370445.92,1854940.72,16.31370249725439,29.614048629872634,7673.0,9.122898475172683,3.48,5.076666666666667,2.9962073324905183,96.93333333333334,23.812271818753267,3.9921426295742073,18.264488286066584,1,Watch,1,True,Inventory Wastage,"Review stock handling, demand planning and shelf-life management","Inventory Wastage | Review stock handling, demand planning and shelf-life management"
OUT0536,Franchise Outlet 0536,Franchise,Bhubaneswar,Odisha,East,8113392.18,1859647.87,22.920719579957492,23.365222876366694,8890.0,5.736782902137233,3.6966666666666668,10.286666666666667,1.8547140649149922,98.10000000000001,13.162512709472526,40.87952743089623,15.845712796455569,1,Watch,1,True,Employee Turnover,Review staffing stability and retention factors,Employee Turnover | Review staffing stability and retention factors
OUT0253,Franchise Outlet 0253,Franchise,Indore,Madhya Pradesh,West,9951644.85,1911102.3800000001,19.20388447141982,19.159463313833346,6583.0,11.39298192313535,3.14,8.986666666666666,3.2765207170143995,96.66666666666667,4.900471935731622,-3.920714211225771,-0.21221767470061462,1,Watch,1,True,Inventory Wastage,"Review stock handling, demand planning and shelf-life management","Inventory Wastage | Review stock handling, demand planning and shelf-life management"
OUT0666,Franchise Outlet 0666,Franchise,Lucknow,Uttar Pradesh,North,11251900.49,2060795.9900000002,18.315092564420645,22.637417336272488,6367.0,11.622428145123292,3.103333333333333,8.370000000000001,2.942073170731707,96.93333333333334,10.179392438000244,119.79569199818722,8.72609289617487,1,Watch,1,True,Inventory Wastage,"Review stock handling, demand planning and shelf-life management","Inventory Wastage | Review stock handling, demand planning and shelf-life management"
OUT0361,Franchise Outlet 0361,Franchise,Ludhiana,Punjab,North,9707263.01,2085991.24,21.488974161420195,31.210301922909593,10761.0,5.203977325527368,3.8266666666666667,6.25,3.3414174077068175,96.5,7.5451219940108185,58.33574797628075,8.784876668014551,1,Watch,1,True,Inventory Wastage,"Review stock handling, demand planning and shelf-life management","Inventory Wastage | Review stock handling, demand planning and shelf-life management"
OUT0611,Franchise Outlet 0611,Franchise,Ahmedabad,Gujarat,West,8317365.8100000005,2114662.88,25.424670842991333,27.744185392468427,9865.0,6.690319310694374,3.34,8.113333333333333,2.7887268427276313,97.13333333333333,8.870327056372629,71.19332390176241,7.943976365028996,1,Watch,1,True,Inventory Wastage,"Review stock handling, demand planning and shelf-life management","Inventory Wastage | Review stock handling, demand planning and shelf-life management"
OUT0718,Franchise Outlet 0718,Franchise,Patna,Bihar,East,12895933.37,2129814.0999999996,16.515393177779732,23.575064674956188,8475.0,6.843657817109144,3.546666666666667,6.286666666666666,3.0985593414132175,96.63333333333333,4.238331354516465,68.46143320197991,4.78486646884273,1,Watch,1,True,Inventory Wastage,"Review stock handling, demand planning and shelf-life management","Inventory Wastage | Review stock handling, demand planning and shelf-life management"
OUT0591,Franchise Outlet 0591,Franchise,Kochi,Kerala,South,9278290.69,2165541.01,23.33987026655661,23.801543131798635,7527.0,9.4327089145742,3.486666666666667,8.700000000000001,4.004591251115929,95.86666666666667,-4.009340995174326,-2.912004564085029,1.0199973157965436,1,Watch,1,True,Inventory Wastage,"Review stock handling, demand planning and shelf-life management","Inventory Wastage | Review stock handling, demand planning and shelf-life management"
OUT0346,Franchise Outlet 0346,Franchise,Vadodara,Gujarat,West,11075891.36,2215066.3,19.99898904750543,28.048028557520688,8643.0,8.793243086891126,3.4766666666666666,7.976666666666667,2.701789935832489,97.26666666666667,15.245562087732148,11.370300898462418,5.338208409506398,1,Watch,1,True,Inventory Wastage,"Review stock handling, demand planning and shelf-life management","Inventory Wastage | Review stock handling, demand planning and shelf-life management"
OUT0171,Franchise Outlet 0171,Franchise,Kochi,Kerala,South,8738027.290000001,2246737.88,25.712186577526698,27.163728270250274,8813.0,6.1273119255645065,3.9033333333333338,7.489999999999999,4.123150565709312,95.7,-1.9122760580093716,96.43141879242657,0.29589165813132523,1,Watch,1,True,Inventory Wastage,"Review stock handling, demand planning and shelf-life management","Inventory Wastage | Review stock handling, demand planning and shelf-life management"
OUT0671,Franchise Outlet 0671,Company-Owned,Ahmedabad,Gujarat,West,10088175.2,2265822.25,22.460179418771396,24.50047573739296,7725.0,7.6375404530744335,3.4266666666666663,9.156666666666666,2.5113579000504793,97.43333333333334,4.574813093001538,-8.121819231263878,4.930725346373268,1,Watch,1,True,Inventory Wastage,"Review stock handling, demand planning and shelf-life management","Inventory Wastage | Review stock handling, demand planning and shelf-life management"
OUT0276,Franchise Outlet 0276,Franchise,Lucknow,Uttar Pradesh,North,13351039.540000001,2285730.44,17.120243207668608,28.113977727578966,7094.0,5.63856780377784,3.953333333333333,5.07,3.2064401691908855,96.73333333333335,4.768829294706124,19.17787766031596,-0.6581711244923807,1,Watch,1,True,Inventory Wastage,"Review stock handling, demand planning and shelf-life management","Inventory Wastage | Review stock handling, demand planning and shelf-life management"
OUT0693,Franchise Outlet 0693,Franchise,Chandigarh,Chandigarh,North,13805873.24,2362642.41,17.11331379716478,48.7145192450587,9834.0,4.779336994102095,3.856666666666667,6.14,2.8260869565217392,97.16666666666667,11.058667474420094,27.874059291310616,11.382942575603126,1,Watch,1,True,Inventory Wastage,"Review stock handling, demand planning and shelf-life management","Inventory Wastage | Review stock handling, demand planning and shelf-life management"
OUT0641,Franchise Outlet 0641,Franchise,Ahmedabad,Gujarat,West,13341406.46,2403600.68,18.016096632738375,39.516508816911724,7552.0,6.091101694915254,4.203333333333333,6.016666666666667,2.5296850800206503,97.33333333333333,19.287880364465764,1.9461197435048903,16.27405696689762,1,Watch,1,True,Inventory Wastage,"Review stock handling, demand planning and shelf-life management","Inventory Wastage | Review stock handling, demand planning and shelf-life management"
OUT0581,Franchise Outlet 0581,Franchise,Ahmedabad,Gujarat,West,11659844.01,2410391.83,20.672590713329793,21.933397220891234,7324.0,8.192244675040962,3.9666666666666663,7.286666666666666,2.606382978723404,97.26666666666667,1.6706031591913502,-4.665949565284514,3.8865248226950424,1,Watch,1,True,Inventory Wastage,"Review stock handling, demand planning and shelf-life management","Inventory Wastage | Review stock handling, demand planning and shelf-life management"
OUT0386,Franchise Outlet 0386,Franchise,Bhubaneswar,Odisha,East,12066269.59,2429056.9699999997,20.13096882911597,30.05941812844732,12698.0,4.488895889116397,4.16,6.62,2.63016639828234,97.33333333333333,22.27986521488694,7.693399197644905,20.577343082328365,1,Watch,1,True,Inventory Wastage,"Review stock handling, demand planning and shelf-life management","Inventory Wastage | Review stock handling, demand planning and shelf-life management"
OUT0716,Franchise Outlet 0716,Franchise,Bhubaneswar,Odisha,East,13314068.620000001,2461345.35,18.486800843903115,42.26732642062466,13411.0,4.7722019237939,4.053333333333334,4.346666666666667,3.015620480185132,96.89999999999999,12.778474540752727,10.901872710308618,16.21317157712305,1,Watch,1,True,Inventory Wastage,"Review stock handling, demand planning and shelf-life management","Inventory Wastage | Review stock handling, demand planning and shelf-life management"
OUT0051,Franchise Outlet 0051,Franchise,Kochi,Kerala,South,10892674.5,2482672.15,22.79212648831102,22.362571831291337,8250.0,6.181818181818182,3.276666666666667,6.646666666666667,2.929756441934345,97.0,8.993241340568925,28.328960991962198,7.885445272655943,1,Watch,1,True,Inventory Wastage,"Review stock handling, demand planning and shelf-life management","Inventory Wastage | Review stock handling, demand planning and shelf-life management"
OUT0513,Franchise Outlet 0513,Franchise,Chandigarh,Chandigarh,North,10917966.5,2489939.21,22.805887982894983,21.901850362027353,6806.0,8.228034087569792,3.973333333333333,5.0,3.241398919533694,96.7,11.484690350087599,156.36625830849022,15.005069280162205,1,Watch,1,True,Inventory Wastage,"Review stock handling, demand planning and shelf-life management","Inventory Wastage | Review stock handling, demand planning and shelf-life management"
OUT0413,Franchise Outlet 0413,Franchise,Mysuru,Karnataka,South,11445320.73,2528200.14,22.08937783082991,30.83874854757499,7166.0,8.651967624895338,4.1000000000000005,7.28,2.476864452912357,97.46666666666665,-8.309062446259757,12.203093143798018,-2.7019687712152134,1,Watch,1,True,Inventory Wastage,"Review stock handling, demand planning and shelf-life management","Inventory Wastage | Review stock handling, demand planning and shelf-life management"
OUT0033,Franchise Outlet 0033,Franchise,Chandigarh,Chandigarh,North,14497218.29,2530909.21,17.457895434642033,27.62699233117773,11492.0,5.743125652627915,4.036666666666666,7.073333333333333,4.001336563361456,95.86666666666667,11.179602289425402,6.724280757437609,12.63353915515044,1,Watch,1,True,Inventory Wastage,"Review stock handling, demand planning and shelf-life management","Inventory Wastage | Review stock handling, demand planning and shelf-life management"
OUT0456,Franchise Outlet 0456,Franchise,Lucknow,Uttar Pradesh,North,9288077.33,2541471.7199999997,27.362732131774788,27.78717426826821,9693.0,5.674197874754977,3.983333333333333,7.196666666666666,3.619369593318087,96.2,18.41889209798128,97.49129260798686,16.30669546436285,1,Watch,1,True,Inventory Wastage,"Review stock handling, demand planning and shelf-life management","Inventory Wastage | Review stock handling, demand planning and shelf-life management"
OUT0526,Franchise Outlet 0526,Franchise,Vadodara,Gujarat,West,9420523.81,2616915.0300000003,27.778869655019744,18.766102639091987,5390.0,10.760667903525047,3.35,9.306666666666667,3.353057199211045,96.56666666666666,10.922737136696657,15.614248315500515,14.778534923339024,1,Watch,1,True,Inventory Wastage,"Review stock handling, demand planning and shelf-life management","Inventory Wastage | Review stock handling, demand planning and shelf-life management"
OUT0423,Franchise Outlet 0423,Franchise,Chandigarh,Chandigarh,North,13156200.54,2707510.18,20.579727192270365,23.984455813693422,8579.0,7.110385825853829,3.563333333333333,5.853333333333334,3.029275460608116,96.89999999999999,10.036845764613508,-4.651024537352916,8.953517907035815,1,Watch,1,True,Inventory Wastage,"Review stock handling, demand planning and shelf-life management","Inventory Wastage | Review stock handling, demand planning and shelf-life management"
OUT0608,Franchise Outlet 0608,Franchise,Jammu,Jammu & Kashmir,North,14743982.59,2731314.99,18.52494720017165,39.42183179925104,11264.0,5.681818181818182,3.686666666666667,5.226666666666667,3.213610586011342,96.7,8.258074363924807,-8.603958951065241,5.725549089543824,1,Watch,1,True,Inventory Wastage,"Review stock handling, demand planning and shelf-life management","Inventory Wastage | Review stock handling, demand planning and shelf-life management"
OUT0203,Franchise Outlet 0203,Franchise,Mysuru,Karnataka,South,15094124.8,2906172.49,19.253666764435394,23.642090045435772,9158.0,6.224066390041493,4.04,6.473333333333334,4.1949994769327335,95.63333333333333,5.30232431046146,46.502998989441394,3.95005675368899,1,Watch,1,True,Inventory Wastage,"Review stock handling, demand planning and shelf-life management","Inventory Wastage | Review stock handling, demand planning and shelf-life management"
OUT0521,Franchise Outlet 0521,Company-Owned,Ahmedabad,Gujarat,West,16454247.24,2977632.9299999997,18.096439700756555,28.35082501644314,9914.0,6.455517450070608,3.99,7.5633333333333335,3.457006524491187,96.46666666666665,12.30320358823533,37.44373932273683,11.88353458977542,1,Watch,1,True,Inventory Wastage,"Review stock handling, demand planning and shelf-life management","Inventory Wastage | Review stock handling, demand planning and shelf-life management"
OUT0179,Franchise Outlet 0179,Franchise,Ranchi,Jharkhand,East,12873782.02,3059446.43,23.764938890894786,16.520175111141278,4868.0,12.325390304026294,3.28,8.36,0.850436534472742,99.13333333333333,22.411945440203315,49.675976047549845,-24.81853281853282,1,Watch,1,True,Conversion,Improve footfall-to-order conversion,Conversion | Improve footfall-to-order conversion
OUT0158,Franchise Outlet 0158,Franchise,Jammu,Jammu & Kashmir,North,14313180.54,3097531.29,21.64111101193446,27.54409769335143,10353.0,4.539746933256061,4.193333333333333,5.8999999999999995,3.3604032483898068,96.43333333333334,13.867227709162142,59.19402751363057,8.057614027763286,1,Watch,1,True,Inventory Wastage,"Review stock handling, demand planning and shelf-life management","Inventory Wastage | Review stock handling, demand planning and shelf-life management"
OUT0118,Franchise Outlet 0118,Franchise,Patna,Bihar,East,13755560.59,3192737.9299999997,23.210525729653302,29.13105661562075,8351.0,6.945276014848521,3.92,7.093333333333334,3.7126715092816784,96.23333333333333,10.267745765563863,73.63849245596292,12.744700958552716,1,Watch,1,True,Inventory Wastage,"Review stock handling, demand planning and shelf-life management","Inventory Wastage | Review stock handling, demand planning and shelf-life management"
OUT0021,Franchise Outlet 0021,Franchise,Kochi,Kerala,South,14754611.4,3233415.54,21.914609963905928,36.4689771410513,13848.0,3.105141536683998,4.033333333333334,7.116666666666667,2.568071483852811,97.33333333333333,11.285268448497094,119.52880399396295,9.49632323871273,1,Watch,1,True,Inventory Wastage,"Review stock handling, demand planning and shelf-life management","Inventory Wastage | Review stock handling, demand planning and shelf-life management"
OUT0748,Franchise Outlet 0748,Franchise,Patna,Bihar,East,14111239.34,3831587.89,27.15273830795928,26.232501521606817,10344.0,4.447022428460944,3.4433333333333334,9.03,2.580523639103409,97.3,6.267590763681895,55.9105353581297,6.9478908188585615,1,Watch,1,True,Inventory Wastage,"Review stock handling, demand planning and shelf-life management","Inventory Wastage | Review stock handling, demand planning and shelf-life management"
OUT0116,Franchise Outlet 0116,Franchise,Bhubaneswar,Odisha,East,17598996.02,4216065.79,23.956285831355057,23.27572956237237,10600.0,5.471698113207547,4.003333333333334,6.053333333333334,3.3904484141450966,96.46666666666665,19.812523551354424,72.76511122031242,16.97197086735821,1,Watch,1,True,Inventory Wastage,"Review stock handling, demand planning and shelf-life management","Inventory Wastage | Review stock handling, demand planning and shelf-life management"
OUT0345,Franchise Outlet 0345,Franchise,Nashik,Maharashtra,West,1589589.29,246149.65000000002,15.4851099934122,20.966995171638338,3170.0,18.61198738170347,3.2399999999999998,6.336666666666666,1.6749379652605458,98.26666666666667,2.201512303248964,12.468196790701867,3.324641460234692,0,Low,0,,No Major Issue,Continue monitoring,No Major Issue | Continue monitoring
OUT0322,Franchise Outlet 0322,Franchise,Vijayawada,Andhra Pradesh,South,2084885.5499999998,325725.97000000003,15.623206271442577,31.211180124223603,4221.0,9.476427386875148,4.406666666666666,5.896666666666667,0.729068673565381,99.26666666666667,5.546267761614981,37.46230216523217,3.532008830022075,0,Low,0,,No Major Issue,Continue monitoring,No Major Issue | Continue monitoring
OUT0200,Franchise Outlet 0200,Franchise,Coimbatore,Tamil Nadu,South,1887018.33,330443.83999999997,17.511427141250927,24.934312470524826,3701.0,12.429073223453122,4.206666666666667,5.633333333333333,2.374043787918755,97.56666666666666,10.768982682714542,22.98611918803456,15.331879090059209,0,Low,0,,No Major Issue,Continue monitoring,No Major Issue | Continue monitoring
OUT0523,Franchise Outlet 0523,Franchise,Indore,Madhya Pradesh,West,2235601.23,431298.03,19.292261258954486,29.317114481484335,3808.0,14.968487394957984,4.13,6.023333333333333,1.90623390005152,98.03333333333335,4.162442311040355,-4.928143710330928,-2.7579162410623086,0,Low,0,,No Major Issue,Continue monitoring,No Major Issue | Continue monitoring
OUT0485,Franchise Outlet 0485,Franchise,Jaipur,Rajasthan,North,2635760.65,478093.94999999995,18.138746778847313,27.54325259515571,3582.0,17.308766052484646,3.4599999999999995,6.079999999999999,2.2913256955810146,97.63333333333333,13.074137754678484,8.102887665682026,17.020581509310677,0,Low,0,,No Major Issue,Continue monitoring,No Major Issue | Continue monitoring
OUT0402,Franchise Outlet 0402,Franchise,Surat,Gujarat,West,3080790.13,478478.26,15.53102417917705,18.91216178676593,3404.0,18.507638072855464,3.4633333333333334,6.34,0.4387247733255338,99.56666666666666,16.80453605544988,2.9394030912827187,21.658327376697653,0,Low,0,,No Major Issue,Continue monitoring,No Major Issue | Continue monitoring
OUT0174,Franchise Outlet 0174,Franchise,Visakhapatnam,Andhra Pradesh,South,2936566.05,522416.76,17.790056518565283,20.091814445966456,5427.0,12.898470609913396,3.1466666666666665,9.996666666666668,0.7679648930334613,99.2,-6.613568629749161,-2.6798345468685367,-4.872918492550398,0,Low,0,,No Major Issue,Continue monitoring,No Major Issue | Continue monitoring
OUT0524,Franchise Outlet 0524,Franchise,Nagpur,Maharashtra,West,3113102.8,526000.85,16.89635337451754,20.732849449777568,3542.0,15.527950310559007,3.2466666666666666,9.033333333333333,0.8398656215005599,99.13333333333333,9.074027334611271,30.10463858894376,11.34863250550143,0,Low,0,,No Major Issue,Continue monitoring,No Major Issue | Continue monitoring
OUT0603,Franchise Outlet 0603,Company-Owned,Chandigarh,Chandigarh,North,2644125.91,544341.5800000001,20.58682523178331,34.816821465428276,2699.0,16.67284179325676,3.9133333333333336,8.44,1.961496549219034,98.0,3.2238457528472773,157.75778651510302,3.0152671755725104,0,Low,0,,No Major Issue,Continue monitoring,No Major Issue | Continue monitoring
OUT0229,Franchise Outlet 0229,Franchise,Chennai,Tamil Nadu,South,2487718.54,550586.8200000001,22.132199087120203,22.552774561325375,2532.0,18.167456556082147,3.2266666666666666,7.296666666666667,0.6669282071400549,99.33333333333333,9.11625836405722,27.759203082778562,11.591009255178488,0,Low,0,,No Major Issue,Continue monitoring,No Major Issue | Continue monitoring
OUT0664,Franchise Outlet 0664,Franchise,Delhi,Delhi,North,3124710.2199999997,573057.09,18.33952749704899,24.176430893810195,3941.0,14.717076884039583,4.33,6.883333333333333,0.7804632426988922,99.23333333333333,9.60185697425706,-6.215583688950348,11.170662905500704,0,Low,0,,No Major Issue,Continue monitoring,No Major Issue | Continue monitoring
OUT0146,Franchise Outlet 0146,Franchise,Bhubaneswar,Odisha,East,3389232.12,614608.14,18.134141252030858,26.536346009259624,6706.0,11.184014315538324,3.0366666666666666,7.39,2.4013971765390774,97.46666666666665,5.435964825549081,36.011171799950795,7.056194125159649,0,Low,0,,No Major Issue,Continue monitoring,No Major Issue | Continue monitoring
OUT0517,Franchise Outlet 0517,Franchise,Dehradun,Uttarakhand,North,3220220.64,634679.76,19.709201044062617,19.130649848512952,6188.0,9.696186166774403,3.93,7.086666666666666,0.9603072983354672,99.03333333333335,-2.8032912220923536,-6.5154408363945855,6.396148555708378,0,Low,0,,No Major Issue,Continue monitoring,No Major Issue | Continue monitoring
OUT0639,Franchise Outlet 0639,Franchise,Mumbai,Maharashtra,West,3977708.8899999997,650698.48,16.3586249772039,26.569767441860463,4113.0,13.858497447118891,3.9433333333333334,7.156666666666666,0.7001448575567359,99.3,-7.996216096391128,-9.10865286249187,-3.5412757973733533,0,Low,0,,No Major Issue,Continue monitoring,No Major Issue | Continue monitoring
OUT0064,Franchise Outlet 0064,Franchise,Delhi,Delhi,North,3408013.2800000003,656638.43,19.267484485858578,21.05765367617517,4193.0,16.217505366086336,3.776666666666667,7.28,0.8043529690087533,99.16666666666667,8.596272147952929,73.18013651999192,9.306569343065693,0,Low,0,,No Major Issue,Continue monitoring,No Major Issue | Continue monitoring
OUT0709,Franchise Outlet 0709,Franchise,Chennai,Tamil Nadu,South,3158775.77,657958.3999999999,20.82953802067438,20.04615891856248,6080.0,8.05921052631579,3.58,7.383333333333333,0.5072819505809196,99.5,10.82847407433594,17.462813483305567,14.307200601616849,0,Low,0,,No Major Issue,Continue monitoring,No Major Issue | Continue monitoring
OUT0274,Franchise Outlet 0274,Franchise,Delhi,Delhi,North,2758501.96,658398.53,23.867973978166034,19.816963751644934,3313.0,17.2049501961968,3.8233333333333337,6.796666666666667,0.719208870242733,99.3,2.67633216341953,57.55906246500891,4.346456692913386,0,Low,0,,No Major Issue,Continue monitoring,No Major Issue | Continue monitoring
OUT0060,Franchise Outlet 0060,Franchise,Siliguri,West Bengal,East,3892369.58,676872.46,17.389727416377557,20.028237192416295,5958.0,9.399127223900638,3.4466666666666668,9.243333333333334,1.4392059553349876,98.56666666666666,11.056811426916491,32.6142094510855,70.17994858611826,0,Low,0,,No Major Issue,Continue monitoring,No Major Issue | Continue monitoring
OUT0237,Franchise Outlet 0237,Franchise,Guwahati,Assam,East,3039945.1,680229.27,22.376366928468546,20.858538478957072,6448.0,10.545905707196031,3.263333333333333,6.526666666666666,0.7236335642802155,99.26666666666667,25.896999708911768,85.26270793836424,20.523364485981322,0,Low,0,,No Major Issue,Continue monitoring,No Major Issue | Continue monitoring
OUT0075,Franchise Outlet 0075,Franchise,Nashik,Maharashtra,West,3172772.65,685642.75,21.610207400142585,21.07715112585586,2986.0,19.089082384460816,3.3699999999999997,7.635,2.098360655737705,97.83333333333333,0.9309535568073412,11.50698918691964,1.8764926646195876,0,Low,0,,No Major Issue,Continue monitoring,No Major Issue | Continue monitoring
OUT0729,Franchise Outlet 0729,Franchise,Mumbai,Maharashtra,West,3312198.83,699777.0700000001,21.12726638454854,19.099341948783003,4818.0,15.774180157741801,3.3266666666666667,9.3,0.8641975308641975,99.16666666666667,8.942906364765747,6.384879996644474,8.930590097219088,0,Low,0,,No Major Issue,Continue monitoring,No Major Issue | Continue monitoring
OUT0447,Franchise Outlet 0447,Franchise,Guwahati,Assam,East,2486880.83,701906.45,28.224370123919446,23.508838264486247,4974.0,11.660635303578609,3.3000000000000003,8.07,0.579652208674795,99.39999999999999,16.319895002302395,34.28055639428318,15.218902015288393,0,Low,0,,No Major Issue,Continue monitoring,No Major Issue | Continue monitoring
OUT0589,Franchise Outlet 0589,Franchise,Chennai,Tamil Nadu,South,2729262.0700000003,725160.14,26.569824421441506,24.87192118226601,5049.0,12.279659338482869,3.5866666666666664,7.150000000000001,0.610236220472441,99.43333333333334,0.5598419918490101,99.75032041139588,-1.6364699006428989,0,Low,0,,No Major Issue,Continue monitoring,No Major Issue | Continue monitoring
OUT0411,Franchise Outlet 0411,Franchise,Kochi,Kerala,South,2924857.56,728613.5800000001,24.911079088583037,22.88965011010521,3742.0,13.89631213254944,3.8833333333333333,5.423333333333333,2.3231532237013837,97.63333333333333,20.587581276225805,69.08448722371907,16.211180124223603,0,Low,0,,No Major Issue,Continue monitoring,No Major Issue | Continue monitoring
OUT0367,Franchise Outlet 0367,Franchise,Dehradun,Uttarakhand,North,4347286.58,741733.45,17.061986513895754,26.096333572969087,3993.0,14.024542950162784,3.94,4.976666666666667,0.597460791635549,99.40000000000002,-1.743924715647655,-6.068325455370474,2.7534740092640306,0,Low,0,,No Major Issue,Continue monitoring,No Major Issue | Continue monitoring
OUT0235,Franchise Outlet 0235,Franchise,Kolkata,West Bengal,East,3283219.5300000003,744969.0900000001,22.69020037170649,19.420010443025266,4835.0,15.305067218200621,3.4333333333333336,8.34,1.887175324675325,98.10000000000001,0.2601349034964808,18.395865260487106,1.3839379324806038,0,Low,0,,No Major Issue,Continue monitoring,No Major Issue | Continue monitoring
OUT0110,Franchise Outlet 0110,Franchise,Coimbatore,Tamil Nadu,South,4173429.79,789280.75,18.912040928331994,24.563106796116504,6578.0,11.24961994527212,3.276666666666667,8.790000000000001,1.394093839004647,98.56666666666666,8.073613323979425,30.770334089985095,10.83403538331929,0,Low,0,,No Major Issue,Continue monitoring,No Major Issue | Continue monitoring
OUT0132,Franchise Outlet 0132,Company-Owned,Surat,Gujarat,West,3963738.31,809905.13,20.432860765724968,19.498554731682795,6206.0,17.08024492426684,3.356666666666667,6.343333333333334,0.6881100976156185,99.26666666666667,26.345172369637083,27.293611156991947,35.50218340611352,0,Low,0,,No Major Issue,Continue monitoring,No Major Issue | Continue monitoring
OUT0059,Franchise Outlet 0059,Franchise,Ranchi,Jharkhand,East,3605215.2800000003,845759.97,23.459347204364448,27.384872031256858,6238.0,10.58031420327028,3.7166666666666663,6.6066666666666665,0.732017823042648,99.26666666666667,7.144063465844763,22.948479256084912,13.728350045578864,0,Low,0,,No Major Issue,Continue monitoring,No Major Issue | Continue monitoring
OUT0185,Franchise Outlet 0185,Franchise,Jaipur,Rajasthan,North,4113772.42,869100.53,21.126606950221134,22.443799854967367,3095.0,13.5702746365105,3.89,7.916666666666667,2.1498577300031614,97.76666666666667,2.6973239281545984,1.9527212990038183,8.634608634608647,0,Low,0,,No Major Issue,Continue monitoring,No Major Issue | Continue monitoring
OUT0493,Franchise Outlet 0493,Franchise,Indore,Madhya Pradesh,West,4093545.83,873269.74,21.33284385385762,19.58708831722104,5977.0,13.384641124309855,3.6533333333333338,6.673333333333333,2.256745707277187,97.7,9.162693646443671,25.614738086856775,8.475499092558975,0,Low,0,,No Major Issue,Continue monitoring,No Major Issue | Continue monitoring
OUT0048,Franchise Outlet 0048,Franchise,Hyderabad,Telangana,South,5777533.84,877908.23,15.195207060872878,22.571058035231818,4177.0,12.20971989466124,3.8200000000000003,7.12,2.38373451741061,97.53333333333335,15.144642477520796,15.486716961785122,9.003131524008351,0,Low,0,,No Major Issue,Continue monitoring,No Major Issue | Continue monitoring
OUT0280,Franchise Outlet 0280,Franchise,Pune,Maharashtra,West,4209860.51,948797.55,22.537505642912624,24.543213457076565,3385.0,14.771048744460856,3.53,7.863333333333333,1.8556103218324151,98.06666666666666,10.08065921599692,-5.754774541704324,10.188802083333325,0,Low,0,,No Major Issue,Continue monitoring,No Major Issue | Continue monitoring
OUT0099,Franchise Outlet 0099,Franchise,Mumbai,Maharashtra,West,4324823.859999999,981346.79,22.691023305628917,28.381910118743253,9991.0,7.2064858372535285,4.013333333333333,7.09,0.7746548813188996,99.23333333333333,2.968001017903327,45.12420630434274,13.495399295694648,0,Low,0,,No Major Issue,Continue monitoring,No Major Issue | Continue monitoring
OUT0017,Franchise Outlet 0017,Franchise,Bengaluru,Karnataka,South,5255985.19,1001008.57,19.045117781239405,24.766209916654894,8766.0,6.844626967830253,3.4766666666666666,7.463333333333334,0.6122448979591837,99.36666666666667,15.570803962119603,50.715402702236275,10.056497175141244,0,Low,0,,No Major Issue,Continue monitoring,No Major Issue | Continue monitoring
OUT0147,Franchise Outlet 0147,Franchise,Guwahati,Assam,East,4650736.390000001,1009123.29,21.698139936931575,21.51170751745858,3142.0,18.141311266709103,3.6566666666666667,5.4433333333333325,0.8520037866834964,99.13333333333333,8.522520945532055,58.286884788834016,10.168302945301539,0,Low,0,,No Major Issue,Continue monitoring,No Major Issue | Continue monitoring
OUT0369,Franchise Outlet 0369,Franchise,Mumbai,Maharashtra,West,4977052.93,1046452.71,21.02554914962498,31.46564979396027,5116.0,13.291634089132135,3.9433333333333334,9.503333333333334,1.082753286929621,98.90000000000002,12.126983772102035,3.698907511129898,13.085764809902736,0,Low,0,,No Major Issue,Continue monitoring,No Major Issue | Continue monitoring
OUT0680,Franchise Outlet 0680,Franchise,Coimbatore,Tamil Nadu,South,5427533.1,1081195.31,19.920565938142325,32.99753944130844,11399.0,5.4390736029476265,4.043333333333334,5.713333333333334,1.6479723899913719,98.26666666666667,6.540249202198504,-6.853957933955305,3.6272727272727274,0,Low,0,,No Major Issue,Continue monitoring,No Major Issue | Continue monitoring
OUT0034,Franchise Outlet 0034,Franchise,Delhi,Delhi,North,6036292.28,1097869.17,18.18780667128332,24.50899987050546,5678.0,12.504402958788305,3.4800000000000004,7.579999999999999,0.5952380952380952,99.39999999999999,2.2926372794477534,120.66295130222431,1.3566583363084694,0,Low,0,,No Major Issue,Continue monitoring,No Major Issue | Continue monitoring
OUT0542,Franchise Outlet 0542,Franchise,Amritsar,Punjab,North,6039531.0,1113069.3900000001,18.429732209338773,28.97809811152084,10373.0,4.338185674346862,3.643333333333333,8.266666666666667,0.8601739462869159,99.13333333333333,14.176765744638542,82.74693585084356,18.1704260651629,0,Low,0,,No Major Issue,Continue monitoring,No Major Issue | Continue monitoring
OUT0077,Franchise Outlet 0077,Franchise,Bengaluru,Karnataka,South,5270888.84,1125412.2000000002,21.351469062663824,26.29523432865335,5319.0,9.588268471517203,3.94,4.39,0.783435926133184,99.23333333333333,18.89302042514641,78.19820105688413,15.17973148549156,0,Low,0,,No Major Issue,Continue monitoring,No Major Issue | Continue monitoring
OUT0314,Franchise Outlet 0314,Franchise,Nagpur,Maharashtra,West,5008607.58,1142616.92,22.81306534300297,29.201265322261765,10339.0,4.93277879872328,4.0200000000000005,8.200000000000001,0.8629782337712149,99.16666666666667,8.023240071670774,58.85503170658326,12.969842657342667,0,Low,0,,No Major Issue,Continue monitoring,No Major Issue | Continue monitoring
OUT0675,Franchise Outlet 0675,Franchise,Nashik,Maharashtra,West,6328959.9799999995,1146236.56,18.110978164219645,26.655921019493277,5292.0,13.983371126228269,3.0199999999999996,7.59,1.9818484904611966,97.96666666666665,22.60493037584427,-7.76438567564314,16.15452151009657,0,Low,0,,No Major Issue,Continue monitoring,No Major Issue | Continue monitoring
OUT0255,Franchise Outlet 0255,Franchise,Nashik,Maharashtra,West,5151957.32,1153941.66,22.398121496860533,18.77996935093183,3799.0,18.16267438799684,3.1366666666666667,6.41,2.3142195937258934,97.66666666666667,3.530898080890007,28.47237927979107,6.29546726357023,0,Low,0,,No Major Issue,Continue monitoring,No Major Issue | Continue monitoring
OUT0480,Franchise Outlet 0480,Franchise,Siliguri,West Bengal,East,6059325.1,1167725.26,19.271539993785776,29.922586911189192,10475.0,4.486873508353222,3.3666666666666667,8.19,1.5044663845792194,98.46666666666665,0.6678997487705631,58.62385931882657,5.679983857949955,0,Low,0,,No Major Issue,Continue monitoring,No Major Issue | Continue monitoring
OUT0157,Franchise Outlet 0157,Franchise,Dehradun,Uttarakhand,North,4743879.48,1185919.46,24.998937367607827,34.29754826641726,5134.0,8.570315543435918,4.12,5.916666666666667,0.5809450038729667,99.39999999999999,4.213586919609505,19.860535524729457,1.88529470132962,0,Low,0,,No Major Issue,Continue monitoring,No Major Issue | Continue monitoring
OUT0149,Franchise Outlet 0149,Company-Owned,Ranchi,Jharkhand,East,6859206.6,1186845.72,17.30295920813932,27.508784908452004,7437.0,9.412397472098965,3.5100000000000002,6.1066666666666665,0.5748663101604278,99.43333333333334,3.977306095570004,116.5049752269329,3.191341751075337,0,Low,0,,No Major Issue,Continue monitoring,No Major Issue | Continue monitoring
OUT0217,Franchise Outlet 0217,Franchise,Dehradun,Uttarakhand,North,5595342.12,1210892.1300000001,21.6410740224764,31.41409021794222,12396.0,4.194901581155212,3.813333333333334,7.733333333333334,0.48169556840077066,99.53333333333335,3.8578177002329004,125.19015711211546,8.007318985797687,0,Low,0,,No Major Issue,Continue monitoring,No Major Issue | Continue monitoring
OUT0330,Franchise Outlet 0330,Franchise,Siliguri,West Bengal,East,4295218.82,1219429.69,28.39039734883635,26.01151689649947,3433.0,15.147101660355375,3.926666666666667,7.12,2.1937321937321936,97.76666666666667,-2.649272442829408,41.91133576070208,-3.458942632170979,0,Low,0,,No Major Issue,Continue monitoring,No Major Issue | Continue monitoring
OUT0714,Franchise Outlet 0714,Franchise,Visakhapatnam,Andhra Pradesh,South,5833340.12,1235178.35,21.174461365026666,25.193504325390805,4980.0,12.449799196787149,3.883333333333333,7.723333333333334,0.6979062811565304,99.26666666666667,7.564189728346807,-0.802325050506191,4.534005037783375,0,Low,0,,No Major Issue,Continue monitoring,No Major Issue | Continue monitoring
OUT0529,Franchise Outlet 0529,Franchise,Chennai,Tamil Nadu,South,6711897.49,1238968.76,18.459292053341535,19.707770039601254,7216.0,8.176274944567629,3.436666666666667,8.556666666666667,0.6334343156155329,99.33333333333333,9.216947761136364,19.367773792307275,12.75,0,Low,0,,No Major Issue,Continue monitoring,No Major Issue | Continue monitoring
OUT0514,Franchise Outlet 0514,Franchise,Delhi,Delhi,North,6951266.9,1268867.0,18.253751701002876,32.35213954756064,7122.0,8.003369839932603,4.1866666666666665,6.41,0.6833077673964579,99.3,5.818059040124016,4.615007132333602,6.29850746268656,0,Low,0,,No Major Issue,Continue monitoring,No Major Issue | Continue monitoring
OUT0644,Franchise Outlet 0644,Company-Owned,Nagpur,Maharashtra,West,5046931.89,1269855.58,25.160941492317228,23.118153670023155,8885.0,3.1513787281935848,4.06,6.21,1.1129660545353366,98.86666666666667,0.4805895967595325,37.9609488520925,-0.6374412883023932,0,Low,0,,No Major Issue,Continue monitoring,No Major Issue | Continue monitoring
OUT0378,Franchise Outlet 0378,Franchise,Hyderabad,Telangana,South,6378515.33,1276989.13,20.020162434884355,19.50711290613022,7583.0,9.099301068178821,4.06,6.426666666666667,2.381565396498455,97.5,1.8765659880731103,24.376543147890338,2.307069616837561,0,Low,0,,No Major Issue,Continue monitoring,No Major Issue | Continue monitoring
OUT0167,Franchise Outlet 0167,Franchise,Bengaluru,Karnataka,South,6091023.25,1284864.03,21.094387219749983,26.940253470126734,4464.0,14.336917562724015,4.203333333333333,6.896666666666667,0.53475935828877,99.43333333333334,12.49044183482103,63.48862426292548,14.696813977389523,0,Low,0,,No Major Issue,Continue monitoring,No Major Issue | Continue monitoring
OUT0212,Franchise Outlet 0212,Franchise,Amritsar,Punjab,North,6119876.99,1286131.58,21.01564430300747,28.061494963774518,6352.0,6.6120906801007555,3.5966666666666662,6.8999999999999995,0.7034547444114428,99.26666666666667,9.47826230348239,76.56193171939381,10.010391409767928,0,Low,0,,No Major Issue,Continue monitoring,No Major Issue | Continue monitoring
OUT0295,Franchise Outlet 0295,Franchise,Kolkata,West Bengal,East,8181418.34,1332178.49,16.28297728630755,21.843982337623128,5788.0,11.921216309606082,3.0933333333333337,8.636666666666667,1.6315431679129844,98.3,3.3421508526332953,9.669443042042705,1.8655403027103092,0,Low,0,,No Major Issue,Continue monitoring,No Major Issue | Continue monitoring
OUT0207,Franchise Outlet 0207,Franchise,Guwahati,Assam,East,7458606.5600000005,1344115.8800000001,18.02100525329225,23.982330574815478,8578.0,6.295173700163208,4.07,6.73,0.5564572223510317,99.46666666666665,11.384249034974609,9.201665071327815,13.40560549973559,0,Low,0,,No Major Issue,Continue monitoring,No Major Issue | Continue monitoring
OUT0025,Franchise Outlet 0025,Franchise,Kolkata,West Bengal,East,6254663.93,1364914.08,21.822340820796107,27.517447657028914,4140.0,13.52657004830918,3.89,4.3999999999999995,2.2893556761859806,97.7,-3.5922721954617693,-5.035160701267852,2.8315946348733236,0,Low,0,,No Major Issue,Continue monitoring,No Major Issue | Continue monitoring
OUT0490,Franchise Outlet 0490,Franchise,Pune,Maharashtra,West,6442111.78,1405328.44,21.81471678841313,26.04409978510698,5575.0,7.174887892376682,4.046666666666667,6.163333333333334,1.8140190207819655,98.16666666666667,17.483375848222053,70.7490376500509,9.50697308976625,0,Low,0,,No Major Issue,Continue monitoring,No Major Issue | Continue monitoring
OUT0249,Franchise Outlet 0249,Franchise,Mumbai,Maharashtra,West,8138705.48,1406848.57,17.285900975986664,26.571884225170507,7831.0,7.661856723279275,4.136666666666667,6.109999999999999,0.6470438974879472,99.36666666666667,5.9940092138291305,12.509892359468944,4.7345191921893806,0,Low,0,,No Major Issue,Continue monitoring,No Major Issue | Continue monitoring
OUT0375,Franchise Outlet 0375,Franchise,Nashik,Maharashtra,West,7645698.35,1427214.55,18.666895876162837,21.205901600333156,7129.0,10.52040959461355,3.4966666666666666,9.173333333333332,1.7908802865408457,98.16666666666667,8.316967194759252,40.82957999653829,4.362465232030456,0,Low,0,,No Major Issue,Continue monitoring,No Major Issue | Continue monitoring
OUT0573,Franchise Outlet 0573,Franchise,Chandigarh,Chandigarh,North,6187359.899999999,1453993.43,23.49941580091373,23.592160754155298,3804.0,12.618296529968454,4.1866666666666665,4.5633333333333335,1.5273103805332642,98.46666666666665,-5.1078263441662255,27.50639707483218,-0.49699189118492737,0,Low,0,,No Major Issue,Continue monitoring,No Major Issue | Continue monitoring
OUT0520,Franchise Outlet 0520,Franchise,Pune,Maharashtra,West,9377105.37,1463046.22,15.602322489418716,24.216550095376512,10664.0,5.345086271567892,3.4499999999999997,6.136666666666667,2.3443223443223444,97.60000000000001,18.2484575757883,33.967054705288916,15.561335067186818,0,Low,0,,No Major Issue,Continue monitoring,No Major Issue | Continue monitoring
OUT0202,Franchise Outlet 0202,Franchise,Vijayawada,Andhra Pradesh,South,5466496.89,1488439.0899999999,27.22838995340579,37.465005599104146,5353.0,9.900990099009901,3.8533333333333335,6.536666666666666,0.723293768545994,99.26666666666667,2.9847499364570496,76.3067682312597,3.220208252988807,0,Low,0,,No Major Issue,Continue monitoring,No Major Issue | Continue monitoring
OUT0107,Franchise Outlet 0107,Franchise,Bengaluru,Karnataka,South,6098993.4399999995,1539237.09,25.23755936356607,19.433420008211304,4260.0,15.258215962441314,3.5933333333333333,9.253333333333334,0.7918025151374011,99.2,22.510158185049356,44.9423845775527,20.54329371816638,0,Low,0,,No Major Issue,Continue monitoring,No Major Issue | Continue monitoring
OUT0420,Franchise Outlet 0420,Franchise,Siliguri,West Bengal,East,6672505.16,1566247.65,23.47315756890325,19.07214483592805,4888.0,12.07037643207856,3.9233333333333333,5.873333333333334,1.3919709501714748,98.56666666666666,-4.5134430621972195,48.167728864143314,-0.305935141749949,0,Low,0,,No Major Issue,Continue monitoring,No Major Issue | Continue monitoring
OUT0282,Franchise Outlet 0282,Franchise,Surat,Gujarat,West,6186052.75,1588132.41,25.672791264187005,32.22521619250532,10285.0,5.5420515313563445,3.856666666666667,6.8133333333333335,0.8961264212757758,99.10000000000001,35.35756156425583,44.94574525244147,28.85241794036584,0,Low,0,,No Major Issue,Continue monitoring,No Major Issue | Continue monitoring
OUT0379,Franchise Outlet 0379,Franchise,Chennai,Tamil Nadu,South,8252257.13,1589524.06,19.26168846849783,19.30507296733843,5556.0,10.439164866810655,3.5566666666666666,6.34,0.5548594952568463,99.39999999999999,-2.739373111076585,63.30871999781943,1.7768822128594937,0,Low,0,,No Major Issue,Continue monitoring,No Major Issue | Continue monitoring
OUT0031,Franchise Outlet 0031,Franchise,Ludhiana,Punjab,North,8664494.07,1595892.41,18.418760485111623,24.407086044830077,6751.0,9.183824618575027,3.8766666666666665,5.793333333333334,2.1026682134570764,97.89999999999999,5.038479460063741,12.003283096497668,4.456134921862912,0,Low,0,,No Major Issue,Continue monitoring,No Major Issue | Continue monitoring
OUT0672,Franchise Outlet 0672,Franchise,Surat,Gujarat,West,9133179.61,1597644.55,17.492752997551094,23.114914633627112,5429.0,10.31497513354209,3.92,4.99,0.6405563689604685,99.33333333333333,10.560347340490159,13.638732229417224,8.79759519038077,0,Low,0,,No Major Issue,Continue monitoring,No Major Issue | Continue monitoring
OUT0712,Franchise Outlet 0712,Franchise,Vijayawada,Andhra Pradesh,South,9665857.95,1612305.24,16.680415213426556,31.61502927589961,10745.0,5.583992554676594,3.723333333333333,3.11,0.6656189331607655,99.3,28.090615315079585,1.9699579379559498,26.471280602636533,0,Low,0,,No Major Issue,Continue monitoring,No Major Issue | Continue monitoring
OUT0104,Franchise Outlet 0104,Company-Owned,Nagpur,Maharashtra,West,8943203.04,1627667.2000000002,18.20004748544768,19.07870385948383,5670.0,10.405643738977073,3.4766666666666666,8.67,0.8221094979884556,99.2,9.637743029808458,98.09618874335796,6.860158311345642,0,Low,0,,No Major Issue,Continue monitoring,No Major Issue | Continue monitoring
OUT0617,Franchise Outlet 0617,Franchise,Bengaluru,Karnataka,South,6715415.99,1633912.02,24.330764057402792,27.981144895532527,6589.0,8.195477310669297,3.926666666666667,7.585000000000001,0.7232183215308121,99.26666666666667,0.4071075832383894,46.6202447121352,-4.354768471476266,0,Low,0,,No Major Issue,Continue monitoring,No Major Issue | Continue monitoring
OUT0699,Franchise Outlet 0699,Franchise,Mumbai,Maharashtra,West,6102926.01,1702920.42,27.903343694641976,33.866365473784334,11394.0,5.178163945936458,4.243333333333333,7.323333333333333,0.7577737130911941,99.23333333333333,9.537289227432302,42.75493962717945,11.236942302059937,0,Low,0,,No Major Issue,Continue monitoring,No Major Issue | Continue monitoring
OUT0419,Franchise Outlet 0419,Franchise,Ranchi,Jharkhand,East,10590774.33,1737289.85,16.40380387559443,36.30654452733969,7689.0,7.9334113668877615,4.586666666666667,2.4433333333333334,0.6075491209927611,99.39999999999999,10.903969568969384,3.2509426450708077,11.386353759235115,0,Low,0,,No Major Issue,Continue monitoring,No Major Issue | Continue monitoring
OUT0085,Franchise Outlet 0085,Franchise,Kolkata,West Bengal,East,8689921.14,1777543.1400000001,20.455227514297096,25.16693703550006,6671.0,8.694348673362315,4.073333333333333,8.956666666666667,1.911483605352154,98.10000000000001,5.392174163707984,-0.7075766659251329,6.83856502242151,0,Low,0,,No Major Issue,Continue monitoring,No Major Issue | Continue monitoring
OUT0677,Franchise Outlet 0677,Franchise,Bengaluru,Karnataka,South,8181278.220000001,1798170.43,21.979089106200814,19.153363890205995,7271.0,8.389492504469812,3.7433333333333336,6.926666666666667,0.9130553284273644,99.06666666666666,-0.5200404634380748,16.94223745382374,5.239542625560857,0,Low,0,,No Major Issue,Continue monitoring,No Major Issue | Continue monitoring
OUT0660,Franchise Outlet 0660,Franchise,Siliguri,West Bengal,East,11784992.01,1820964.93,15.451558460581424,24.86242190615446,9352.0,7.912745936698032,3.3966666666666665,8.44,2.1961932650073206,97.76666666666667,2.9698317768791322,1.066918683537662,1.519756838905785,0,Low,0,,No Major Issue,Continue monitoring,No Major Issue | Continue monitoring
OUT0287,Franchise Outlet 0287,Company-Owned,Bengaluru,Karnataka,South,7666360.109999999,1827699.71,23.840514713311585,20.852760081147455,5859.0,12.800819252432156,3.16,8.803333333333333,0.5938242280285035,99.43333333333334,11.449238345365362,109.09660288611019,8.319467554076539,0,Low,0,,No Major Issue,Continue monitoring,No Major Issue | Continue monitoring
OUT0475,Franchise Outlet 0475,Company-Owned,Kolkata,West Bengal,East,10063611.44,1883275.47,18.71371407002574,20.043152767334664,6131.0,12.069809166530744,3.3699999999999997,8.053333333333333,2.2169059011164274,97.73333333333333,2.8600313895473772,3.0746530128290246,4.982876712328767,0,Low,0,,No Major Issue,Continue monitoring,No Major Issue | Continue monitoring
OUT0082,Franchise Outlet 0082,Company-Owned,Vijayawada,Andhra Pradesh,South,11783655.9,1984698.13,16.842804532335332,22.1818453343953,8912.0,6.283662477558349,4.046666666666667,8.83,0.9227348526959422,99.10000000000001,16.88368555877809,11.906798751809783,12.76730355561178,0,Low,0,,No Major Issue,Continue monitoring,No Major Issue | Continue monitoring
OUT0194,Franchise Outlet 0194,Franchise,Nagpur,Maharashtra,West,9351033.65,2014742.4700000002,21.545665916836906,26.664001599040578,5336.0,10.869565217391305,3.9400000000000004,6.21,0.928332714444857,99.06666666666666,5.099001138236845,62.152385856627745,5.163579030350817,0,Low,0,,No Major Issue,Continue monitoring,No Major Issue | Continue monitoring
OUT0230,Franchise Outlet 0230,Franchise,Coimbatore,Tamil Nadu,South,9359652.09,2036674.54,21.760152198135817,32.36748647482492,9752.0,5.844954881050041,3.99,4.513333333333334,1.9603900673569918,98.0,16.491513713390397,37.680542941460196,16.109060602452672,0,Low,0,,No Major Issue,Continue monitoring,No Major Issue | Continue monitoring
OUT0294,Franchise Outlet 0294,Franchise,Visakhapatnam,Andhra Pradesh,South,11475849.91,2062428.72,17.971903921493514,38.46287300485774,8868.0,6.427604871447903,4.31,2.893333333333333,0.705408128988915,99.26666666666667,7.114710155195462,0.34706981610977794,5.798138869005011,0,Low,0,,No Major Issue,Continue monitoring,No Major Issue | Continue monitoring
OUT0012,Franchise Outlet 0012,Franchise,Surat,Gujarat,West,10892429.92,2067287.2200000002,18.97911884844149,23.443906990448596,9548.0,4.922496857980729,3.9033333333333338,5.126666666666666,1.0569948186528497,98.93333333333334,22.488932970769454,112.23323283957995,17.528311176760212,0,Low,0,,No Major Issue,Continue monitoring,No Major Issue | Continue monitoring
OUT0370,Franchise Outlet 0370,Franchise,Pune,Maharashtra,West,10791377.83,2113836.91,19.58820220457428,31.756245268735807,7551.0,6.886505098662429,3.973333333333333,4.846666666666667,1.8968429258152526,98.03333333333335,4.444130296051705,53.981840177609975,8.382374049088554,0,Low,0,,No Major Issue,Continue monitoring,No Major Issue | Continue monitoring
OUT0554,Franchise Outlet 0554,Franchise,Nagpur,Maharashtra,West,9910523.06,2158655.91,21.781452875202735,30.952632412736968,11723.0,4.521027040859848,4.273333333333333,6.496666666666667,0.8793438741861842,99.13333333333333,11.973614244388113,14.173274332395486,13.025453143077506,0,Low,0,,No Major Issue,Continue monitoring,No Major Issue | Continue monitoring
OUT0592,Franchise Outlet 0592,Franchise,Vijayawada,Andhra Pradesh,South,11991930.030000001,2188184.18,18.247139322243026,24.63632645907577,8434.0,6.639791320844202,3.4433333333333334,7.946666666666666,0.5424528301886792,99.46666666666665,4.172157924543826,27.54076287798133,5.888261142498436,0,Low,0,,No Major Issue,Continue monitoring,No Major Issue | Continue monitoring
OUT0195,Franchise Outlet 0195,Company-Owned,Nashik,Maharashtra,West,8767833.030000001,2205706.09,25.156798520831313,22.726255983536888,10160.0,4.625984251968504,4.113333333333333,8.403333333333334,2.119460500963391,97.86666666666667,14.36553975133468,70.7437337931013,9.624514458351307,0,Low,0,,No Major Issue,Continue monitoring,No Major Issue | Continue monitoring
OUT0572,Franchise Outlet 0572,Franchise,Amritsar,Punjab,North,9700878.129999999,2227374.0300000003,22.96054027430608,28.843434819492884,6120.0,12.091503267973856,3.7733333333333334,7.366666666666667,0.5039830921801334,99.5,5.793681926305967,28.42236816248646,10.349801658853224,0,Low,0,,No Major Issue,Continue monitoring,No Major Issue | Continue monitoring
OUT0127,Franchise Outlet 0127,Franchise,Dehradun,Uttarakhand,North,11017571.19,2322360.9299999997,21.07870137574305,21.410367796119317,7393.0,7.57473285540376,3.895,9.376666666666667,0.5381407237992736,99.43333333333334,0.9980870357141064,28.22003628460604,8.816602884898455,0,Low,0,,No Major Issue,Continue monitoring,No Major Issue | Continue monitoring
OUT0685,Franchise Outlet 0685,Franchise,Kolkata,West Bengal,East,9974527.79,2333520.2199999997,23.394793910339086,25.32299741602067,10094.0,5.052506439468992,3.703333333333333,7.386666666666667,1.866614816255104,98.16666666666667,-8.490475530458038,58.31817659965138,-4.629629629629634,0,Low,0,,No Major Issue,Continue monitoring,No Major Issue | Continue monitoring
OUT0267,Franchise Outlet 0267,Franchise,Guwahati,Assam,East,10730027.81,2368512.94,22.07368873538828,22.17235188509874,10127.0,5.628517823639775,3.9766666666666666,5.829999999999999,0.7254190765611215,99.26666666666667,-1.6012275197628136,16.45747033295955,5.030076747562742,0,Low,0,,No Major Issue,Continue monitoring,No Major Issue | Continue monitoring
OUT0707,Franchise Outlet 0707,Franchise,Bengaluru,Karnataka,South,12857834.23,2372232.08,18.449701851538023,24.8916394834443,11141.0,2.333722287047841,4.023333333333333,5.1066666666666665,0.6066553662235703,99.39999999999999,9.879137398204024,35.64358183871245,4.866340361445774,0,Low,0,,No Major Issue,Continue monitoring,No Major Issue | Continue monitoring
OUT0100,Franchise Outlet 0100,Franchise,Pune,Maharashtra,West,10374844.620000001,2381978.42,22.95917198998976,21.613204609156025,8328.0,7.564841498559078,3.4933333333333336,9.79,1.5951790145338534,98.39999999999999,17.297432646582187,30.99511677457053,15.250484362026024,0,Low,0,,No Major Issue,Continue monitoring,No Major Issue | Continue monitoring
OUT0079,Franchise Outlet 0079,Franchise,Chennai,Tamil Nadu,South,12142170.4,2415453.93,19.893098601218774,31.759383974179777,12497.0,5.601344322637432,3.9766666666666666,6.3933333333333335,0.7071349118067694,99.26666666666667,-3.5262225709213384,4.307948172397261,2.158096950870607,0,Low,0,,No Major Issue,Continue monitoring,No Major Issue | Continue monitoring
OUT0239,Franchise Outlet 0239,Franchise,Ranchi,Jharkhand,East,10350262.9,2415723.63,23.33973207579104,25.171513146439146,7228.0,8.439402324294411,3.47,5.803333333333334,0.4407713498622589,99.56666666666666,3.2158604527015764,30.543394248953167,8.72442839951866,0,Low,0,,No Major Issue,Continue monitoring,No Major Issue | Continue monitoring
OUT0515,Franchise Outlet 0515,Franchise,Jaipur,Rajasthan,North,14314074.35,2420075.19,16.906962551860715,30.240464638594748,8539.0,7.612132568216419,3.9166666666666665,7.413333333333334,2.299771167048055,97.63333333333333,20.255314518198063,12.201288476781711,22.598707824838492,0,Low,0,,No Major Issue,Continue monitoring,No Major Issue | Continue monitoring
OUT0522,Franchise Outlet 0522,Franchise,Surat,Gujarat,West,14590497.32,2480626.67,17.001659474620293,31.950650591574632,11369.0,3.782214794616941,3.89,5.926666666666667,1.0358635097493036,98.93333333333334,10.84973521362458,20.238005388200378,12.519794140934279,0,Low,0,,No Major Issue,Continue monitoring,No Major Issue | Continue monitoring
OUT0492,Franchise Outlet 0492,Franchise,Surat,Gujarat,West,11056968.61,2507799.3200000003,22.68071302772741,25.25552001248342,9711.0,5.663680362475543,3.8066666666666666,9.186666666666666,0.7359705611775529,99.26666666666667,4.6601087392179075,38.68930814755169,12.175118401293757,0,Low,0,,No Major Issue,Continue monitoring,No Major Issue | Continue monitoring
OUT0702,Franchise Outlet 0702,Franchise,Surat,Gujarat,West,12300189.0,2538626.0,20.638918637754266,31.01069429822131,11193.0,4.109711426784598,3.9499999999999997,6.836666666666666,0.8328165145742891,99.16666666666667,6.171119997368793,47.83625145241108,11.907618476304739,0,Low,0,,No Major Issue,Continue monitoring,No Major Issue | Continue monitoring
OUT0459,Franchise Outlet 0459,Franchise,Mumbai,Maharashtra,West,13308554.8,2565989.02,19.28074880076385,26.56432558743347,8185.0,10.262675626145388,3.1366666666666667,5.553333333333334,0.7156720038816109,99.33333333333333,20.28157473075578,4.159988738657691,17.079101702188527,0,Low,0,,No Major Issue,Continue monitoring,No Major Issue | Continue monitoring
OUT0732,Franchise Outlet 0732,Franchise,Surat,Gujarat,West,12786860.59,2566402.7399999998,20.070624231307114,28.21031984561359,8917.0,5.495121677694292,3.7866666666666666,7.823333333333333,0.8671484157865481,99.13333333333333,6.832267342547077,21.12911166263248,-3.4643282451012185,0,Low,0,,No Major Issue,Continue monitoring,No Major Issue | Continue monitoring
OUT0484,Franchise Outlet 0484,Franchise,Delhi,Delhi,North,14339522.3,2611113.98,18.209211753169768,27.68476742321874,12088.0,3.970880211780278,4.1433333333333335,8.573333333333332,0.9180327868852459,99.06666666666666,0.10133272973803582,-7.765441996154984,3.8666437532222027,0,Low,0,,No Major Issue,Continue monitoring,No Major Issue | Continue monitoring
OUT0192,Franchise Outlet 0192,Franchise,Surat,Gujarat,West,12666553.89,2673130.06,21.10384626485018,31.350449235271256,13713.0,3.937869175235178,4.19,4.1000000000000005,0.8244738555001084,99.16666666666667,6.729675681522922,31.117695322248924,5.744910549043793,0,Low,0,,No Major Issue,Continue monitoring,No Major Issue | Continue monitoring
OUT0044,Franchise Outlet 0044,Franchise,Nagpur,Maharashtra,West,13757721.96,2777476.44,20.18849085681042,26.242062009712363,9835.0,5.287239450940518,3.296666666666667,8.216666666666667,0.6766309836396688,99.3,9.873433365386193,9.780600926202005,14.25418215613383,0,Low,0,,No Major Issue,Continue monitoring,No Major Issue | Continue monitoring
OUT0734,Franchise Outlet 0734,Company-Owned,Nagpur,Maharashtra,West,10965694.72,2825784.55,25.769316237174984,28.46689612184612,10504.0,4.6648895658796645,4.41,6.3,0.5397216172710917,99.46666666666665,11.924903798729531,51.76413125642231,13.019152141166348,0,Low,0,,No Major Issue,Continue monitoring,No Major Issue | Continue monitoring
OUT0359,Franchise Outlet 0359,Franchise,Ranchi,Jharkhand,East,16401471.94,2836426.84,17.293733454998673,32.320661157024794,9777.0,5.216324025774778,3.33,7.636666666666667,0.5897305541433655,99.43333333333334,7.628648445332474,17.854033152968167,10.300090252707587,0,Low,0,,No Major Issue,Continue monitoring,No Major Issue | Continue monitoring
OUT0724,Franchise Outlet 0724,Franchise,Delhi,Delhi,North,11122502.66,2873280.56,25.833039989580907,22.18530472754889,7011.0,7.416916274425902,3.4066666666666667,8.049999999999999,0.6518350573898257,99.36666666666667,12.876644548509098,165.7844680307722,12.78957528957529,0,Low,0,,No Major Issue,Continue monitoring,No Major Issue | Continue monitoring
OUT0254,Franchise Outlet 0254,Franchise,Nagpur,Maharashtra,West,13213474.3,2886227.0,21.84305909612281,23.98792402595859,10091.0,6.4413834109602615,3.563333333333333,6.4433333333333325,0.6986813619366267,99.33333333333333,11.136402129523127,23.674964049881375,7.134515341331352,0,Low,0,,No Major Issue,Continue monitoring,No Major Issue | Continue monitoring
OUT0300,Franchise Outlet 0300,Franchise,Siliguri,West Bengal,East,17737621.77,2920172.32,16.46315587210765,27.967176829432884,10361.0,5.308367918154618,4.136666666666667,8.84,1.3707758210376013,98.63333333333333,3.174557338948187,-6.973542711936032,-0.3462537270366452,0,Low,0,,No Major Issue,Continue monitoring,No Major Issue | Continue monitoring
OUT0646,Franchise Outlet 0646,Franchise,Vadodara,Gujarat,West,13584085.52,2951251.79,21.72580396122241,30.73607707259359,10911.0,4.765832645953625,4.14,3.33,2.1171615681349243,97.86666666666667,-2.7388430466710316,32.13870923557434,0.5529444290848771,0,Low,0,,No Major Issue,Continue monitoring,No Major Issue | Continue monitoring
OUT0275,Franchise Outlet 0275,Company-Owned,Jaipur,Rajasthan,North,17183845.1,3011286.55,17.52393909789142,24.18821742820135,10831.0,4.985689225371619,4.066666666666666,5.803333333333334,2.326629993687438,97.60000000000001,7.497288158782231,37.639396963881566,7.589152677063684,0,Low,0,,No Major Issue,Continue monitoring,No Major Issue | Continue monitoring
OUT0642,Franchise Outlet 0642,Franchise,Surat,Gujarat,West,14685809.13,3014981.3899999997,20.529896332651028,22.16555511965477,9040.0,5.420353982300885,4.173333333333333,7.926666666666667,0.7574925897464047,99.23333333333333,17.049841547874596,4.482465438225992,11.97819893472068,0,Low,0,,No Major Issue,Continue monitoring,No Major Issue | Continue monitoring
OUT0137,Franchise Outlet 0137,Company-Owned,Bengaluru,Karnataka,South,14576946.23,3080693.42,21.134011001973764,30.323779712413184,9300.0,5.806451612903226,3.6,5.9799999999999995,0.8317338451695457,99.13333333333333,14.461437812705771,19.447119832489697,17.453902500631465,0,Low,0,,No Major Issue,Continue monitoring,No Major Issue | Continue monitoring
OUT0516,Franchise Outlet 0516,Franchise,Lucknow,Uttar Pradesh,North,15620465.86,3136823.32,20.081496596286534,24.150100835494094,10059.0,7.157769161944528,3.91,8.516666666666667,2.0545277507302826,97.93333333333334,6.219422549428933,-0.9581088752014166,11.717014660151039,0,Low,0,,No Major Issue,Continue monitoring,No Major Issue | Continue monitoring
OUT0489,Franchise Outlet 0489,Franchise,Mumbai,Maharashtra,West,13476724.01,3194576.64,23.70440054741464,34.24155207333973,16061.0,3.2999190585891287,4.126666666666666,6.506666666666667,0.6618010885700149,99.36666666666667,7.662103841229512,56.1538427998631,12.582363661853371,0,Low,0,,No Major Issue,Continue monitoring,No Major Issue | Continue monitoring
OUT0690,Franchise Outlet 0690,Franchise,Siliguri,West Bengal,East,14631355.79,3255199.48,22.2481055530398,30.398501362397823,10710.0,6.069094304388422,3.546666666666667,7.010000000000001,2.2631867129038143,97.73333333333333,5.411477142421759,121.88235155387024,0.5256241787122164,0,Low,0,,No Major Issue,Continue monitoring,No Major Issue | Continue monitoring
OUT0562,Franchise Outlet 0562,Franchise,Vijayawada,Andhra Pradesh,South,14153847.120000001,3310561.86,23.389837631650213,26.098809391343053,9382.0,6.075463653805159,3.8466666666666662,5.486666666666667,0.5301102629346904,99.46666666666665,3.435884967714224,58.66443761315862,1.9671774807086235,0,Low,0,,No Major Issue,Continue monitoring,No Major Issue | Continue monitoring
OUT0290,Franchise Outlet 0290,Franchise,Coimbatore,Tamil Nadu,South,16904972.630000003,3362288.07,19.889343470649553,32.44243009964342,9735.0,5.033384694401644,3.9299999999999997,5.78,1.6666666666666667,98.26666666666667,6.02383952243301,52.82565261973653,0.5681818181818229,0,Low,0,,No Major Issue,Continue monitoring,No Major Issue | Continue monitoring
OUT0469,Franchise Outlet 0469,Franchise,Chennai,Tamil Nadu,South,14192059.31,3456144.65,24.352664926961893,29.776853158976646,12023.0,4.07552191632704,3.823333333333333,8.03,0.4223952294185854,99.56666666666666,15.613498166862463,51.47715956343758,18.115728460556042,0,Low,0,,No Major Issue,Continue monitoring,No Major Issue | Continue monitoring
OUT0422,Franchise Outlet 0422,Franchise,Amritsar,Punjab,North,19571726.9,3460278.8899999997,17.67998760497726,24.12183672368208,8941.0,5.5922156358349175,3.585,4.746666666666667,0.681441106082377,99.33333333333333,21.39345650082066,23.586359307114833,-16.711690731252908,0,Low,0,,No Major Issue,Continue monitoring,No Major Issue | Continue monitoring
OUT0324,Franchise Outlet 0324,Franchise,Visakhapatnam,Andhra Pradesh,South,18692187.22,3562326.87,19.057838593593974,37.28538638102525,12183.0,4.678650578675204,4.423333333333333,5.53,0.7656593630365724,99.2,5.743266299108033,38.11764803769619,61.321504237288124,0,Low,0,,No Major Issue,Continue monitoring,No Major Issue | Continue monitoring
OUT0535,Franchise Outlet 0535,Company-Owned,Kolkata,West Bengal,East,16885563.8,3663779.7,21.69770428393987,38.784485299118174,17109.0,4.617452802618505,4.04,7.140000000000001,2.3235898606987897,97.63333333333333,11.013305711787066,53.72634678922551,3.5277744160716393,0,Low,0,,No Major Issue,Continue monitoring,No Major Issue | Continue monitoring
OUT0604,Franchise Outlet 0604,Franchise,Delhi,Delhi,North,23505953.5,3747562.24,15.943034346596491,32.22430373423254,12901.0,3.410588326486319,4.266666666666667,5.213333333333334,0.43988269794721413,99.53333333333335,-0.18304014748364786,-0.5902111158012677,1.4149830988129866,0,Low,0,,No Major Issue,Continue monitoring,No Major Issue | Continue monitoring
OUT0354,Franchise Outlet 0354,Franchise,Visakhapatnam,Andhra Pradesh,South,19398626.53,3815788.2,19.67040395410922,27.242524916943523,12054.0,5.143520822963332,3.7600000000000002,7.25,0.47886393659180976,99.5,18.76505638490165,1.587863037529911,18.188057652711056,0,Low,0,,No Major Issue,Continue monitoring,No Major Issue | Continue monitoring
OUT0129,Franchise Outlet 0129,Franchise,Mumbai,Maharashtra,West,17959994.8,4044064.71,22.517070606278793,32.11766979035842,13298.0,3.9103624605203793,3.7733333333333334,5.365,0.8943210612609926,99.06666666666666,-2.941240846898354,27.39446605278469,6.05311428343568,0,Low,0,,No Major Issue,Continue monitoring,No Major Issue | Continue monitoring
OUT0009,Franchise Outlet 0009,Franchise,Mumbai,Maharashtra,West,20580171.43,4247578.96,20.639181624154233,30.086375843797637,16580.0,3.2569360675512664,3.953333333333333,4.170000000000001,0.9853687667960586,99.03333333333335,47.58453879070921,146.47815864607315,40.01013342340821,0,Low,0,,No Major Issue,Continue monitoring,No Major Issue | Continue monitoring
OUT0560,Franchise Outlet 0560,Franchise,Coimbatore,Tamil Nadu,South,20564218.1,4579244.57,22.268021802394713,20.465859665671015,7811.0,7.041351939572397,3.5066666666666664,6.95,1.9786055507571194,97.96666666666665,7.382164753200998,14.201428100496189,-29.344188150158303,0,Low,0,,No Major Issue,Continue monitoring,No Major Issue | Continue monitoring
OUT0579,Franchise Outlet 0579,Franchise,Mumbai,Maharashtra,West,27829427.830000002,5566520.22,20.002280514007964,35.90873567210837,16541.0,3.748261894685932,4.05,6.453333333333333,0.7202448832603084,99.3,16.014322429729503,36.81331110302678,15.37281160633327,0,Low,0,,No Major Issue,Continue monitoring,No Major Issue | Continue monitoring
OUT0595,Franchise Outlet 0595,Franchise,Kolkata,West Bengal,East,25503574.34,5812193.43,22.78972097210747,33.00049034903936,14806.0,4.457652303120357,4.133333333333334,6.640000000000001,1.888542840103373,98.06666666666666,7.0204437712517915,18.827505827644014,5.900865460267506,0,Low,0,,No Major Issue,Continue monitoring,No Major Issue | Continue monitoring
OUT0615,Franchise Outlet 0615,Franchise,Nashik,Maharashtra,West,30640458.02,6334163.99,20.672549952959223,36.15139795342841,17947.0,2.730261325012537,3.973333333333333,7.303333333333334,1.762548579561005,98.23333333333333,3.0933525392929346,9.012249778660431,0.8031902943158737,0,Low,0,,No Major Issue,Continue monitoring,No Major Issue | Continue monitoring
